aaChange	hgvs_pro	type	score	error	LLR	LLR_strength	Filter_CI	Filter_Hypercomplement
S2S	p.Ser2=	synonymous	1.092295	0.835737033	NA	NA	TRUE	FALSE
S2A	p.Ser2Ala	missense	1.105586069	0.052681592	-0.559243267	benign supporting	FALSE	FALSE
S2V	p.Ser2Val	missense	1.323121031	0.054374879	-0.532390769	benign supporting	FALSE	FALSE
S2R	p.Ser2Arg	missense	1.305377047	0.100044402	-0.541388219	benign supporting	FALSE	FALSE
S2D	p.Ser2Asp	missense	1.307263591	0.043381006	-0.540397268	benign supporting	FALSE	FALSE
S2F	p.Ser2Phe	missense	NA	NA	NA	NA	NA	NA
S2T	p.Ser2Thr	missense	0.792414741	0.057325325	-0.284056565	indeterminate	FALSE	FALSE
S2I	p.Ser2Ile	missense	NA	NA	NA	NA	NA	NA
S2L	p.Ser2Leu	missense	1.080984293	0.076962657	-0.553267582	benign supporting	FALSE	FALSE
S2K	p.Ser2Lys	missense	0.64398967	0.123354113	-0.053352532	indeterminate	FALSE	FALSE
S2G	p.Ser2Gly	missense	1.298408627	0.045213219	-0.544881227	benign supporting	FALSE	FALSE
S2Y	p.Ser2Tyr	missense	0.840445869	0.049595058	-0.352800015	benign supporting	FALSE	FALSE
S2N	p.Ser2Asn	missense	NA	NA	NA	NA	NA	NA
S2C	p.Ser2Cys	missense	0.825142527	0.048134665	-0.330484359	benign supporting	FALSE	FALSE
S2P	p.Ser2Pro	missense	1.368935273	0.055059404	-0.504459689	benign supporting	FALSE	FALSE
S2E	p.Ser2Glu	missense	NA	NA	NA	NA	NA	NA
S2M	p.Ser2Met	missense	0.795868195	0.139784466	-0.289219145	indeterminate	FALSE	FALSE
S2W	p.Ser2Trp	missense	1.020993942	0.104924835	-0.522027923	benign supporting	FALSE	FALSE
S2H	p.Ser2His	missense	NA	NA	NA	NA	NA	NA
S2Q	p.Ser2Gln	missense	NA	NA	NA	NA	NA	NA
S2*	p.Ser2*	nonsense	0.290959533	0.446066102	NA	NA	TRUE	FALSE
R3S	p.Arg3Ser	missense	0.805078159	0.107994708	-0.302588659	indeterminate	FALSE	FALSE
R3A	p.Arg3Ala	missense	1.954698261	0.074441387	NA	NA	FALSE	TRUE
R3V	p.Arg3Val	missense	1.051912369	0.101678785	-0.539510674	benign supporting	FALSE	FALSE
R3R	p.Arg3=	synonymous	0.748042082	0.320510293	NA	NA	TRUE	FALSE
R3D	p.Arg3Asp	missense	1.183452497	0.161910293	-0.568175749	benign supporting	FALSE	FALSE
R3F	p.Arg3Phe	missense	0.423021252	0.100145712	NA	NA	TRUE	FALSE
R3T	p.Arg3Thr	missense	1.23273924	0.124229326	-0.564238818	benign supporting	FALSE	FALSE
R3I	p.Arg3Ile	missense	0.370217164	0.122952139	0.407058986	pathogenic supporting	FALSE	FALSE
R3L	p.Arg3Leu	missense	1.302398078	0.058991198	-0.542913374	benign supporting	FALSE	FALSE
R3K	p.Arg3Lys	missense	0.70936447	0.143374124	-0.160492527	indeterminate	FALSE	FALSE
R3G	p.Arg3Gly	missense	1.330144913	0.06630666	-0.528888941	benign supporting	FALSE	FALSE
R3Y	p.Arg3Tyr	missense	0.508361426	0.136218295	NA	NA	TRUE	FALSE
R3N	p.Arg3Asn	missense	0.096224403	0.118018332	0.549427531	pathogenic supporting	FALSE	FALSE
R3C	p.Arg3Cys	missense	1.316569037	0.049851871	-0.535423613	benign supporting	FALSE	FALSE
R3P	p.Arg3Pro	missense	1.12817288	0.049180506	-0.562566658	benign supporting	FALSE	FALSE
R3E	p.Arg3Glu	missense	1.728796595	0.049439208	NA	NA	FALSE	TRUE
R3M	p.Arg3Met	missense	0.768811314	0.077418781	-0.249977056	indeterminate	FALSE	FALSE
R3W	p.Arg3Trp	missense	NA	NA	NA	NA	NA	NA
R3H	p.Arg3His	missense	0.799224352	0.061072193	-0.294156857	indeterminate	FALSE	FALSE
R3Q	p.Arg3Gln	missense	1.191135295	0.068362012	-0.569042567	benign supporting	FALSE	FALSE
R3*	p.Arg3*	nonsense	-0.035547163	0.212191203	NA	NA	FALSE	FALSE
E4S	p.Glu4Ser	missense	0.638767922	0.130426195	-0.044296921	indeterminate	FALSE	FALSE
E4A	p.Glu4Ala	missense	0.820765413	0.095883268	-0.324129955	benign supporting	FALSE	FALSE
E4V	p.Glu4Val	missense	0.829986601	0.351160922	NA	NA	TRUE	FALSE
E4R	p.Glu4Arg	missense	0.474784946	0.164225894	NA	NA	TRUE	FALSE
E4D	p.Glu4Asp	missense	0.664057138	0.678051087	NA	NA	TRUE	FALSE
E4F	p.Glu4Phe	missense	0.630503442	0.127823516	-0.031233031	indeterminate	FALSE	FALSE
E4T	p.Glu4Thr	missense	0.817823531	0.274463768	-0.320201264	benign supporting	FALSE	FALSE
E4I	p.Glu4Ile	missense	1.012495409	1.114680274	NA	NA	TRUE	FALSE
E4L	p.Glu4Leu	missense	0.705030095	0.260536199	NA	NA	TRUE	FALSE
E4K	p.Glu4Lys	missense	0.534101738	0.657212592	NA	NA	TRUE	FALSE
E4G	p.Glu4Gly	missense	0.997005884	0.181603215	-0.506285169	benign supporting	FALSE	FALSE
E4Y	p.Glu4Tyr	missense	1.623026168	0.081508224	NA	NA	FALSE	TRUE
E4N	p.Glu4Asn	missense	NA	NA	NA	NA	NA	NA
E4C	p.Glu4Cys	missense	NA	NA	NA	NA	NA	NA
E4P	p.Glu4Pro	missense	0.664547679	0.382369329	NA	NA	TRUE	FALSE
E4E	p.Glu4=	synonymous	0.541919958	0.31664625	NA	NA	TRUE	FALSE
E4M	p.Glu4Met	missense	1.931725353	0.248771027	NA	NA	FALSE	TRUE
E4W	p.Glu4Trp	missense	0.120482246	0.140119249	0.557038103	pathogenic supporting	FALSE	FALSE
E4H	p.Glu4His	missense	NA	NA	NA	NA	NA	NA
E4Q	p.Glu4Gln	missense	1.540006831	0.12626001	NA	NA	FALSE	TRUE
E4*	p.Glu4*	nonsense	-0.283297662	2.094742294	NA	NA	TRUE	FALSE
S5S	p.Ser5=	synonymous	0.519751614	0.52398829	NA	NA	TRUE	FALSE
S5A	p.Ser5Ala	missense	2.001585979	0.131262463	NA	NA	FALSE	TRUE
S5V	p.Ser5Val	missense	2.054173752	0.124611473	NA	NA	FALSE	TRUE
S5R	p.Ser5Arg	missense	1.543636702	0.39804945	NA	NA	FALSE	TRUE
S5D	p.Ser5Asp	missense	0.898977541	0.546756042	NA	NA	TRUE	FALSE
S5F	p.Ser5Phe	missense	-0.423390468	0.877534953	1.184440526	pathogenic moderate	FALSE	FALSE
S5T	p.Ser5Thr	missense	1.049294802	0.40548229	-0.538147061	benign supporting	FALSE	FALSE
S5I	p.Ser5Ile	missense	2.398568801	0.345207187	NA	NA	FALSE	TRUE
S5L	p.Ser5Leu	missense	0.835725435	0.132302271	-0.346084682	benign supporting	FALSE	FALSE
S5K	p.Ser5Lys	missense	1.531807467	0.096975825	NA	NA	FALSE	TRUE
S5G	p.Ser5Gly	missense	1.775260064	0.075408497	NA	NA	FALSE	TRUE
S5Y	p.Ser5Tyr	missense	NA	NA	NA	NA	NA	NA
S5N	p.Ser5Asn	missense	NA	NA	NA	NA	NA	NA
S5C	p.Ser5Cys	missense	1.259814058	0.397960384	-0.559634558	benign supporting	FALSE	FALSE
S5P	p.Ser5Pro	missense	1.030787567	0.247953257	-0.527896256	benign supporting	FALSE	FALSE
S5E	p.Ser5Glu	missense	NA	NA	NA	NA	NA	NA
S5M	p.Ser5Met	missense	0.865350729	0.510282858	NA	NA	TRUE	FALSE
S5W	p.Ser5Trp	missense	1.704350422	0.07216626	NA	NA	FALSE	TRUE
S5H	p.Ser5His	missense	0.670558028	0.216712141	NA	NA	TRUE	FALSE
S5Q	p.Ser5Gln	missense	0.967710422	0.253449394	-0.484624579	benign supporting	FALSE	FALSE
S5*	p.Ser5*	nonsense	-0.627748296	1.178928448	NA	NA	TRUE	FALSE
D6S	p.Asp6Ser	missense	1.115457461	0.280683445	-0.56091564	benign supporting	FALSE	FALSE
D6A	p.Asp6Ala	missense	1.132144934	0.064609939	-0.562964525	benign supporting	FALSE	FALSE
D6V	p.Asp6Val	missense	0.781226562	0.35204569	NA	NA	TRUE	FALSE
D6R	p.Asp6Arg	missense	-0.270018558	0.157069521	0.776001034	pathogenic moderate	FALSE	FALSE
D6D	p.Asp6=	synonymous	NA	NA	NA	NA	NA	NA
D6F	p.Asp6Phe	missense	-1.257894021	0.459247908	4.173002661	pathogenic very strong	FALSE	FALSE
D6T	p.Asp6Thr	missense	2.175801215	0.129174712	NA	NA	FALSE	TRUE
D6I	p.Asp6Ile	missense	NA	NA	NA	NA	NA	NA
D6L	p.Asp6Leu	missense	0.428799131	0.312689376	NA	NA	TRUE	FALSE
D6K	p.Asp6Lys	missense	0.870051691	0.702875651	NA	NA	TRUE	FALSE
D6G	p.Asp6Gly	missense	0.91166673	0.097797603	-0.439014448	benign supporting	FALSE	FALSE
D6Y	p.Asp6Tyr	missense	0.230733694	0.62040264	NA	NA	TRUE	FALSE
D6N	p.Asp6Asn	missense	0.85702297	0.162314042	-0.374245981	benign supporting	FALSE	FALSE
D6C	p.Asp6Cys	missense	0.19206914	0.222197368	0.586927876	pathogenic supporting	FALSE	FALSE
D6P	p.Asp6Pro	missense	1.219404954	0.254189222	-0.565535159	benign supporting	FALSE	FALSE
D6E	p.Asp6Glu	missense	1.054346852	0.620412477	NA	NA	TRUE	FALSE
D6M	p.Asp6Met	missense	0.886684029	0.255125434	-0.410777082	benign supporting	FALSE	FALSE
D6W	p.Asp6Trp	missense	1.187507022	0.654299591	-0.568700232	benign supporting	FALSE	FALSE
D6H	p.Asp6His	missense	1.570464841	0.08733493	NA	NA	FALSE	TRUE
D6Q	p.Asp6Gln	missense	1.619355798	0.211037846	NA	NA	FALSE	TRUE
D6*	p.Asp6*	nonsense	-0.852858828	0.538999576	NA	NA	FALSE	FALSE
V7S	p.Val7Ser	missense	0.433164804	0.33530376	NA	NA	TRUE	FALSE
V7A	p.Val7Ala	missense	1.127036031	0.138277846	-0.562442377	benign supporting	FALSE	FALSE
V7V	p.Val7=	synonymous	1.306219243	0.692151665	NA	NA	FALSE	FALSE
V7R	p.Val7Arg	missense	0.523395998	0.199570739	NA	NA	TRUE	FALSE
V7D	p.Val7Asp	missense	1.049827224	0.290105255	-0.538426129	benign supporting	FALSE	FALSE
V7F	p.Val7Phe	missense	0.723885342	0.219968511	-0.181958607	indeterminate	FALSE	FALSE
V7T	p.Val7Thr	missense	0.50882051	0.756526716	NA	NA	TRUE	FALSE
V7I	p.Val7Ile	missense	1.521860428	0.436222348	NA	NA	FALSE	TRUE
V7L	p.Val7Leu	missense	0.734870103	0.579906631	NA	NA	TRUE	FALSE
V7K	p.Val7Lys	missense	0.823468748	0.502393864	NA	NA	TRUE	FALSE
V7G	p.Val7Gly	missense	1.265751599	0.093157922	-0.558209362	benign supporting	FALSE	FALSE
V7Y	p.Val7Tyr	missense	0.937425679	0.097862631	-0.461624255	benign supporting	FALSE	FALSE
V7N	p.Val7Asn	missense	NA	NA	NA	NA	NA	NA
V7C	p.Val7Cys	missense	1.450225167	0.701975782	-0.433794553	benign supporting	FALSE	FALSE
V7P	p.Val7Pro	missense	1.122041399	0.803708134	NA	NA	TRUE	FALSE
V7E	p.Val7Glu	missense	NA	NA	NA	NA	NA	NA
V7M	p.Val7Met	missense	NA	NA	NA	NA	NA	NA
V7W	p.Val7Trp	missense	0.284891499	0.568908831	NA	NA	TRUE	FALSE
V7H	p.Val7His	missense	NA	NA	NA	NA	NA	NA
V7Q	p.Val7Gln	missense	NA	NA	NA	NA	NA	NA
V7*	p.Val7*	nonsense	0.343299938	0.245104056	NA	NA	TRUE	FALSE
E8S	p.Glu8Ser	missense	0.687550443	0.097668301	-0.126869006	indeterminate	FALSE	FALSE
E8A	p.Glu8Ala	missense	1.250296913	0.100216842	-0.561598505	benign supporting	FALSE	FALSE
E8V	p.Glu8Val	missense	0.912658117	0.111953383	-0.439941617	benign supporting	FALSE	FALSE
E8R	p.Glu8Arg	missense	1.156253658	0.151877814	-0.565575672	benign supporting	FALSE	FALSE
E8D	p.Glu8Asp	missense	1.017623865	0.507669045	-0.519935341	benign supporting	FALSE	FALSE
E8F	p.Glu8Phe	missense	0.338213966	0.154764797	0.453617182	pathogenic supporting	FALSE	FALSE
E8T	p.Glu8Thr	missense	0.440801966	0.618319473	NA	NA	TRUE	FALSE
E8I	p.Glu8Ile	missense	1.213233735	0.089810967	-0.566575613	benign supporting	FALSE	FALSE
E8L	p.Glu8Leu	missense	1.161418191	0.273271309	-0.566134837	benign supporting	FALSE	FALSE
E8K	p.Glu8Lys	missense	0.842185593	0.577033304	NA	NA	TRUE	FALSE
E8G	p.Glu8Gly	missense	1.181397302	0.134359578	-0.567889891	benign supporting	FALSE	FALSE
E8Y	p.Glu8Tyr	missense	NA	NA	NA	NA	NA	NA
E8N	p.Glu8Asn	missense	1.329777786	0.18248987	-0.529078572	benign supporting	FALSE	FALSE
E8C	p.Glu8Cys	missense	0.387772872	0.105419482	0.38093869	pathogenic supporting	FALSE	FALSE
E8P	p.Glu8Pro	missense	0.55464848	0.292525381	NA	NA	TRUE	FALSE
E8E	p.Glu8=	synonymous	0.980175109	0.915282615	NA	NA	TRUE	FALSE
E8M	p.Glu8Met	missense	0.773697352	0.069389996	-0.257304592	indeterminate	FALSE	FALSE
E8W	p.Glu8Trp	missense	0.544705997	0.084436842	NA	NA	TRUE	FALSE
E8H	p.Glu8His	missense	NA	NA	NA	NA	NA	NA
E8Q	p.Glu8Gln	missense	1.554774746	0.172666917	NA	NA	FALSE	TRUE
E8*	p.Glu8*	nonsense	-0.178142344	0.357367813	NA	NA	FALSE	FALSE
A9S	p.Ala9Ser	missense	0.168171665	0.283435749	0.577460101	pathogenic supporting	FALSE	FALSE
A9A	p.Ala9=	synonymous	0.727000756	0.072805612	NA	NA	FALSE	FALSE
A9V	p.Ala9Val	missense	0.924006912	0.238097169	-0.450222205	benign supporting	FALSE	FALSE
A9R	p.Ala9Arg	missense	1.435834341	0.131761891	-0.448243371	benign supporting	FALSE	FALSE
A9D	p.Ala9Asp	missense	1.193564939	0.11501282	-0.568864601	benign supporting	FALSE	FALSE
A9F	p.Ala9Phe	missense	NA	NA	NA	NA	NA	NA
A9T	p.Ala9Thr	missense	0.692745089	0.360655669	NA	NA	TRUE	FALSE
A9I	p.Ala9Ile	missense	0.681984311	0.714982468	NA	NA	TRUE	FALSE
A9L	p.Ala9Leu	missense	-0.002039962	0.252052802	0.545831147	pathogenic supporting	FALSE	FALSE
A9K	p.Ala9Lys	missense	1.66251846	0.956041281	NA	NA	FALSE	TRUE
A9G	p.Ala9Gly	missense	1.184263249	0.049360206	-0.568284825	benign supporting	FALSE	FALSE
A9Y	p.Ala9Tyr	missense	0.88882222	0.132518384	-0.413327927	benign supporting	FALSE	FALSE
A9N	p.Ala9Asn	missense	1.002319828	0.17073783	-0.509945817	benign supporting	FALSE	FALSE
A9C	p.Ala9Cys	missense	1.002586974	0.39416139	-0.510127185	benign supporting	FALSE	FALSE
A9P	p.Ala9Pro	missense	0.604832825	0.531957293	NA	NA	TRUE	FALSE
A9E	p.Ala9Glu	missense	1.803508217	0.082096517	NA	NA	FALSE	TRUE
A9M	p.Ala9Met	missense	1.212183715	0.444901467	-0.566736947	benign supporting	FALSE	FALSE
A9W	p.Ala9Trp	missense	1.342563321	0.150808483	-0.522027795	benign supporting	FALSE	FALSE
A9H	p.Ala9His	missense	0.739440213	0.130256872	-0.206529792	indeterminate	FALSE	FALSE
A9Q	p.Ala9Gln	missense	0.966284598	0.160356016	-0.483621162	benign supporting	FALSE	FALSE
A9*	p.Ala9*	nonsense	-0.93308269	0.485859466	NA	NA	FALSE	FALSE
Q10S	p.Gln10Ser	missense	1.082172816	0.416263286	-0.553776723	benign supporting	FALSE	FALSE
Q10A	p.Gln10Ala	missense	0.606562575	0.165233539	NA	NA	TRUE	FALSE
Q10V	p.Gln10Val	missense	0.666972083	0.155412839	-0.090482636	indeterminate	FALSE	FALSE
Q10R	p.Gln10Arg	missense	1.19526288	0.116662714	-0.568726833	benign supporting	FALSE	FALSE
Q10D	p.Gln10Asp	missense	1.21250338	0.234520944	-0.566688309	benign supporting	FALSE	FALSE
Q10F	p.Gln10Phe	missense	0.453254561	0.124160622	NA	NA	TRUE	FALSE
Q10T	p.Gln10Thr	missense	0.012505195	0.554568826	NA	NA	TRUE	FALSE
Q10I	p.Gln10Ile	missense	0.984847795	0.140406354	-0.497521356	benign supporting	FALSE	FALSE
Q10L	p.Gln10Leu	missense	0.842558314	0.117291163	-0.355630772	benign supporting	FALSE	FALSE
Q10K	p.Gln10Lys	missense	0.818559201	0.082451928	-0.321188331	benign supporting	FALSE	FALSE
Q10G	p.Gln10Gly	missense	1.235367501	0.156599428	-0.563921805	benign supporting	FALSE	FALSE
Q10Y	p.Gln10Tyr	missense	-0.026860906	0.503046828	0.549743033	pathogenic supporting	FALSE	FALSE
Q10N	p.Gln10Asn	missense	1.192149251	0.553846171	-0.568971032	benign supporting	FALSE	FALSE
Q10C	p.Gln10Cys	missense	0.702440904	0.127839654	-0.150246981	indeterminate	FALSE	FALSE
Q10P	p.Gln10Pro	missense	1.171131034	0.176653819	-0.566937645	benign supporting	FALSE	FALSE
Q10E	p.Gln10Glu	missense	0.965607981	0.105494765	-0.483142361	benign supporting	FALSE	FALSE
Q10M	p.Gln10Met	missense	0.461313188	0.156068089	NA	NA	TRUE	FALSE
Q10W	p.Gln10Trp	missense	1.483440312	0.059707833	NA	NA	FALSE	TRUE
Q10H	p.Gln10His	missense	0.758882683	0.1735287	-0.23564877	indeterminate	FALSE	FALSE
Q10Q	p.Gln10=	synonymous	0.841926069	0.107044472	NA	NA	FALSE	FALSE
Q10*	p.Gln10*	nonsense	0.593199504	0.831446749	NA	NA	TRUE	FALSE
Q11S	p.Gln11Ser	missense	0.678716258	0.20609027	NA	NA	TRUE	FALSE
Q11A	p.Gln11Ala	missense	1.537165281	0.187371647	NA	NA	FALSE	TRUE
Q11V	p.Gln11Val	missense	0.82684639	0.096884452	-0.332927803	benign supporting	FALSE	FALSE
Q11R	p.Gln11Arg	missense	0.904141048	0.173152027	-0.430913845	benign supporting	FALSE	FALSE
Q11D	p.Gln11Asp	missense	0.538335241	0.151645654	NA	NA	TRUE	FALSE
Q11F	p.Gln11Phe	missense	1.668799614	0.1758884	NA	NA	FALSE	TRUE
Q11T	p.Gln11Thr	missense	1.142289579	0.165301364	-0.563721171	benign supporting	FALSE	FALSE
Q11I	p.Gln11Ile	missense	0.759047361	0.106194268	-0.235883576	indeterminate	FALSE	FALSE
Q11L	p.Gln11Leu	missense	1.252401457	0.161735285	-0.561197454	benign supporting	FALSE	FALSE
Q11K	p.Gln11Lys	missense	1.49823067	0.081209673	NA	NA	FALSE	TRUE
Q11G	p.Gln11Gly	missense	1.179948484	0.085934116	-0.567680334	benign supporting	FALSE	FALSE
Q11Y	p.Gln11Tyr	missense	2.219708875	0.108099508	NA	NA	FALSE	TRUE
Q11N	p.Gln11Asn	missense	0.206713354	0.191202073	0.584863292	pathogenic supporting	FALSE	FALSE
Q11C	p.Gln11Cys	missense	1.55096425	0.16050082	NA	NA	FALSE	TRUE
Q11P	p.Gln11Pro	missense	0.786856116	0.12852203	-0.276206168	indeterminate	FALSE	FALSE
Q11E	p.Gln11Glu	missense	1.205427701	0.061180272	-0.567667851	benign supporting	FALSE	FALSE
Q11M	p.Gln11Met	missense	0.345278445	0.225521816	NA	NA	TRUE	FALSE
Q11W	p.Gln11Trp	missense	NA	NA	NA	NA	NA	NA
Q11H	p.Gln11His	missense	0.391025942	0.628506521	NA	NA	TRUE	FALSE
Q11Q	p.Gln11=	synonymous	0.932771148	0.294409735	NA	NA	FALSE	FALSE
Q11*	p.Gln11*	nonsense	-1.291379461	1.966670948	NA	NA	TRUE	FALSE
S12S	p.Ser12=	synonymous	0.746304852	0.48323277	NA	NA	TRUE	FALSE
S12A	p.Ser12Ala	missense	1.137108515	0.084893507	-0.563381665	benign supporting	FALSE	FALSE
S12V	p.Ser12Val	missense	1.130978336	0.150190322	-0.562853551	benign supporting	FALSE	FALSE
S12R	p.Ser12Arg	missense	1.0862026	0.675379353	NA	NA	TRUE	FALSE
S12D	p.Ser12Asp	missense	NA	NA	NA	NA	NA	NA
S12F	p.Ser12Phe	missense	0.922691419	0.075719477	-0.449061273	benign supporting	FALSE	FALSE
S12T	p.Ser12Thr	missense	1.051378586	0.219987434	-0.539234308	benign supporting	FALSE	FALSE
S12I	p.Ser12Ile	missense	0.710978858	0.117093349	-0.162828444	indeterminate	FALSE	FALSE
S12L	p.Ser12Leu	missense	1.292016889	0.125071341	-0.547860503	benign supporting	FALSE	FALSE
S12K	p.Ser12Lys	missense	0.457047359	0.53912366	NA	NA	TRUE	FALSE
S12G	p.Ser12Gly	missense	1.083108819	0.420995881	-0.554174782	benign supporting	FALSE	FALSE
S12Y	p.Ser12Tyr	missense	1.243982974	0.096194074	-0.562691267	benign supporting	FALSE	FALSE
S12N	p.Ser12Asn	missense	1.084338829	0.075909557	-0.554504779	benign supporting	FALSE	FALSE
S12C	p.Ser12Cys	missense	NA	NA	NA	NA	NA	NA
S12P	p.Ser12Pro	missense	0.903606798	1.168213302	NA	NA	TRUE	FALSE
S12E	p.Ser12Glu	missense	1.409273965	1.000860995	NA	NA	TRUE	FALSE
S12M	p.Ser12Met	missense	1.35466789	0.105485241	-0.514456716	benign supporting	FALSE	FALSE
S12W	p.Ser12Trp	missense	1.0891663	0.098685533	-0.555717033	benign supporting	FALSE	FALSE
S12H	p.Ser12His	missense	0.460853537	0.196544281	NA	NA	TRUE	FALSE
S12Q	p.Ser12Gln	missense	1.754700031	0.656611785	NA	NA	FALSE	TRUE
S12*	p.Ser12*	nonsense	-0.019620558	0.800589504	NA	NA	TRUE	FALSE
H13S	p.His13Ser	missense	0.933655149	0.414387585	-0.458499815	benign supporting	FALSE	FALSE
H13A	p.His13Ala	missense	0.895986674	0.304078794	-0.421699926	benign supporting	FALSE	FALSE
H13V	p.His13Val	missense	1.886939991	0.155448743	NA	NA	FALSE	TRUE
H13R	p.His13Arg	missense	0.981126313	0.185952164	-0.494727559	benign supporting	FALSE	FALSE
H13D	p.His13Asp	missense	NA	NA	NA	NA	NA	NA
H13F	p.His13Phe	missense	0.788433308	0.11257948	-0.278394699	indeterminate	FALSE	FALSE
H13T	p.His13Thr	missense	1.083900975	0.117563369	-0.554390893	benign supporting	FALSE	FALSE
H13I	p.His13Ile	missense	0.962530942	0.083131778	-0.480943386	benign supporting	FALSE	FALSE
H13L	p.His13Leu	missense	1.057406034	0.08849441	-0.542304498	benign supporting	FALSE	FALSE
H13K	p.His13Lys	missense	1.302486997	0.425953823	-0.542868545	benign supporting	FALSE	FALSE
H13G	p.His13Gly	missense	1.27814247	0.370344748	-0.553774138	benign supporting	FALSE	FALSE
H13Y	p.His13Tyr	missense	1.192367099	0.143732021	-0.568955152	benign supporting	FALSE	FALSE
H13N	p.His13Asn	missense	0.83456686	0.130666167	-0.344333081	benign supporting	FALSE	FALSE
H13C	p.His13Cys	missense	1.74101584	0.06587465	NA	NA	FALSE	TRUE
H13P	p.His13Pro	missense	1.498605233	0.174816332	NA	NA	FALSE	TRUE
H13E	p.His13Glu	missense	0.709353299	0.229775609	NA	NA	TRUE	FALSE
H13M	p.His13Met	missense	0.846228344	0.13477845	-0.36047884	benign supporting	FALSE	FALSE
H13W	p.His13Trp	missense	1.003594424	0.144744925	-0.51080888	benign supporting	FALSE	FALSE
H13H	p.His13=	synonymous	NA	NA	NA	NA	NA	NA
H13Q	p.His13Gln	missense	NA	NA	NA	NA	NA	NA
H13*	p.His13*	nonsense	0.486597696	1.077455917	NA	NA	TRUE	FALSE
G14S	p.Gly14Ser	missense	1.307315106	0.142098737	-0.540369933	benign supporting	FALSE	FALSE
G14A	p.Gly14Ala	missense	1.797112169	0.498380918	NA	NA	FALSE	TRUE
G14V	p.Gly14Val	missense	-0.673807939	0.599678334	4.760249154	pathogenic very strong	FALSE	FALSE
G14R	p.Gly14Arg	missense	1.455765925	0.125727844	NA	NA	FALSE	FALSE
G14D	p.Gly14Asp	missense	0.115179725	0.884180311	NA	NA	TRUE	FALSE
G14F	p.Gly14Phe	missense	1.122194082	0.112981217	-0.561861532	benign supporting	FALSE	FALSE
G14T	p.Gly14Thr	missense	0.768716378	0.302059411	NA	NA	TRUE	FALSE
G14I	p.Gly14Ile	missense	1.477838565	0.103670541	NA	NA	FALSE	TRUE
G14L	p.Gly14Leu	missense	0.400568071	0.360560495	NA	NA	TRUE	FALSE
G14K	p.Gly14Lys	missense	NA	NA	NA	NA	NA	NA
G14G	p.Gly14=	synonymous	1.097558322	0.079837001	NA	NA	FALSE	FALSE
G14Y	p.Gly14Tyr	missense	0.548786152	0.136760784	NA	NA	TRUE	FALSE
G14N	p.Gly14Asn	missense	0.668403355	0.217500191	NA	NA	TRUE	FALSE
G14C	p.Gly14Cys	missense	1.004922813	0.283347422	-0.511702263	benign supporting	FALSE	FALSE
G14P	p.Gly14Pro	missense	NA	NA	NA	NA	NA	NA
G14E	p.Gly14Glu	missense	NA	NA	NA	NA	NA	NA
G14M	p.Gly14Met	missense	0.588761914	1.147284122	NA	NA	TRUE	FALSE
G14W	p.Gly14Trp	missense	-0.073702809	0.225495106	0.562614017	pathogenic supporting	FALSE	FALSE
G14H	p.Gly14His	missense	NA	NA	NA	NA	NA	NA
G14Q	p.Gly14Gln	missense	NA	NA	NA	NA	NA	NA
G14*	p.Gly14*	nonsense	NA	NA	NA	NA	NA	NA
S15S	p.Ser15=	synonymous	0.786031849	0.111036885	NA	NA	FALSE	FALSE
S15A	p.Ser15Ala	missense	0.941482475	0.494491414	NA	NA	TRUE	FALSE
S15V	p.Ser15Val	missense	0.468905917	0.161658549	NA	NA	TRUE	FALSE
S15R	p.Ser15Arg	missense	1.426209523	0.395728737	-0.457942965	benign supporting	FALSE	FALSE
S15D	p.Ser15Asp	missense	0.821769802	0.169999077	-0.325593369	benign supporting	FALSE	FALSE
S15F	p.Ser15Phe	missense	1.139125584	0.116151433	-0.563525553	benign supporting	FALSE	FALSE
S15T	p.Ser15Thr	missense	0.607107664	0.167161878	NA	NA	TRUE	FALSE
S15I	p.Ser15Ile	missense	0.969292145	0.853059981	NA	NA	TRUE	FALSE
S15L	p.Ser15Leu	missense	0.782811037	0.231578419	-0.27051979	indeterminate	FALSE	FALSE
S15K	p.Ser15Lys	missense	0.503087379	0.707907732	NA	NA	TRUE	FALSE
S15G	p.Ser15Gly	missense	1.061492154	0.251599643	-0.54432318	benign supporting	FALSE	FALSE
S15Y	p.Ser15Tyr	missense	1.019415977	0.30784529	-0.521052842	benign supporting	FALSE	FALSE
S15N	p.Ser15Asn	missense	0.437294603	0.296527191	NA	NA	TRUE	FALSE
S15C	p.Ser15Cys	missense	1.274629324	0.084729202	-0.555528162	benign supporting	FALSE	FALSE
S15P	p.Ser15Pro	missense	0.77163443	0.783913426	NA	NA	TRUE	FALSE
S15E	p.Ser15Glu	missense	NA	NA	NA	NA	NA	NA
S15M	p.Ser15Met	missense	0.784207741	0.12250036	-0.272495287	indeterminate	FALSE	FALSE
S15W	p.Ser15Trp	missense	1.309556744	0.113461218	-0.539166149	benign supporting	FALSE	FALSE
S15H	p.Ser15His	missense	0.533195393	0.264156198	NA	NA	TRUE	FALSE
S15Q	p.Ser15Gln	missense	1.367541699	0.240711477	-0.505358607	benign supporting	FALSE	FALSE
S15*	p.Ser15*	nonsense	-0.130381712	0.191515314	NA	NA	FALSE	FALSE
S16S	p.Ser16=	synonymous	0.533887887	0.987243587	NA	NA	TRUE	FALSE
S16A	p.Ser16Ala	missense	0.553646564	1.000330853	NA	NA	TRUE	FALSE
S16V	p.Ser16Val	missense	1.167049776	0.177247493	-0.566640255	benign supporting	FALSE	FALSE
S16R	p.Ser16Arg	missense	0.881216285	0.074200213	-0.404140804	benign supporting	FALSE	FALSE
S16D	p.Ser16Asp	missense	0.507852484	0.312820941	NA	NA	TRUE	FALSE
S16F	p.Ser16Phe	missense	0.568101287	0.169849168	NA	NA	TRUE	FALSE
S16T	p.Ser16Thr	missense	0.632539518	0.51747392	NA	NA	TRUE	FALSE
S16I	p.Ser16Ile	missense	1.199229383	0.191053233	-0.568361667	benign supporting	FALSE	FALSE
S16L	p.Ser16Leu	missense	1.05704036	0.553006123	-0.542121383	benign supporting	FALSE	FALSE
S16K	p.Ser16Lys	missense	0.002285444	0.325911674	0.545340838	pathogenic supporting	FALSE	FALSE
S16G	p.Ser16Gly	missense	1.120133722	0.08055152	-0.561589184	benign supporting	FALSE	FALSE
S16Y	p.Ser16Tyr	missense	3.013581877	0.110773817	NA	NA	FALSE	TRUE
S16N	p.Ser16Asn	missense	1.201943742	0.826247338	NA	NA	TRUE	FALSE
S16C	p.Ser16Cys	missense	1.870660698	0.151514981	NA	NA	FALSE	TRUE
S16P	p.Ser16Pro	missense	1.092161426	0.188768894	-0.556429149	benign supporting	FALSE	FALSE
S16E	p.Ser16Glu	missense	0.63861732	0.375783244	NA	NA	TRUE	FALSE
S16M	p.Ser16Met	missense	0.971769458	0.082990387	-0.487464062	benign supporting	FALSE	FALSE
S16W	p.Ser16Trp	missense	1.353871536	0.051295957	-0.514983119	benign supporting	FALSE	FALSE
S16H	p.Ser16His	missense	0.298403699	0.353794793	NA	NA	TRUE	FALSE
S16Q	p.Ser16Gln	missense	0.957511427	0.564539606	NA	NA	TRUE	FALSE
S16*	p.Ser16*	nonsense	-0.530215469	0.356581932	NA	NA	FALSE	FALSE
A17S	p.Ala17Ser	missense	0.530669535	0.358892511	NA	NA	TRUE	FALSE
A17A	p.Ala17=	synonymous	1.277443069	0.185722552	NA	NA	FALSE	FALSE
A17V	p.Ala17Val	missense	0.812875815	0.452024803	NA	NA	TRUE	FALSE
A17R	p.Ala17Arg	missense	1.339440092	0.445773048	-0.523836788	benign supporting	FALSE	FALSE
A17D	p.Ala17Asp	missense	0.518847192	1.133188426	NA	NA	TRUE	FALSE
A17F	p.Ala17Phe	missense	0.448499241	0.596833238	NA	NA	TRUE	FALSE
A17T	p.Ala17Thr	missense	0.940819764	0.648899287	NA	NA	TRUE	FALSE
A17I	p.Ala17Ile	missense	0.62860726	0.609635476	NA	NA	TRUE	FALSE
A17L	p.Ala17Leu	missense	0.491518218	0.336224721	NA	NA	TRUE	FALSE
A17K	p.Ala17Lys	missense	0.653085348	0.155302344	NA	NA	TRUE	FALSE
A17G	p.Ala17Gly	missense	0.561535859	0.518730326	NA	NA	TRUE	FALSE
A17Y	p.Ala17Tyr	missense	0.851439771	0.233882463	-0.367214983	benign supporting	FALSE	FALSE
A17N	p.Ala17Asn	missense	0.579807481	0.634498369	NA	NA	TRUE	FALSE
A17C	p.Ala17Cys	missense	0.652259201	0.166989213	NA	NA	TRUE	FALSE
A17P	p.Ala17Pro	missense	1.083727704	0.850214253	NA	NA	TRUE	FALSE
A17E	p.Ala17Glu	missense	1.97308572	0.189876921	NA	NA	FALSE	TRUE
A17M	p.Ala17Met	missense	1.018132616	0.28511356	-0.520253676	benign supporting	FALSE	FALSE
A17W	p.Ala17Trp	missense	NA	NA	NA	NA	NA	NA
A17H	p.Ala17His	missense	1.47401261	0.247445984	NA	NA	FALSE	TRUE
A17Q	p.Ala17Gln	missense	NA	NA	NA	NA	NA	NA
A17*	p.Ala17*	nonsense	-1.069862892	0.648994565	NA	NA	FALSE	FALSE
C18S	p.Cys18Ser	missense	1.303580084	0.097466218	-0.54231398	benign supporting	FALSE	FALSE
C18A	p.Cys18Ala	missense	1.060258146	0.071751474	-0.543718845	benign supporting	FALSE	FALSE
C18V	p.Cys18Val	missense	NA	NA	NA	NA	NA	NA
C18R	p.Cys18Arg	missense	0.470557865	0.177619488	NA	NA	TRUE	FALSE
C18D	p.Cys18Asp	missense	1.381303398	0.057346917	-0.496469802	benign supporting	FALSE	FALSE
C18F	p.Cys18Phe	missense	1.29873961	0.228942855	-0.544721174	benign supporting	FALSE	FALSE
C18T	p.Cys18Thr	missense	1.15729346	0.145009261	-0.565695553	benign supporting	FALSE	FALSE
C18I	p.Cys18Ile	missense	0.994325139	0.171633234	-0.504399785	benign supporting	FALSE	FALSE
C18L	p.Cys18Leu	missense	1.004747978	0.106413533	-0.511585037	benign supporting	FALSE	FALSE
C18K	p.Cys18Lys	missense	NA	NA	NA	NA	NA	NA
C18G	p.Cys18Gly	missense	1.018013356	0.23945002	-0.520179131	benign supporting	FALSE	FALSE
C18Y	p.Cys18Tyr	missense	0.761455603	0.169098786	-0.239296083	indeterminate	FALSE	FALSE
C18N	p.Cys18Asn	missense	1.449264688	0.379709143	-0.434659214	benign supporting	FALSE	FALSE
C18C	p.Cys18=	synonymous	1.651401395	1.135583082	NA	NA	FALSE	TRUE
C18P	p.Cys18Pro	missense	1.155955242	0.32614813	-0.565540591	benign supporting	FALSE	FALSE
C18E	p.Cys18Glu	missense	0.880962703	0.309919122	-0.403828998	benign supporting	FALSE	FALSE
C18M	p.Cys18Met	missense	0.935078378	0.134535683	-0.459686322	benign supporting	FALSE	FALSE
C18W	p.Cys18Trp	missense	0.919510874	0.043790567	-0.446221543	benign supporting	FALSE	FALSE
C18H	p.Cys18His	missense	1.07588402	0.398595241	-0.5510357	benign supporting	FALSE	FALSE
C18Q	p.Cys18Gln	missense	NA	NA	NA	NA	NA	NA
C18*	p.Cys18*	nonsense	0.21220223	0.321960292	NA	NA	TRUE	FALSE
S19S	p.Ser19=	synonymous	0.39585797	0.694575526	NA	NA	TRUE	FALSE
S19A	p.Ser19Ala	missense	1.035102433	1.068107644	NA	NA	TRUE	FALSE
S19V	p.Ser19Val	missense	1.536422637	0.143732541	NA	NA	FALSE	TRUE
S19R	p.Ser19Arg	missense	0.439953513	0.664688105	NA	NA	TRUE	FALSE
S19D	p.Ser19Asp	missense	1.032820657	0.148390968	-0.529075395	benign supporting	FALSE	FALSE
S19F	p.Ser19Phe	missense	-0.542486661	0.630701536	4.828550127	pathogenic very strong	FALSE	FALSE
S19T	p.Ser19Thr	missense	1.18374508	0.53149152	-0.568215353	benign supporting	FALSE	FALSE
S19I	p.Ser19Ile	missense	-0.578850501	0.815375935	4.812653056	pathogenic very strong	FALSE	FALSE
S19L	p.Ser19Leu	missense	0.775814556	0.717583578	NA	NA	TRUE	FALSE
S19K	p.Ser19Lys	missense	0.486975381	0.650735639	NA	NA	TRUE	FALSE
S19G	p.Ser19Gly	missense	1.167357085	0.280405495	-0.566664674	benign supporting	FALSE	FALSE
S19Y	p.Ser19Tyr	missense	0.023890497	0.478223017	NA	NA	TRUE	FALSE
S19N	p.Ser19Asn	missense	0.395720312	0.864022688	NA	NA	TRUE	FALSE
S19C	p.Ser19Cys	missense	0.548596426	0.865890832	NA	NA	TRUE	FALSE
S19P	p.Ser19Pro	missense	0.621282585	0.350999954	NA	NA	TRUE	FALSE
S19E	p.Ser19Glu	missense	NA	NA	NA	NA	NA	NA
S19M	p.Ser19Met	missense	NA	NA	NA	NA	NA	NA
S19W	p.Ser19Trp	missense	0.581013847	0.135868794	NA	NA	TRUE	FALSE
S19H	p.Ser19His	missense	1.097108049	0.083682323	-0.557538055	benign supporting	FALSE	FALSE
S19Q	p.Ser19Gln	missense	1.800362966	1.418638005	NA	NA	TRUE	TRUE
S19*	p.Ser19*	nonsense	-1.154121046	0.985068075	NA	NA	FALSE	FALSE
Q20S	p.Gln20Ser	missense	0.703342426	0.510406476	NA	NA	TRUE	FALSE
Q20A	p.Gln20Ala	missense	0.941041904	0.961806803	NA	NA	TRUE	FALSE
Q20V	p.Gln20Val	missense	1.31350404	0.162337844	-0.536977469	benign supporting	FALSE	FALSE
Q20R	p.Gln20Arg	missense	0.865767552	0.29097678	-0.384890899	benign supporting	FALSE	FALSE
Q20D	p.Gln20Asp	missense	-0.409005418	0.448636231	1.13151752	pathogenic moderate	FALSE	FALSE
Q20F	p.Gln20Phe	missense	0.145191247	0.713122921	NA	NA	TRUE	FALSE
Q20T	p.Gln20Thr	missense	0.860367928	0.119729846	-0.378369607	benign supporting	FALSE	FALSE
Q20I	p.Gln20Ile	missense	0.375294713	0.140924428	NA	NA	TRUE	FALSE
Q20L	p.Gln20Leu	missense	1.113884523	0.315215061	-0.560671866	benign supporting	FALSE	FALSE
Q20K	p.Gln20Lys	missense	0.83930516	0.864589254	NA	NA	TRUE	FALSE
Q20G	p.Gln20Gly	missense	0.894819082	0.361742461	-0.420353581	benign supporting	FALSE	FALSE
Q20Y	p.Gln20Tyr	missense	NA	NA	NA	NA	NA	NA
Q20N	p.Gln20Asn	missense	0.154318569	0.195205092	0.570739821	pathogenic supporting	FALSE	FALSE
Q20C	p.Gln20Cys	missense	-0.225262854	0.42496034	0.69305392	pathogenic moderate	FALSE	FALSE
Q20P	p.Gln20Pro	missense	0.965944123	0.502233983	NA	NA	TRUE	FALSE
Q20E	p.Gln20Glu	missense	0.988797556	0.096673482	-0.500428809	benign supporting	FALSE	FALSE
Q20M	p.Gln20Met	missense	2.034378286	0.120362754	NA	NA	FALSE	TRUE
Q20W	p.Gln20Trp	missense	0.609474799	0.125576999	NA	NA	TRUE	FALSE
Q20H	p.Gln20His	missense	0.178180803	1.156678104	NA	NA	TRUE	FALSE
Q20Q	p.Gln20=	synonymous	0.727520232	0.257951048	NA	NA	TRUE	FALSE
Q20*	p.Gln20*	nonsense	0.074979609	1.045201533	NA	NA	TRUE	FALSE
P21S	p.Pro21Ser	missense	1.34591901	0.137833637	-0.52001945	benign supporting	FALSE	FALSE
P21A	p.Pro21Ala	missense	0.315154934	0.778858524	NA	NA	TRUE	FALSE
P21V	p.Pro21Val	missense	0.579827193	0.411125833	NA	NA	TRUE	FALSE
P21R	p.Pro21Arg	missense	0.662101959	0.44157627	NA	NA	TRUE	FALSE
P21D	p.Pro21Asp	missense	0.507157889	0.198020865	NA	NA	TRUE	FALSE
P21F	p.Pro21Phe	missense	0.75864785	0.166968837	-0.235313609	indeterminate	FALSE	FALSE
P21T	p.Pro21Thr	missense	0.945512227	0.596278207	NA	NA	TRUE	FALSE
P21I	p.Pro21Ile	missense	1.049449071	0.102711773	-0.53822801	benign supporting	FALSE	FALSE
P21L	p.Pro21Leu	missense	0.934640752	0.15158021	-0.459322413	benign supporting	FALSE	FALSE
P21K	p.Pro21Lys	missense	NA	NA	NA	NA	NA	NA
P21G	p.Pro21Gly	missense	1.421903603	0.196496922	-0.462389617	benign supporting	FALSE	FALSE
P21Y	p.Pro21Tyr	missense	0.926002563	0.782800286	NA	NA	TRUE	FALSE
P21N	p.Pro21Asn	missense	0.436362298	0.196399781	NA	NA	TRUE	FALSE
P21C	p.Pro21Cys	missense	1.30505251	1.013054965	NA	NA	TRUE	FALSE
P21P	p.Pro21=	synonymous	1.397892362	0.134327804	NA	NA	FALSE	FALSE
P21E	p.Pro21Glu	missense	NA	NA	NA	NA	NA	NA
P21M	p.Pro21Met	missense	0.764846533	0.262808663	-0.244034668	indeterminate	FALSE	FALSE
P21W	p.Pro21Trp	missense	0.744280614	1.143469716	NA	NA	TRUE	FALSE
P21H	p.Pro21His	missense	0.455626459	1.086084117	NA	NA	TRUE	FALSE
P21Q	p.Pro21Gln	missense	0.992319434	1.147811509	NA	NA	TRUE	FALSE
P21*	p.Pro21*	nonsense	-0.187300462	0.226463276	NA	NA	FALSE	FALSE
H22S	p.His22Ser	missense	0.85435372	0.140796302	-0.370908022	benign supporting	FALSE	FALSE
H22A	p.His22Ala	missense	0.891805247	0.171689435	-0.416846105	benign supporting	FALSE	FALSE
H22V	p.His22Val	missense	0.647263559	0.153637153	NA	NA	TRUE	FALSE
H22R	p.His22Arg	missense	0.969296426	0.125019962	-0.485731922	benign supporting	FALSE	FALSE
H22D	p.His22Asp	missense	1.239841868	0.156377001	-0.563319702	benign supporting	FALSE	FALSE
H22F	p.His22Phe	missense	NA	NA	NA	NA	NA	NA
H22T	p.His22Thr	missense	0.856962868	0.462599751	NA	NA	TRUE	FALSE
H22I	p.His22Ile	missense	1.240460186	0.10115338	-0.563230246	benign supporting	FALSE	FALSE
H22L	p.His22Leu	missense	0.864241413	0.155646683	-0.383064372	benign supporting	FALSE	FALSE
H22K	p.His22Lys	missense	1.009970663	0.128974635	-0.515040817	benign supporting	FALSE	FALSE
H22G	p.His22Gly	missense	1.003491277	0.211143434	-0.51073925	benign supporting	FALSE	FALSE
H22Y	p.His22Tyr	missense	NA	NA	NA	NA	NA	NA
H22N	p.His22Asn	missense	0.877608421	0.286374888	-0.399670155	benign supporting	FALSE	FALSE
H22C	p.His22Cys	missense	1.225041921	0.298111192	-0.565014173	benign supporting	FALSE	FALSE
H22P	p.His22Pro	missense	1.158891213	0.225235769	-0.5658726	benign supporting	FALSE	FALSE
H22E	p.His22Glu	missense	0.738688083	0.109416295	-0.205344188	indeterminate	FALSE	FALSE
H22M	p.His22Met	missense	1.2447987	0.104891626	-0.5625593	benign supporting	FALSE	FALSE
H22W	p.His22Trp	missense	NA	NA	NA	NA	NA	NA
H22H	p.His22=	synonymous	NA	NA	NA	NA	NA	NA
H22Q	p.His22Gln	missense	0.907300861	0.087842796	-0.434397966	benign supporting	FALSE	FALSE
H22*	p.His22*	nonsense	-0.627148322	0.288907422	NA	NA	FALSE	FALSE
G23S	p.Gly23Ser	missense	0.750753628	0.569864492	NA	NA	TRUE	FALSE
G23A	p.Gly23Ala	missense	0.585714918	0.312978517	NA	NA	TRUE	FALSE
G23V	p.Gly23Val	missense	0.808693766	0.362492086	NA	NA	TRUE	FALSE
G23R	p.Gly23Arg	missense	0.348323794	0.881775397	NA	NA	TRUE	FALSE
G23D	p.Gly23Asp	missense	0.837050667	0.226669172	-0.348077297	benign supporting	FALSE	FALSE
G23F	p.Gly23Phe	missense	-0.074769055	0.17047271	0.562998032	pathogenic supporting	FALSE	FALSE
G23T	p.Gly23Thr	missense	0.377746582	0.191548022	NA	NA	TRUE	FALSE
G23I	p.Gly23Ile	missense	NA	NA	NA	NA	NA	NA
G23L	p.Gly23Leu	missense	0.731527632	0.625692433	NA	NA	TRUE	FALSE
G23K	p.Gly23Lys	missense	0.101818597	0.180921638	0.55102531	pathogenic supporting	FALSE	FALSE
G23G	p.Gly23=	synonymous	1.067444859	0.35478938	NA	NA	FALSE	FALSE
G23Y	p.Gly23Tyr	missense	-0.196125234	0.615546122	0.653650939	pathogenic moderate	FALSE	FALSE
G23N	p.Gly23Asn	missense	NA	NA	NA	NA	NA	NA
G23C	p.Gly23Cys	missense	0.434104504	1.192334407	NA	NA	TRUE	FALSE
G23P	p.Gly23Pro	missense	NA	NA	NA	NA	NA	NA
G23E	p.Gly23Glu	missense	1.291484208	0.1410983	-0.548099346	benign supporting	FALSE	FALSE
G23M	p.Gly23Met	missense	1.532285472	1.116432725	NA	NA	TRUE	TRUE
G23W	p.Gly23Trp	missense	0.477110223	0.890173455	NA	NA	TRUE	FALSE
G23H	p.Gly23His	missense	1.13394985	0.144537838	-0.563126544	benign supporting	FALSE	FALSE
G23Q	p.Gly23Gln	missense	NA	NA	NA	NA	NA	NA
G23*	p.Gly23*	nonsense	NA	NA	NA	NA	NA	NA
S24S	p.Ser24=	synonymous	1.097283703	0.351996914	NA	NA	FALSE	FALSE
S24A	p.Ser24Ala	missense	1.421274552	0.399876241	-0.463024163	benign supporting	FALSE	FALSE
S24V	p.Ser24Val	missense	-0.037095725	0.492470615	0.551919462	pathogenic supporting	FALSE	FALSE
S24R	p.Ser24Arg	missense	0.63504036	0.301876169	NA	NA	TRUE	FALSE
S24D	p.Ser24Asp	missense	1.34299521	0.098675685	-0.521773103	benign supporting	FALSE	FALSE
S24F	p.Ser24Phe	missense	1.098683723	0.561116652	-0.557873672	benign supporting	FALSE	FALSE
S24T	p.Ser24Thr	missense	NA	NA	NA	NA	NA	NA
S24I	p.Ser24Ile	missense	-0.692882568	0.489799423	4.747481013	pathogenic very strong	FALSE	FALSE
S24L	p.Ser24Leu	missense	1.235669812	0.120720274	-0.563883611	benign supporting	FALSE	FALSE
S24K	p.Ser24Lys	missense	0.501764024	0.219645381	NA	NA	TRUE	FALSE
S24G	p.Ser24Gly	missense	1.061404108	0.177731249	-0.544280212	benign supporting	FALSE	FALSE
S24Y	p.Ser24Tyr	missense	0.993583326	0.148554364	-0.503873428	benign supporting	FALSE	FALSE
S24N	p.Ser24Asn	missense	0.774900801	0.344603349	NA	NA	TRUE	FALSE
S24C	p.Ser24Cys	missense	0.982487051	0.712160472	NA	NA	TRUE	FALSE
S24P	p.Ser24Pro	missense	0.685687675	0.293674195	NA	NA	TRUE	FALSE
S24E	p.Ser24Glu	missense	1.175239968	0.193397413	-0.567177807	benign supporting	FALSE	FALSE
S24M	p.Ser24Met	missense	1.661741877	0.339739687	NA	NA	FALSE	TRUE
S24W	p.Ser24Trp	missense	NA	NA	NA	NA	NA	NA
S24H	p.Ser24His	missense	NA	NA	NA	NA	NA	NA
S24Q	p.Ser24Gln	missense	1.84262162	1.073304674	NA	NA	FALSE	TRUE
S24*	p.Ser24*	nonsense	-0.861989905	0.506048117	NA	NA	FALSE	FALSE
V25S	p.Val25Ser	missense	1.035859009	0.088901885	-0.530812866	benign supporting	FALSE	FALSE
V25A	p.Val25Ala	missense	1.037465516	0.100935325	-0.531719656	benign supporting	FALSE	FALSE
V25V	p.Val25=	synonymous	1.038386313	0.4099833	NA	NA	FALSE	FALSE
V25R	p.Val25Arg	missense	1.257061444	0.115471705	-0.560242563	benign supporting	FALSE	FALSE
V25D	p.Val25Asp	missense	1.30866896	0.131545144	-0.539646256	benign supporting	FALSE	FALSE
V25F	p.Val25Phe	missense	1.07893571	0.068440645	-0.552380295	benign supporting	FALSE	FALSE
V25T	p.Val25Thr	missense	0.840607966	0.147814592	-0.353018288	benign supporting	FALSE	FALSE
V25I	p.Val25Ile	missense	0.953084748	0.088676601	-0.473967853	benign supporting	FALSE	FALSE
V25L	p.Val25Leu	missense	1.068264866	0.076600826	-0.547558749	benign supporting	FALSE	FALSE
V25K	p.Val25Lys	missense	1.116284931	0.069797038	-0.561040409	benign supporting	FALSE	FALSE
V25G	p.Val25Gly	missense	1.240937233	0.153748613	-0.563160183	benign supporting	FALSE	FALSE
V25Y	p.Val25Tyr	missense	0.485400186	0.162568203	NA	NA	TRUE	FALSE
V25N	p.Val25Asn	missense	1.192996942	0.096103736	-0.568908222	benign supporting	FALSE	FALSE
V25C	p.Val25Cys	missense	NA	NA	NA	NA	NA	NA
V25P	p.Val25Pro	missense	1.162600344	0.088238802	-0.566250004	benign supporting	FALSE	FALSE
V25E	p.Val25Glu	missense	1.064695157	0.057801139	-0.545870461	benign supporting	FALSE	FALSE
V25M	p.Val25Met	missense	0.674795667	0.14759843	-0.104289698	indeterminate	FALSE	FALSE
V25W	p.Val25Trp	missense	1.660577989	0.062373755	NA	NA	FALSE	TRUE
V25H	p.Val25His	missense	1.149694208	0.126574567	-0.564735313	benign supporting	FALSE	FALSE
V25Q	p.Val25Gln	missense	1.329197943	0.082890143	-0.529376575	benign supporting	FALSE	FALSE
V25*	p.Val25*	nonsense	-0.164905799	0.103706535	NA	NA	FALSE	FALSE
T26S	p.Thr26Ser	missense	0.963932611	0.772672418	NA	NA	TRUE	FALSE
T26A	p.Thr26Ala	missense	0.761702779	0.736151218	NA	NA	TRUE	FALSE
T26V	p.Thr26Val	missense	0.778927644	0.672567551	NA	NA	TRUE	FALSE
T26R	p.Thr26Arg	missense	1.501359424	0.38006179	NA	NA	FALSE	TRUE
T26D	p.Thr26Asp	missense	1.025174068	0.123832312	-0.524571086	benign supporting	FALSE	FALSE
T26F	p.Thr26Phe	missense	1.346615078	0.08779735	-0.519594327	benign supporting	FALSE	FALSE
T26T	p.Thr26=	synonymous	1.317812883	0.092887621	NA	NA	FALSE	FALSE
T26I	p.Thr26Ile	missense	0.664350499	0.433127893	NA	NA	TRUE	FALSE
T26L	p.Thr26Leu	missense	1.168273811	0.225762756	-0.566735563	benign supporting	FALSE	FALSE
T26K	p.Thr26Lys	missense	0.712660882	0.361998673	NA	NA	TRUE	FALSE
T26G	p.Thr26Gly	missense	0.192318286	0.323305761	NA	NA	TRUE	FALSE
T26Y	p.Thr26Tyr	missense	2.745388623	0.128638535	NA	NA	FALSE	TRUE
T26N	p.Thr26Asn	missense	0.329735228	0.447460365	NA	NA	TRUE	FALSE
T26C	p.Thr26Cys	missense	1.490660736	0.265500786	NA	NA	FALSE	TRUE
T26P	p.Thr26Pro	missense	1.574996735	0.675285307	NA	NA	FALSE	TRUE
T26E	p.Thr26Glu	missense	NA	NA	NA	NA	NA	NA
T26M	p.Thr26Met	missense	1.720813516	0.572043501	NA	NA	FALSE	TRUE
T26W	p.Thr26Trp	missense	0.726745287	0.111808017	-0.186288234	indeterminate	FALSE	FALSE
T26H	p.Thr26His	missense	0.756033347	0.404999157	NA	NA	TRUE	FALSE
T26Q	p.Thr26Gln	missense	0.682255982	1.151285185	NA	NA	TRUE	FALSE
T26*	p.Thr26*	nonsense	-0.29236651	0.467840285	NA	NA	FALSE	FALSE
Q27S	p.Gln27Ser	missense	1.282949176	0.144162378	-0.551733681	benign supporting	FALSE	FALSE
Q27A	p.Gln27Ala	missense	0.401448935	0.142786479	NA	NA	TRUE	FALSE
Q27V	p.Gln27Val	missense	1.081559586	0.066565377	-0.553514543	benign supporting	FALSE	FALSE
Q27R	p.Gln27Arg	missense	1.148993123	0.069241377	-0.564636954	benign supporting	FALSE	FALSE
Q27D	p.Gln27Asp	missense	0.539619462	0.115952263	NA	NA	TRUE	FALSE
Q27F	p.Gln27Phe	missense	NA	NA	NA	NA	NA	NA
Q27T	p.Gln27Thr	missense	0.959316834	0.134336175	-0.478608362	benign supporting	FALSE	FALSE
Q27I	p.Gln27Ile	missense	1.019550357	0.126079081	-0.521136204	benign supporting	FALSE	FALSE
Q27L	p.Gln27Leu	missense	1.072943952	0.057262379	-0.549714358	benign supporting	FALSE	FALSE
Q27K	p.Gln27Lys	missense	1.13565189	0.123680641	-0.563268522	benign supporting	FALSE	FALSE
Q27G	p.Gln27Gly	missense	0.699178592	0.070807563	-0.145286879	indeterminate	FALSE	FALSE
Q27Y	p.Gln27Tyr	missense	0.746031436	0.113261822	-0.216723977	indeterminate	FALSE	FALSE
Q27N	p.Gln27Asn	missense	1.342310331	0.196106319	-0.522176472	benign supporting	FALSE	FALSE
Q27C	p.Gln27Cys	missense	NA	NA	NA	NA	NA	NA
Q27P	p.Gln27Pro	missense	0.203242678	0.29424972	0.585250583	pathogenic supporting	FALSE	FALSE
Q27E	p.Gln27Glu	missense	1.120283449	0.050258014	-0.561609481	benign supporting	FALSE	FALSE
Q27M	p.Gln27Met	missense	NA	NA	NA	NA	NA	NA
Q27W	p.Gln27Trp	missense	0.874817407	0.049321836	-0.396160146	benign supporting	FALSE	FALSE
Q27H	p.Gln27His	missense	0.985551657	0.068656633	-0.498043799	benign supporting	FALSE	FALSE
Q27Q	p.Gln27=	synonymous	0.745424881	0.290973074	NA	NA	TRUE	FALSE
Q27*	p.Gln27*	nonsense	1.205055146	0.065477496	NA	NA	FALSE	FALSE
S28S	p.Ser28=	synonymous	0.998287609	0.154117844	NA	NA	FALSE	FALSE
S28A	p.Ser28Ala	missense	1.132121235	0.244308109	-0.56296232	benign supporting	FALSE	FALSE
S28V	p.Ser28Val	missense	1.117409241	0.312406793	-0.561206094	benign supporting	FALSE	FALSE
S28R	p.Ser28Arg	missense	0.772928301	0.275049336	NA	NA	TRUE	FALSE
S28D	p.Ser28Asp	missense	1.32198748	0.203851355	-0.532931352	benign supporting	FALSE	FALSE
S28F	p.Ser28Phe	missense	1.489143871	0.225997988	NA	NA	FALSE	TRUE
S28T	p.Ser28Thr	missense	0.945342308	0.05824052	-0.467989649	benign supporting	FALSE	FALSE
S28I	p.Ser28Ile	missense	1.770112401	0.044063979	NA	NA	FALSE	TRUE
S28L	p.Ser28Leu	missense	1.229019787	0.078214238	-0.564641744	benign supporting	FALSE	FALSE
S28K	p.Ser28Lys	missense	0.637511981	0.061154141	-0.042208185	indeterminate	FALSE	FALSE
S28G	p.Ser28Gly	missense	1.099853688	0.159607363	-0.558117359	benign supporting	FALSE	FALSE
S28Y	p.Ser28Tyr	missense	0.588437217	0.267643919	NA	NA	TRUE	FALSE
S28N	p.Ser28Asn	missense	0.806022699	0.202430679	-0.303928289	indeterminate	FALSE	FALSE
S28C	p.Ser28Cys	missense	NA	NA	NA	NA	NA	NA
S28P	p.Ser28Pro	missense	0.957847537	0.153825606	-0.47752782	benign supporting	FALSE	FALSE
S28E	p.Ser28Glu	missense	1.373000275	0.047668779	-0.501941402	benign supporting	FALSE	FALSE
S28M	p.Ser28Met	missense	1.332725782	0.078530802	-0.5275349	benign supporting	FALSE	FALSE
S28W	p.Ser28Trp	missense	0.789176439	0.111995321	-0.279420412	indeterminate	FALSE	FALSE
S28H	p.Ser28His	missense	1.317140124	0.048847632	-0.535168008	benign supporting	FALSE	FALSE
S28Q	p.Ser28Gln	missense	NA	NA	NA	NA	NA	NA
S28*	p.Ser28*	nonsense	-0.270188084	0.109705178	NA	NA	FALSE	FALSE
Q29S	p.Gln29Ser	missense	0.800326123	0.113515516	-0.295761151	indeterminate	FALSE	FALSE
Q29A	p.Gln29Ala	missense	0.914984388	0.185928969	-0.442098526	benign supporting	FALSE	FALSE
Q29V	p.Gln29Val	missense	0.663324465	0.82957042	NA	NA	TRUE	FALSE
Q29R	p.Gln29Arg	missense	0.887824591	0.23599716	-0.412140813	benign supporting	FALSE	FALSE
Q29D	p.Gln29Asp	missense	1.059651122	0.083059681	-0.543419882	benign supporting	FALSE	FALSE
Q29F	p.Gln29Phe	missense	0.970475762	0.152209126	-0.486549356	benign supporting	FALSE	FALSE
Q29T	p.Gln29Thr	missense	0.786245352	0.092203132	-0.275354394	indeterminate	FALSE	FALSE
Q29I	p.Gln29Ile	missense	1.112673686	0.081087494	-0.560478328	benign supporting	FALSE	FALSE
Q29L	p.Gln29Leu	missense	0.985213801	0.874016743	NA	NA	TRUE	FALSE
Q29K	p.Gln29Lys	missense	0.930691771	0.120882429	-0.456001169	benign supporting	FALSE	FALSE
Q29G	p.Gln29Gly	missense	1.108684774	0.132945886	-0.559804665	benign supporting	FALSE	FALSE
Q29Y	p.Gln29Tyr	missense	0.69377834	0.089350959	-0.136880648	indeterminate	FALSE	FALSE
Q29N	p.Gln29Asn	missense	1.123291804	0.093036141	-0.562000508	benign supporting	FALSE	FALSE
Q29C	p.Gln29Cys	missense	1.165215227	0.103543601	-0.566487651	benign supporting	FALSE	FALSE
Q29P	p.Gln29Pro	missense	0.561580478	0.664886832	NA	NA	TRUE	FALSE
Q29E	p.Gln29Glu	missense	0.869846476	0.677574674	NA	NA	TRUE	FALSE
Q29M	p.Gln29Met	missense	NA	NA	NA	NA	NA	NA
Q29W	p.Gln29Trp	missense	0.906895893	0.104380046	-0.433954059	benign supporting	FALSE	FALSE
Q29H	p.Gln29His	missense	0.715341223	0.353557468	NA	NA	TRUE	FALSE
Q29Q	p.Gln29=	synonymous	1.101806325	0.108779248	NA	NA	FALSE	FALSE
Q29*	p.Gln29*	nonsense	-0.159193964	0.859861408	NA	NA	TRUE	FALSE
G30S	p.Gly30Ser	missense	0.602384883	0.272086862	NA	NA	TRUE	FALSE
G30A	p.Gly30Ala	missense	1.116430771	0.205158556	-0.561062151	benign supporting	FALSE	FALSE
G30V	p.Gly30Val	missense	0.737374117	0.214835619	-0.203261672	indeterminate	FALSE	FALSE
G30R	p.Gly30Arg	missense	0.526361397	0.422067922	NA	NA	TRUE	FALSE
G30D	p.Gly30Asp	missense	0.584423966	0.499208129	NA	NA	TRUE	FALSE
G30F	p.Gly30Phe	missense	NA	NA	NA	NA	NA	NA
G30T	p.Gly30Thr	missense	0.475822268	0.254229042	NA	NA	TRUE	FALSE
G30I	p.Gly30Ile	missense	1.827408444	0.540762668	NA	NA	FALSE	TRUE
G30L	p.Gly30Leu	missense	0.643245015	0.199401856	NA	NA	TRUE	FALSE
G30K	p.Gly30Lys	missense	0.513381048	0.268535906	NA	NA	TRUE	FALSE
G30G	p.Gly30=	synonymous	1.079700705	0.065326354	NA	NA	FALSE	FALSE
G30Y	p.Gly30Tyr	missense	NA	NA	NA	NA	NA	NA
G30N	p.Gly30Asn	missense	NA	NA	NA	NA	NA	NA
G30C	p.Gly30Cys	missense	1.060137084	0.680327013	NA	NA	TRUE	FALSE
G30P	p.Gly30Pro	missense	NA	NA	NA	NA	NA	NA
G30E	p.Gly30Glu	missense	NA	NA	NA	NA	NA	NA
G30M	p.Gly30Met	missense	NA	NA	NA	NA	NA	NA
G30W	p.Gly30Trp	missense	1.351631069	0.449858546	-0.516442254	benign supporting	FALSE	FALSE
G30H	p.Gly30His	missense	0.375608706	0.863545687	NA	NA	TRUE	FALSE
G30Q	p.Gly30Gln	missense	1.028072291	0.102417165	-0.526300654	benign supporting	FALSE	FALSE
G30*	p.Gly30*	nonsense	NA	NA	NA	NA	NA	NA
S31S	p.Ser31=	synonymous	0.902936279	0.171720577	NA	NA	FALSE	FALSE
S31A	p.Ser31Ala	missense	1.293302609	0.31795482	-0.547278082	benign supporting	FALSE	FALSE
S31V	p.Ser31Val	missense	0.817515992	0.090887843	-0.319787708	benign supporting	FALSE	FALSE
S31R	p.Ser31Arg	missense	1.327971612	0.219079229	-0.530000808	benign supporting	FALSE	FALSE
S31D	p.Ser31Asp	missense	0.979646109	0.44105324	-0.493601474	benign supporting	FALSE	FALSE
S31F	p.Ser31Phe	missense	1.026951146	0.517984395	-0.525634843	benign supporting	FALSE	FALSE
S31T	p.Ser31Thr	missense	0.888569179	0.101130609	-0.413027327	benign supporting	FALSE	FALSE
S31I	p.Ser31Ile	missense	0.848407174	0.111113597	-0.363315951	benign supporting	FALSE	FALSE
S31L	p.Ser31Leu	missense	0.882849396	0.135613121	-0.406140249	benign supporting	FALSE	FALSE
S31K	p.Ser31Lys	missense	1.234546026	0.067773991	-0.564023783	benign supporting	FALSE	FALSE
S31G	p.Ser31Gly	missense	1.297202876	0.16952185	-0.545459433	benign supporting	FALSE	FALSE
S31Y	p.Ser31Tyr	missense	NA	NA	NA	NA	NA	NA
S31N	p.Ser31Asn	missense	0.891063658	0.204767193	-0.415975841	benign supporting	FALSE	FALSE
S31C	p.Ser31Cys	missense	0.692249424	0.689557306	NA	NA	TRUE	FALSE
S31P	p.Ser31Pro	missense	0.86106463	0.094272047	-0.37922033	benign supporting	FALSE	FALSE
S31E	p.Ser31Glu	missense	1.195804242	0.044320154	-0.568680579	benign supporting	FALSE	FALSE
S31M	p.Ser31Met	missense	0.951638777	0.258528054	-0.47286951	benign supporting	FALSE	FALSE
S31W	p.Ser31Trp	missense	0.80455794	0.088074859	-0.301848398	indeterminate	FALSE	FALSE
S31H	p.Ser31His	missense	1.259285916	0.172555068	-0.559753776	benign supporting	FALSE	FALSE
S31Q	p.Ser31Gln	missense	0.890885667	0.094895119	-0.415766539	benign supporting	FALSE	FALSE
S31*	p.Ser31*	nonsense	-0.010911901	0.131409866	NA	NA	FALSE	FALSE
S32S	p.Ser32=	synonymous	1.169295312	0.361903514	NA	NA	FALSE	FALSE
S32A	p.Ser32Ala	missense	1.614680654	0.082187104	NA	NA	FALSE	TRUE
S32V	p.Ser32Val	missense	0.952737069	0.062277773	-0.473704513	benign supporting	FALSE	FALSE
S32R	p.Ser32Arg	missense	0.895129927	0.109057408	-0.42071269	benign supporting	FALSE	FALSE
S32D	p.Ser32Asp	missense	0.784037318	0.269814456	-0.272254928	indeterminate	FALSE	FALSE
S32F	p.Ser32Phe	missense	1.374337412	0.079112608	-0.501090382	benign supporting	FALSE	FALSE
S32T	p.Ser32Thr	missense	1.087722668	0.474767351	-0.555362852	benign supporting	FALSE	FALSE
S32I	p.Ser32Ile	missense	0.550626884	0.113575735	NA	NA	TRUE	FALSE
S32L	p.Ser32Leu	missense	0.911898932	0.132848	-0.439232038	benign supporting	FALSE	FALSE
S32K	p.Ser32Lys	missense	0.781940404	0.173909047	-0.269281831	indeterminate	FALSE	FALSE
S32G	p.Ser32Gly	missense	1.201530825	0.151589946	-0.568121716	benign supporting	FALSE	FALSE
S32Y	p.Ser32Tyr	missense	0.757678291	0.155908488	-0.233925766	indeterminate	FALSE	FALSE
S32N	p.Ser32Asn	missense	0.695477998	0.105043104	-0.139553257	indeterminate	FALSE	FALSE
S32C	p.Ser32Cys	missense	1.21906338	1.2504678	NA	NA	TRUE	FALSE
S32P	p.Ser32Pro	missense	0.607283924	0.413453368	NA	NA	TRUE	FALSE
S32E	p.Ser32Glu	missense	1.122713095	0.065054205	-0.561927773	benign supporting	FALSE	FALSE
S32M	p.Ser32Met	missense	0.227966366	0.123264068	0.574848984	pathogenic supporting	FALSE	FALSE
S32W	p.Ser32Trp	missense	1.163209615	0.098554192	-0.566307484	benign supporting	FALSE	FALSE
S32H	p.Ser32His	missense	1.20280352	0.422120269	-0.567980093	benign supporting	FALSE	FALSE
S32Q	p.Ser32Gln	missense	0.750407053	0.154102422	-0.223304142	indeterminate	FALSE	FALSE
S32*	p.Ser32*	nonsense	0.44424705	0.126503859	NA	NA	TRUE	FALSE
S33S	p.Ser33=	synonymous	0.797425633	0.111534525	NA	NA	FALSE	FALSE
S33A	p.Ser33Ala	missense	1.145663246	0.43352336	-0.564147426	benign supporting	FALSE	FALSE
S33V	p.Ser33Val	missense	0.972164989	0.067253276	-0.487778164	benign supporting	FALSE	FALSE
S33R	p.Ser33Arg	missense	0.681333972	0.206577156	NA	NA	TRUE	FALSE
S33D	p.Ser33Asp	missense	1.22799745	0.045861155	-0.564743198	benign supporting	FALSE	FALSE
S33F	p.Ser33Phe	missense	1.145577195	0.298895092	-0.564134287	benign supporting	FALSE	FALSE
S33T	p.Ser33Thr	missense	0.733002699	0.620669417	NA	NA	TRUE	FALSE
S33I	p.Ser33Ile	missense	0.736483197	0.125869655	-0.201841412	indeterminate	FALSE	FALSE
S33L	p.Ser33Leu	missense	0.947375062	0.107809118	-0.469582489	benign supporting	FALSE	FALSE
S33K	p.Ser33Lys	missense	1.12445797	0.064314656	-0.562143473	benign supporting	FALSE	FALSE
S33G	p.Ser33Gly	missense	1.043969627	0.068030438	-0.535307677	benign supporting	FALSE	FALSE
S33Y	p.Ser33Tyr	missense	0.575166635	0.078742257	NA	NA	TRUE	FALSE
S33N	p.Ser33Asn	missense	1.267797697	0.134384876	-0.557681559	benign supporting	FALSE	FALSE
S33C	p.Ser33Cys	missense	1.90578748	0.21319781	NA	NA	FALSE	TRUE
S33P	p.Ser33Pro	missense	0.661186784	0.12475488	-0.081473779	indeterminate	FALSE	FALSE
S33E	p.Ser33Glu	missense	1.27301662	0.120413031	-0.556248131	benign supporting	FALSE	FALSE
S33M	p.Ser33Met	missense	NA	NA	NA	NA	NA	NA
S33W	p.Ser33Trp	missense	0.982641558	0.182105593	-0.495871512	benign supporting	FALSE	FALSE
S33H	p.Ser33His	missense	1.453036401	0.055556352	NA	NA	FALSE	FALSE
S33Q	p.Ser33Gln	missense	1.084394825	0.112393905	-0.554519296	benign supporting	FALSE	FALSE
S33*	p.Ser33*	nonsense	0.743352489	0.938004082	NA	NA	TRUE	FALSE
Q34S	p.Gln34Ser	missense	1.090803049	0.266994744	-0.556109983	benign supporting	FALSE	FALSE
Q34A	p.Gln34Ala	missense	0.772719793	0.123571985	-0.255852512	indeterminate	FALSE	FALSE
Q34V	p.Gln34Val	missense	1.16624986	0.692754429	NA	NA	TRUE	FALSE
Q34R	p.Gln34Arg	missense	0.854546454	0.124457271	-0.371150468	benign supporting	FALSE	FALSE
Q34D	p.Gln34Asp	missense	1.116285744	0.077609343	-0.56104053	benign supporting	FALSE	FALSE
Q34F	p.Gln34Phe	missense	1.008791057	0.08199543	-0.514268577	benign supporting	FALSE	FALSE
Q34T	p.Gln34Thr	missense	1.243941826	0.075672471	-0.562697852	benign supporting	FALSE	FALSE
Q34I	p.Gln34Ile	missense	1.053168885	0.588927583	NA	NA	TRUE	FALSE
Q34L	p.Gln34Leu	missense	0.869513954	0.095401484	-0.389362777	benign supporting	FALSE	FALSE
Q34K	p.Gln34Lys	missense	0.683250156	0.104094521	-0.119747617	indeterminate	FALSE	FALSE
Q34G	p.Gln34Gly	missense	0.54375607	0.49725948	NA	NA	TRUE	FALSE
Q34Y	p.Gln34Tyr	missense	1.177056295	0.095492937	-0.567264833	benign supporting	FALSE	FALSE
Q34N	p.Gln34Asn	missense	0.884119246	0.144344132	-0.40768469	benign supporting	FALSE	FALSE
Q34C	p.Gln34Cys	missense	0.911740021	0.062906621	-0.439083156	benign supporting	FALSE	FALSE
Q34P	p.Gln34Pro	missense	1.132350554	0.091180012	-0.562983577	benign supporting	FALSE	FALSE
Q34E	p.Gln34Glu	missense	1.243057336	0.087227169	-0.562837741	benign supporting	FALSE	FALSE
Q34M	p.Gln34Met	missense	1.132201431	0.070755287	-0.562969775	benign supporting	FALSE	FALSE
Q34W	p.Gln34Trp	missense	NA	NA	NA	NA	NA	NA
Q34H	p.Gln34His	missense	0.593187939	0.145166887	NA	NA	TRUE	FALSE
Q34Q	p.Gln34=	synonymous	0.804703741	0.615535001	NA	NA	TRUE	FALSE
Q34*	p.Gln34*	nonsense	0.28309039	0.171757562	NA	NA	FALSE	FALSE
S35S	p.Ser35=	synonymous	1.281324175	0.052482591	NA	NA	FALSE	FALSE
S35A	p.Ser35Ala	missense	1.031484931	0.063804556	-0.528302208	benign supporting	FALSE	FALSE
S35V	p.Ser35Val	missense	1.426066036	0.054577655	-0.458094085	benign supporting	FALSE	FALSE
S35R	p.Ser35Arg	missense	1.066927468	0.204114428	-0.546930678	benign supporting	FALSE	FALSE
S35D	p.Ser35Asp	missense	NA	NA	NA	NA	NA	NA
S35F	p.Ser35Phe	missense	1.827111537	0.045274422	NA	NA	FALSE	TRUE
S35T	p.Ser35Thr	missense	1.100840489	0.228937279	-0.55831924	benign supporting	FALSE	FALSE
S35I	p.Ser35Ile	missense	1.177329723	0.120191492	-0.567284764	benign supporting	FALSE	FALSE
S35L	p.Ser35Leu	missense	0.500093353	0.099118734	NA	NA	TRUE	FALSE
S35K	p.Ser35Lys	missense	1.216431584	0.061108392	-0.566056264	benign supporting	FALSE	FALSE
S35G	p.Ser35Gly	missense	0.943706411	0.119751188	-0.466695562	benign supporting	FALSE	FALSE
S35Y	p.Ser35Tyr	missense	0.749751163	0.284478869	NA	NA	TRUE	FALSE
S35N	p.Ser35Asn	missense	1.603812667	0.137321971	NA	NA	FALSE	TRUE
S35C	p.Ser35Cys	missense	NA	NA	NA	NA	NA	NA
S35P	p.Ser35Pro	missense	0.979939781	0.326290944	-0.493825566	benign supporting	FALSE	FALSE
S35E	p.Ser35Glu	missense	1.184427126	0.290698971	-0.568306618	benign supporting	FALSE	FALSE
S35M	p.Ser35Met	missense	0.861282677	0.816699744	NA	NA	TRUE	FALSE
S35W	p.Ser35Trp	missense	NA	NA	NA	NA	NA	NA
S35H	p.Ser35His	missense	0.132060129	0.123470868	0.561309402	pathogenic supporting	FALSE	FALSE
S35Q	p.Ser35Gln	missense	1.508475978	0.561326418	NA	NA	FALSE	TRUE
S35*	p.Ser35*	nonsense	-0.166917656	0.247651914	NA	NA	FALSE	FALSE
Q36S	p.Gln36Ser	missense	0.831523041	0.173882112	-0.339687997	benign supporting	FALSE	FALSE
Q36A	p.Gln36Ala	missense	1.249991063	0.093483638	-0.561655243	benign supporting	FALSE	FALSE
Q36V	p.Gln36Val	missense	NA	NA	NA	NA	NA	NA
Q36R	p.Gln36Arg	missense	1.095008567	0.111575699	-0.55707764	benign supporting	FALSE	FALSE
Q36D	p.Gln36Asp	missense	NA	NA	NA	NA	NA	NA
Q36F	p.Gln36Phe	missense	0.929762704	0.107916565	-0.455209897	benign supporting	FALSE	FALSE
Q36T	p.Gln36Thr	missense	NA	NA	NA	NA	NA	NA
Q36I	p.Gln36Ile	missense	1.095089744	0.14979021	-0.557095722	benign supporting	FALSE	FALSE
Q36L	p.Gln36Leu	missense	1.661402318	0.164120008	NA	NA	FALSE	TRUE
Q36K	p.Gln36Lys	missense	0.659001439	0.128905462	-0.078035857	indeterminate	FALSE	FALSE
Q36G	p.Gln36Gly	missense	0.653143749	0.284916057	NA	NA	TRUE	FALSE
Q36Y	p.Gln36Tyr	missense	-0.176317707	0.48466299	0.631524571	pathogenic supporting	FALSE	FALSE
Q36N	p.Gln36Asn	missense	0.315254699	0.184287593	0.484458183	pathogenic supporting	FALSE	FALSE
Q36C	p.Gln36Cys	missense	1.219972022	0.116816397	-0.565431556	benign supporting	FALSE	FALSE
Q36P	p.Gln36Pro	missense	0.92010145	0.350714529	-0.446752377	benign supporting	FALSE	FALSE
Q36E	p.Gln36Glu	missense	NA	NA	NA	NA	NA	NA
Q36M	p.Gln36Met	missense	NA	NA	NA	NA	NA	NA
Q36W	p.Gln36Trp	missense	NA	NA	NA	NA	NA	NA
Q36H	p.Gln36His	missense	2.000877981	0.204090963	NA	NA	FALSE	TRUE
Q36Q	p.Gln36=	synonymous	0.606360215	0.60769685	NA	NA	TRUE	FALSE
Q36*	p.Gln36*	nonsense	0.372567484	0.485775711	NA	NA	TRUE	FALSE
G37S	p.Gly37Ser	missense	1.070285311	0.229565405	-0.548497509	benign supporting	FALSE	FALSE
G37A	p.Gly37Ala	missense	0.874599776	0.813801992	NA	NA	TRUE	FALSE
G37V	p.Gly37Val	missense	1.573909509	0.585593787	NA	NA	FALSE	TRUE
G37R	p.Gly37Arg	missense	0.98286114	0.414229387	-0.496036554	benign supporting	FALSE	FALSE
G37D	p.Gly37Asp	missense	0.937262063	0.419627616	-0.461489934	benign supporting	FALSE	FALSE
G37F	p.Gly37Phe	missense	2.269103567	0.224389144	NA	NA	FALSE	TRUE
G37T	p.Gly37Thr	missense	0.367734866	0.484557811	NA	NA	TRUE	FALSE
G37I	p.Gly37Ile	missense	NA	NA	NA	NA	NA	NA
G37L	p.Gly37Leu	missense	0.685482394	0.383493272	NA	NA	TRUE	FALSE
G37K	p.Gly37Lys	missense	2.287746506	0.727313903	NA	NA	FALSE	TRUE
G37G	p.Gly37=	synonymous	0.9292155	0.114518497	NA	NA	FALSE	FALSE
G37Y	p.Gly37Tyr	missense	1.459332876	0.92643235	NA	NA	FALSE	TRUE
G37N	p.Gly37Asn	missense	0.284455678	0.164670312	0.517203993	pathogenic supporting	FALSE	FALSE
G37C	p.Gly37Cys	missense	-0.377414045	0.330177032	1.041026555	pathogenic moderate	FALSE	FALSE
G37P	p.Gly37Pro	missense	NA	NA	NA	NA	NA	NA
G37E	p.Gly37Glu	missense	NA	NA	NA	NA	NA	NA
G37M	p.Gly37Met	missense	0.90343365	0.130915859	-0.430127356	benign supporting	FALSE	FALSE
G37W	p.Gly37Trp	missense	0.994278809	0.140619468	-0.50436697	benign supporting	FALSE	FALSE
G37H	p.Gly37His	missense	NA	NA	NA	NA	NA	NA
G37Q	p.Gly37Gln	missense	1.149282624	0.187167705	-0.564677769	benign supporting	FALSE	FALSE
G37*	p.Gly37*	nonsense	-0.698525033	0.415977736	NA	NA	FALSE	FALSE
I38S	p.Ile38Ser	missense	0.875291091	0.124907924	-0.396759072	benign supporting	FALSE	FALSE
I38A	p.Ile38Ala	missense	1.131460882	0.330944053	-0.562900048	benign supporting	FALSE	FALSE
I38V	p.Ile38Val	missense	1.420377045	0.194158406	-0.463922988	benign supporting	FALSE	FALSE
I38R	p.Ile38Arg	missense	1.016145765	0.247554523	-0.519005531	benign supporting	FALSE	FALSE
I38D	p.Ile38Asp	missense	1.395034298	0.066869239	-0.486388655	benign supporting	FALSE	FALSE
I38F	p.Ile38Phe	missense	0.381900256	0.085392685	0.389231739	pathogenic supporting	FALSE	FALSE
I38T	p.Ile38Thr	missense	1.312562753	0.620753706	-0.537507463	benign supporting	FALSE	FALSE
I38I	p.Ile38=	synonymous	NA	NA	NA	NA	NA	NA
I38L	p.Ile38Leu	missense	1.009842671	0.245015034	-0.514957258	benign supporting	FALSE	FALSE
I38K	p.Ile38Lys	missense	0.805510229	0.071114638	-0.303202167	indeterminate	FALSE	FALSE
I38G	p.Ile38Gly	missense	0.720598632	0.10856065	-0.176901901	indeterminate	FALSE	FALSE
I38Y	p.Ile38Tyr	missense	0.821017624	0.138168222	-0.324492584	benign supporting	FALSE	FALSE
I38N	p.Ile38Asn	missense	0.658911064	0.227579812	NA	NA	TRUE	FALSE
I38C	p.Ile38Cys	missense	1.203016471	0.401861367	-0.567955772	benign supporting	FALSE	FALSE
I38P	p.Ile38Pro	missense	0.975535471	0.504892311	NA	NA	TRUE	FALSE
I38E	p.Ile38Glu	missense	1.651347877	0.145764646	NA	NA	FALSE	TRUE
I38M	p.Ile38Met	missense	1.143662134	0.058772555	-0.563835532	benign supporting	FALSE	FALSE
I38W	p.Ile38Trp	missense	1.039401238	0.905582189	NA	NA	TRUE	FALSE
I38H	p.Ile38His	missense	1.089863262	0.10216782	-0.555885478	benign supporting	FALSE	FALSE
I38Q	p.Ile38Gln	missense	1.195436462	0.08848382	-0.568712125	benign supporting	FALSE	FALSE
I38*	p.Ile38*	nonsense	0.242071071	0.124295146	NA	NA	FALSE	FALSE
S39S	p.Ser39=	synonymous	1.074602596	0.605042569	NA	NA	TRUE	FALSE
S39A	p.Ser39Ala	missense	1.015438247	0.229511477	-0.518557853	benign supporting	FALSE	FALSE
S39V	p.Ser39Val	missense	1.460934847	0.074626942	NA	NA	FALSE	TRUE
S39R	p.Ser39Arg	missense	1.017573043	0.436619771	-0.519903494	benign supporting	FALSE	FALSE
S39D	p.Ser39Asp	missense	0.650548929	0.107565878	-0.064374752	indeterminate	FALSE	FALSE
S39F	p.Ser39Phe	missense	1.437520396	0.067038654	-0.446608755	benign supporting	FALSE	FALSE
S39T	p.Ser39Thr	missense	0.587251018	0.519426643	NA	NA	TRUE	FALSE
S39I	p.Ser39Ile	missense	1.095947919	0.660154237	NA	NA	TRUE	FALSE
S39L	p.Ser39Leu	missense	0.902261396	0.247748052	-0.428818751	benign supporting	FALSE	FALSE
S39K	p.Ser39Lys	missense	0.614045864	0.336520708	NA	NA	TRUE	FALSE
S39G	p.Ser39Gly	missense	1.665318826	0.223971308	NA	NA	FALSE	TRUE
S39Y	p.Ser39Tyr	missense	0.836162639	1.076276806	NA	NA	TRUE	FALSE
S39N	p.Ser39Asn	missense	3.789467681	0.199524743	NA	NA	FALSE	TRUE
S39C	p.Ser39Cys	missense	1.756308333	1.451341747	NA	NA	TRUE	TRUE
S39P	p.Ser39Pro	missense	0.456483996	0.544717384	NA	NA	TRUE	FALSE
S39E	p.Ser39Glu	missense	0.700073858	0.179576191	-0.146656752	indeterminate	FALSE	FALSE
S39M	p.Ser39Met	missense	-0.07768951	0.355741618	0.56407212	pathogenic supporting	FALSE	FALSE
S39W	p.Ser39Trp	missense	1.203953049	0.397629012	-0.567846677	benign supporting	FALSE	FALSE
S39H	p.Ser39His	missense	0.619752989	0.327179949	NA	NA	TRUE	FALSE
S39Q	p.Ser39Gln	missense	1.108480285	0.127698211	-0.559768642	benign supporting	FALSE	FALSE
S39*	p.Ser39*	nonsense	-0.015714934	0.139719895	NA	NA	FALSE	FALSE
S40S	p.Ser40=	synonymous	0.197090143	0.417546618	NA	NA	TRUE	FALSE
S40A	p.Ser40Ala	missense	1.030693912	0.463783173	-0.527841618	benign supporting	FALSE	FALSE
S40V	p.Ser40Val	missense	0.883680382	0.172441704	-0.407151935	benign supporting	FALSE	FALSE
S40R	p.Ser40Arg	missense	0.733214168	0.353687512	NA	NA	TRUE	FALSE
S40D	p.Ser40Asp	missense	1.069741399	0.3433427	-0.548245983	benign supporting	FALSE	FALSE
S40F	p.Ser40Phe	missense	0.375696033	0.184675091	NA	NA	TRUE	FALSE
S40T	p.Ser40Thr	missense	0.805648426	0.740032972	NA	NA	TRUE	FALSE
S40I	p.Ser40Ile	missense	0.844410567	0.897616358	NA	NA	TRUE	FALSE
S40L	p.Ser40Leu	missense	0.615053466	0.771626433	NA	NA	TRUE	FALSE
S40K	p.Ser40Lys	missense	NA	NA	NA	NA	NA	NA
S40G	p.Ser40Gly	missense	1.40832594	0.169122067	-0.475280239	benign supporting	FALSE	FALSE
S40Y	p.Ser40Tyr	missense	-0.317571636	0.482832024	0.918599648	pathogenic moderate	FALSE	FALSE
S40N	p.Ser40Asn	missense	1.158133776	0.271052414	-0.565789751	benign supporting	FALSE	FALSE
S40C	p.Ser40Cys	missense	1.177939646	0.952552353	NA	NA	TRUE	FALSE
S40P	p.Ser40Pro	missense	0.871956015	0.229178663	-0.392513825	benign supporting	FALSE	FALSE
S40E	p.Ser40Glu	missense	0.684437658	0.177514111	-0.12173169	indeterminate	FALSE	FALSE
S40M	p.Ser40Met	missense	-0.013584242	0.254257803	0.54741498	pathogenic supporting	FALSE	FALSE
S40W	p.Ser40Trp	missense	1.209261116	0.219849391	-0.567162292	benign supporting	FALSE	FALSE
S40H	p.Ser40His	missense	1.798852553	0.449621243	NA	NA	FALSE	TRUE
S40Q	p.Ser40Gln	missense	0.488795559	0.256813764	NA	NA	TRUE	FALSE
S40*	p.Ser40*	nonsense	-1.315201614	0.486823613	NA	NA	FALSE	FALSE
S41S	p.Ser41=	synonymous	1.011214504	0.161919616	NA	NA	FALSE	FALSE
S41A	p.Ser41Ala	missense	1.007530731	0.071947891	-0.513438166	benign supporting	FALSE	FALSE
S41V	p.Ser41Val	missense	1.051513467	0.152356138	-0.539304225	benign supporting	FALSE	FALSE
S41R	p.Ser41Arg	missense	0.869643938	0.237567973	-0.389531418	benign supporting	FALSE	FALSE
S41D	p.Ser41Asp	missense	0.774229431	0.151446182	-0.258092064	indeterminate	FALSE	FALSE
S41F	p.Ser41Phe	missense	1.157988445	0.119219003	-0.565773631	benign supporting	FALSE	FALSE
S41T	p.Ser41Thr	missense	1.532683497	0.700377366	NA	NA	FALSE	TRUE
S41I	p.Ser41Ile	missense	NA	NA	NA	NA	NA	NA
S41L	p.Ser41Leu	missense	1.074156514	0.098145045	-0.550262403	benign supporting	FALSE	FALSE
S41K	p.Ser41Lys	missense	1.821270931	0.093222392	NA	NA	FALSE	TRUE
S41G	p.Ser41Gly	missense	1.16256407	0.116865438	-0.566246542	benign supporting	FALSE	FALSE
S41Y	p.Ser41Tyr	missense	0.901438818	0.379551946	-0.427896534	benign supporting	FALSE	FALSE
S41N	p.Ser41Asn	missense	1.036700376	0.066826682	-0.531288796	benign supporting	FALSE	FALSE
S41C	p.Ser41Cys	missense	NA	NA	NA	NA	NA	NA
S41P	p.Ser41Pro	missense	1.392552551	0.091164797	-0.488311063	benign supporting	FALSE	FALSE
S41E	p.Ser41Glu	missense	1.085789947	0.076853177	-0.554877539	benign supporting	FALSE	FALSE
S41M	p.Ser41Met	missense	0.73738486	0.117272925	-0.203278757	indeterminate	FALSE	FALSE
S41W	p.Ser41Trp	missense	1.019257207	0.21356594	-0.520954272	benign supporting	FALSE	FALSE
S41H	p.Ser41His	missense	1.056563633	0.225786278	-0.541882049	benign supporting	FALSE	FALSE
S41Q	p.Ser41Gln	missense	0.665732384	0.110796284	-0.088506738	indeterminate	FALSE	FALSE
S41*	p.Ser41*	nonsense	-0.020536026	0.073873449	NA	NA	FALSE	FALSE
S42S	p.Ser42=	synonymous	0.904903779	0.065871784	NA	NA	FALSE	FALSE
S42A	p.Ser42Ala	missense	1.194852315	0.10515855	-0.56876116	benign supporting	FALSE	FALSE
S42V	p.Ser42Val	missense	0.970703044	0.112276869	-0.486706309	benign supporting	FALSE	FALSE
S42R	p.Ser42Arg	missense	1.706060736	0.283820886	NA	NA	FALSE	TRUE
S42D	p.Ser42Asp	missense	1.429612817	0.108895802	-0.454297537	benign supporting	FALSE	FALSE
S42F	p.Ser42Phe	missense	0.696434166	0.084559033	-0.141045837	indeterminate	FALSE	FALSE
S42T	p.Ser42Thr	missense	0.912806729	0.578067895	NA	NA	TRUE	FALSE
S42I	p.Ser42Ile	missense	0.46494802	0.138505855	NA	NA	TRUE	FALSE
S42L	p.Ser42Leu	missense	1.075703842	0.23085419	-0.550955456	benign supporting	FALSE	FALSE
S42K	p.Ser42Lys	missense	0.68822547	0.287976847	NA	NA	TRUE	FALSE
S42G	p.Ser42Gly	missense	1.126908545	0.114280054	-0.562428153	benign supporting	FALSE	FALSE
S42Y	p.Ser42Tyr	missense	0.905706099	0.1606765	-0.432645413	benign supporting	FALSE	FALSE
S42N	p.Ser42Asn	missense	0.363586776	0.114800202	0.418030606	pathogenic supporting	FALSE	FALSE
S42C	p.Ser42Cys	missense	0.953891986	0.106821505	-0.474577446	benign supporting	FALSE	FALSE
S42P	p.Ser42Pro	missense	0.947737696	0.182353108	-0.469864888	benign supporting	FALSE	FALSE
S42E	p.Ser42Glu	missense	NA	NA	NA	NA	NA	NA
S42M	p.Ser42Met	missense	NA	NA	NA	NA	NA	NA
S42W	p.Ser42Trp	missense	1.065927626	0.12604866	-0.546457651	benign supporting	FALSE	FALSE
S42H	p.Ser42His	missense	1.277609468	0.067070753	-0.554044512	benign supporting	FALSE	FALSE
S42Q	p.Ser42Gln	missense	1.258308628	0.207407583	-0.559971166	benign supporting	FALSE	FALSE
S42*	p.Ser42*	nonsense	-0.301607219	0.469581122	NA	NA	FALSE	FALSE
T43S	p.Thr43Ser	missense	NA	NA	NA	NA	NA	NA
T43A	p.Thr43Ala	missense	0.364811169	0.816658443	NA	NA	TRUE	FALSE
T43V	p.Thr43Val	missense	0.293422844	1.032700027	NA	NA	TRUE	FALSE
T43R	p.Thr43Arg	missense	0.145251531	0.199347841	0.566699989	pathogenic supporting	FALSE	FALSE
T43D	p.Thr43Asp	missense	NA	NA	NA	NA	NA	NA
T43F	p.Thr43Phe	missense	0.554117384	0.277273852	NA	NA	TRUE	FALSE
T43T	p.Thr43=	synonymous	1.190468188	0.273296961	NA	NA	FALSE	FALSE
T43I	p.Thr43Ile	missense	0.853688069	0.129514477	-0.370068952	benign supporting	FALSE	FALSE
T43L	p.Thr43Leu	missense	1.164307272	0.344594538	-0.56640781	benign supporting	FALSE	FALSE
T43K	p.Thr43Lys	missense	0.634660765	0.497076217	NA	NA	TRUE	FALSE
T43G	p.Thr43Gly	missense	0.351309405	0.145192262	0.436729869	pathogenic supporting	FALSE	FALSE
T43Y	p.Thr43Tyr	missense	1.23039042	0.30270521	-0.564499456	benign supporting	FALSE	FALSE
T43N	p.Thr43Asn	missense	NA	NA	NA	NA	NA	NA
T43C	p.Thr43Cys	missense	2.168337852	0.344396587	NA	NA	FALSE	TRUE
T43P	p.Thr43Pro	missense	0.164196102	0.336912679	NA	NA	TRUE	FALSE
T43E	p.Thr43Glu	missense	0.690275726	0.337061893	NA	NA	TRUE	FALSE
T43M	p.Thr43Met	missense	NA	NA	NA	NA	NA	NA
T43W	p.Thr43Trp	missense	NA	NA	NA	NA	NA	NA
T43H	p.Thr43His	missense	NA	NA	NA	NA	NA	NA
T43Q	p.Thr43Gln	missense	1.411906979	1.012389264	NA	NA	TRUE	FALSE
T43*	p.Thr43*	nonsense	-0.960071044	0.482794126	NA	NA	FALSE	FALSE
S44S	p.Ser44=	synonymous	0.917478326	0.169407985	NA	NA	FALSE	FALSE
S44A	p.Ser44Ala	missense	1.119358245	0.131308511	-0.561482802	benign supporting	FALSE	FALSE
S44V	p.Ser44Val	missense	0.987881703	0.119965074	-0.499759884	benign supporting	FALSE	FALSE
S44R	p.Ser44Arg	missense	1.022366687	0.705118646	NA	NA	TRUE	FALSE
S44D	p.Ser44Asp	missense	0.925863135	0.10033031	-0.451846957	benign supporting	FALSE	FALSE
S44F	p.Ser44Phe	missense	NA	NA	NA	NA	NA	NA
S44T	p.Ser44Thr	missense	1.24962339	0.119228336	-0.561722933	benign supporting	FALSE	FALSE
S44I	p.Ser44Ile	missense	0.658145689	0.086695121	-0.076679335	indeterminate	FALSE	FALSE
S44L	p.Ser44Leu	missense	0.724392019	0.33540937	NA	NA	TRUE	FALSE
S44K	p.Ser44Lys	missense	0.236666764	0.101482655	0.56710875	pathogenic supporting	FALSE	FALSE
S44G	p.Ser44Gly	missense	0.732164569	0.488710111	NA	NA	TRUE	FALSE
S44Y	p.Ser44Tyr	missense	NA	NA	NA	NA	NA	NA
S44N	p.Ser44Asn	missense	1.286972258	0.576258007	-0.550065357	benign supporting	FALSE	FALSE
S44C	p.Ser44Cys	missense	1.446275858	0.77866894	-0.437680808	benign supporting	FALSE	FALSE
S44P	p.Ser44Pro	missense	1.317636329	0.493743915	-0.534944576	benign supporting	FALSE	FALSE
S44E	p.Ser44Glu	missense	1.069734204	0.090178624	-0.54824265	benign supporting	FALSE	FALSE
S44M	p.Ser44Met	missense	1.082333419	0.099464853	-0.553845206	benign supporting	FALSE	FALSE
S44W	p.Ser44Trp	missense	0.645277146	0.263517707	NA	NA	TRUE	FALSE
S44H	p.Ser44His	missense	1.429954343	0.25279165	-0.453925157	benign supporting	FALSE	FALSE
S44Q	p.Ser44Gln	missense	0.47662305	0.199876633	NA	NA	TRUE	FALSE
S44*	p.Ser44*	nonsense	-1.502608985	0.489968504	NA	NA	FALSE	FALSE
T45S	p.Thr45Ser	missense	0.993535397	0.160504512	-0.50383935	benign supporting	FALSE	FALSE
T45A	p.Thr45Ala	missense	1.170579828	0.064577672	-0.56690089	benign supporting	FALSE	FALSE
T45V	p.Thr45Val	missense	0.961012291	0.070982761	-0.47984498	benign supporting	FALSE	FALSE
T45R	p.Thr45Arg	missense	1.023559025	0.096662629	-0.52359534	benign supporting	FALSE	FALSE
T45D	p.Thr45Asp	missense	0.817146718	0.3666046	NA	NA	TRUE	FALSE
T45F	p.Thr45Phe	missense	0.860996809	0.144834463	-0.379137638	benign supporting	FALSE	FALSE
T45T	p.Thr45=	synonymous	0.78936231	0.189263574	NA	NA	FALSE	FALSE
T45I	p.Thr45Ile	missense	0.897053683	0.498912856	NA	NA	TRUE	FALSE
T45L	p.Thr45Leu	missense	1.093430836	0.116659567	-0.556721708	benign supporting	FALSE	FALSE
T45K	p.Thr45Lys	missense	0.718964128	0.244276341	NA	NA	TRUE	FALSE
T45G	p.Thr45Gly	missense	1.039197975	0.142487498	-0.532688377	benign supporting	FALSE	FALSE
T45Y	p.Thr45Tyr	missense	NA	NA	NA	NA	NA	NA
T45N	p.Thr45Asn	missense	1.164061649	0.407529516	-0.566385721	benign supporting	FALSE	FALSE
T45C	p.Thr45Cys	missense	1.09878951	0.051609163	-0.557895899	benign supporting	FALSE	FALSE
T45P	p.Thr45Pro	missense	0.990271664	0.058644126	-0.501498882	benign supporting	FALSE	FALSE
T45E	p.Thr45Glu	missense	1.18524795	0.05871008	-0.568414486	benign supporting	FALSE	FALSE
T45M	p.Thr45Met	missense	1.265368287	0.059928655	-0.558306128	benign supporting	FALSE	FALSE
T45W	p.Thr45Trp	missense	0.989235634	0.050726739	-0.500747664	benign supporting	FALSE	FALSE
T45H	p.Thr45His	missense	1.112930808	0.167525102	-0.560519853	benign supporting	FALSE	FALSE
T45Q	p.Thr45Gln	missense	1.078190912	0.049638757	-0.552054656	benign supporting	FALSE	FALSE
T45*	p.Thr45*	nonsense	0.065466142	0.080190412	NA	NA	FALSE	FALSE
M46S	p.Met46Ser	missense	1.348233049	0.332125494	-0.518594673	benign supporting	FALSE	FALSE
M46A	p.Met46Ala	missense	0.451278192	0.250950495	NA	NA	TRUE	FALSE
M46V	p.Met46Val	missense	0.097216352	0.189536063	0.549704065	pathogenic supporting	FALSE	FALSE
M46R	p.Met46Arg	missense	0.768426708	0.375150626	NA	NA	TRUE	FALSE
M46D	p.Met46Asp	missense	NA	NA	NA	NA	NA	NA
M46F	p.Met46Phe	missense	1.315738854	0.072022201	-0.535792249	benign supporting	FALSE	FALSE
M46T	p.Met46Thr	missense	1.276364012	0.120958529	-0.554670329	benign supporting	FALSE	FALSE
M46I	p.Met46Ile	missense	0.549924728	1.528657698	NA	NA	TRUE	FALSE
M46L	p.Met46Leu	missense	NA	NA	NA	NA	NA	NA
M46K	p.Met46Lys	missense	0.335738426	1.250360445	NA	NA	TRUE	FALSE
M46G	p.Met46Gly	missense	0.776878017	0.124465138	-0.261982032	indeterminate	FALSE	FALSE
M46Y	p.Met46Tyr	missense	0.990778293	0.095925679	-0.50186478	benign supporting	FALSE	FALSE
M46N	p.Met46Asn	missense	0.669047361	0.511513811	NA	NA	TRUE	FALSE
M46C	p.Met46Cys	missense	2.290100653	0.089212643	NA	NA	FALSE	TRUE
M46P	p.Met46Pro	missense	1.083399224	0.469012257	-0.554259584	benign supporting	FALSE	FALSE
M46E	p.Met46Glu	missense	1.802976179	0.256088264	NA	NA	FALSE	TRUE
M46M	p.Met46=	synonymous	NA	NA	NA	NA	NA	NA
M46W	p.Met46Trp	missense	0.977837255	0.183360708	-0.492213755	benign supporting	FALSE	FALSE
M46H	p.Met46His	missense	NA	NA	NA	NA	NA	NA
M46Q	p.Met46Gln	missense	0.404027747	0.219185324	NA	NA	TRUE	FALSE
M46*	p.Met46*	nonsense	-0.511056933	0.412308674	NA	NA	FALSE	FALSE
P47S	p.Pro47Ser	missense	1.077624185	0.540710342	-0.551805781	benign supporting	FALSE	FALSE
P47A	p.Pro47Ala	missense	0.811619308	0.655998952	NA	NA	TRUE	FALSE
P47V	p.Pro47Val	missense	0.677932001	0.148038994	-0.110120543	indeterminate	FALSE	FALSE
P47R	p.Pro47Arg	missense	-0.758786551	0.833785148	4.696090564	pathogenic very strong	FALSE	FALSE
P47D	p.Pro47Asp	missense	NA	NA	NA	NA	NA	NA
P47F	p.Pro47Phe	missense	0.643582761	1.109747623	NA	NA	TRUE	FALSE
P47T	p.Pro47Thr	missense	0.729282585	0.184138614	-0.190110992	indeterminate	FALSE	FALSE
P47I	p.Pro47Ile	missense	NA	NA	NA	NA	NA	NA
P47L	p.Pro47Leu	missense	1.201006529	0.372222725	-0.568178205	benign supporting	FALSE	FALSE
P47K	p.Pro47Lys	missense	0.126237668	0.183045877	0.559108569	pathogenic supporting	FALSE	FALSE
P47G	p.Pro47Gly	missense	0.951566922	0.220049772	-0.472814715	benign supporting	FALSE	FALSE
P47Y	p.Pro47Tyr	missense	1.155150926	0.305662988	-0.565444535	benign supporting	FALSE	FALSE
P47N	p.Pro47Asn	missense	NA	NA	NA	NA	NA	NA
P47C	p.Pro47Cys	missense	0.046053283	0.260316487	0.543436126	pathogenic supporting	FALSE	FALSE
P47P	p.Pro47=	synonymous	1.489932298	0.079642749	NA	NA	FALSE	TRUE
P47E	p.Pro47Glu	missense	NA	NA	NA	NA	NA	NA
P47M	p.Pro47Met	missense	NA	NA	NA	NA	NA	NA
P47W	p.Pro47Trp	missense	NA	NA	NA	NA	NA	NA
P47H	p.Pro47His	missense	1.075473837	0.518478275	-0.550852883	benign supporting	FALSE	FALSE
P47Q	p.Pro47Gln	missense	-0.209616921	0.304305778	0.670768616	pathogenic moderate	FALSE	FALSE
P47*	p.Pro47*	nonsense	-1.017777314	0.441902493	NA	NA	FALSE	FALSE
N48S	p.Asn48Ser	missense	1.183001093	0.177286561	-0.568114112	benign supporting	FALSE	FALSE
N48A	p.Asn48Ala	missense	1.013489411	0.095982804	-0.517315963	benign supporting	FALSE	FALSE
N48V	p.Asn48Val	missense	0.530471632	0.097474769	NA	NA	TRUE	FALSE
N48R	p.Asn48Arg	missense	0.921287413	0.090687274	-0.447813478	benign supporting	FALSE	FALSE
N48D	p.Asn48Asp	missense	1.350586963	0.485249097	-0.517111336	benign supporting	FALSE	FALSE
N48F	p.Asn48Phe	missense	1.000490887	0.112465229	-0.508697315	benign supporting	FALSE	FALSE
N48T	p.Asn48Thr	missense	1.189521578	0.160317893	-0.568941224	benign supporting	FALSE	FALSE
N48I	p.Asn48Ile	missense	1.187379909	0.73043897	NA	NA	TRUE	FALSE
N48L	p.Asn48Leu	missense	0.905186442	0.200691799	-0.432071753	benign supporting	FALSE	FALSE
N48K	p.Asn48Lys	missense	1.009953323	0.06676474	-0.5150295	benign supporting	FALSE	FALSE
N48G	p.Asn48Gly	missense	1.265329701	0.105479146	-0.558315833	benign supporting	FALSE	FALSE
N48Y	p.Asn48Tyr	missense	0.954849391	0.114070714	-0.475297133	benign supporting	FALSE	FALSE
N48N	p.Asn48=	synonymous	0.856422189	0.135880719	NA	NA	FALSE	FALSE
N48C	p.Asn48Cys	missense	1.100797932	0.1963219	-0.558310602	benign supporting	FALSE	FALSE
N48P	p.Asn48Pro	missense	0.992899925	0.17787453	-0.503386728	benign supporting	FALSE	FALSE
N48E	p.Asn48Glu	missense	1.29418394	0.034356663	-0.546873977	benign supporting	FALSE	FALSE
N48M	p.Asn48Met	missense	NA	NA	NA	NA	NA	NA
N48W	p.Asn48Trp	missense	1.088088146	0.057580306	-0.555453191	benign supporting	FALSE	FALSE
N48H	p.Asn48His	missense	1.016027223	0.119103209	-0.518930642	benign supporting	FALSE	FALSE
N48Q	p.Asn48Gln	missense	0.905765476	0.05459727	-0.432710879	benign supporting	FALSE	FALSE
N48*	p.Asn48*	nonsense	0.305535849	0.482671819	NA	NA	TRUE	FALSE
S49S	p.Ser49=	synonymous	0.882403208	0.450200181	NA	NA	TRUE	FALSE
S49A	p.Ser49Ala	missense	0.92623071	0.133089729	-0.45216685	benign supporting	FALSE	FALSE
S49V	p.Ser49Val	missense	1.102812751	0.08936333	-0.558712689	benign supporting	FALSE	FALSE
S49R	p.Ser49Arg	missense	0.759636851	0.20831563	-0.236722563	indeterminate	FALSE	FALSE
S49D	p.Ser49Asp	missense	1.002183405	0.096447571	-0.509853101	benign supporting	FALSE	FALSE
S49F	p.Ser49Phe	missense	1.125453115	0.074215941	-0.562261654	benign supporting	FALSE	FALSE
S49T	p.Ser49Thr	missense	1.421701507	0.078823585	-0.46259389	benign supporting	FALSE	FALSE
S49I	p.Ser49Ile	missense	1.172498004	0.053757641	-0.567024177	benign supporting	FALSE	FALSE
S49L	p.Ser49Leu	missense	1.474390936	0.112019927	NA	NA	FALSE	TRUE
S49K	p.Ser49Lys	missense	0.903424008	0.118895815	-0.430116619	benign supporting	FALSE	FALSE
S49G	p.Ser49Gly	missense	1.185181431	0.129168948	-0.568405824	benign supporting	FALSE	FALSE
S49Y	p.Ser49Tyr	missense	1.199834112	0.085762087	-0.568300624	benign supporting	FALSE	FALSE
S49N	p.Ser49Asn	missense	NA	NA	NA	NA	NA	NA
S49C	p.Ser49Cys	missense	1.097480414	0.344579882	-0.557618137	benign supporting	FALSE	FALSE
S49P	p.Ser49Pro	missense	0.963194174	0.445889462	-0.481420357	benign supporting	FALSE	FALSE
S49E	p.Ser49Glu	missense	1.226697252	0.038435928	-0.564866481	benign supporting	FALSE	FALSE
S49M	p.Ser49Met	missense	0.698400132	0.065238419	-0.144090325	indeterminate	FALSE	FALSE
S49W	p.Ser49Trp	missense	1.307685323	0.034880993	-0.540173053	benign supporting	FALSE	FALSE
S49H	p.Ser49His	missense	1.118366281	0.102120384	-0.561343636	benign supporting	FALSE	FALSE
S49Q	p.Ser49Gln	missense	0.973008046	0.052697383	-0.488445553	benign supporting	FALSE	FALSE
S49*	p.Ser49*	nonsense	0.322247494	0.058278762	NA	NA	FALSE	FALSE
S50S	p.Ser50=	synonymous	1.062236812	0.496204409	NA	NA	FALSE	FALSE
S50A	p.Ser50Ala	missense	1.34940879	0.372375428	-0.517858093	benign supporting	FALSE	FALSE
S50V	p.Ser50Val	missense	1.18099895	0.132998882	-0.567832935	benign supporting	FALSE	FALSE
S50R	p.Ser50Arg	missense	1.37468095	0.836041802	-0.5008699	benign supporting	FALSE	FALSE
S50D	p.Ser50Asp	missense	NA	NA	NA	NA	NA	NA
S50F	p.Ser50Phe	missense	1.813513936	0.48059909	NA	NA	FALSE	TRUE
S50T	p.Ser50Thr	missense	-0.033221871	0.363101546	0.55105583	pathogenic supporting	FALSE	FALSE
S50I	p.Ser50Ile	missense	NA	NA	NA	NA	NA	NA
S50L	p.Ser50Leu	missense	0.576593845	0.20772474	NA	NA	TRUE	FALSE
S50K	p.Ser50Lys	missense	0.861311747	0.958673753	NA	NA	TRUE	FALSE
S50G	p.Ser50Gly	missense	1.180975162	0.82609768	NA	NA	TRUE	FALSE
S50Y	p.Ser50Tyr	missense	NA	NA	NA	NA	NA	NA
S50N	p.Ser50Asn	missense	1.054332652	0.279301611	-0.540752844	benign supporting	FALSE	FALSE
S50C	p.Ser50Cys	missense	0.348665974	1.571646244	NA	NA	TRUE	FALSE
S50P	p.Ser50Pro	missense	1.662991387	0.163443428	NA	NA	FALSE	TRUE
S50E	p.Ser50Glu	missense	NA	NA	NA	NA	NA	NA
S50M	p.Ser50Met	missense	NA	NA	NA	NA	NA	NA
S50W	p.Ser50Trp	missense	-0.244704499	0.550822748	0.725085717	pathogenic moderate	FALSE	FALSE
S50H	p.Ser50His	missense	-0.117521831	0.737011943	NA	NA	TRUE	FALSE
S50Q	p.Ser50Gln	missense	0.299385423	0.713889182	NA	NA	TRUE	FALSE
S50*	p.Ser50*	nonsense	-0.755498788	0.53101659	NA	NA	FALSE	FALSE
Q51S	p.Gln51Ser	missense	0.793534564	0.490409902	NA	NA	TRUE	FALSE
Q51A	p.Gln51Ala	missense	0.621890064	0.186505605	NA	NA	TRUE	FALSE
Q51V	p.Gln51Val	missense	0.871264339	0.085621188	-0.391625027	benign supporting	FALSE	FALSE
Q51R	p.Gln51Arg	missense	1.065204399	0.975731012	NA	NA	TRUE	FALSE
Q51D	p.Gln51Asp	missense	NA	NA	NA	NA	NA	NA
Q51F	p.Gln51Phe	missense	NA	NA	NA	NA	NA	NA
Q51T	p.Gln51Thr	missense	0.984207785	0.47018862	-0.497044669	benign supporting	FALSE	FALSE
Q51I	p.Gln51Ile	missense	NA	NA	NA	NA	NA	NA
Q51L	p.Gln51Leu	missense	0.23365623	0.273760691	NA	NA	TRUE	FALSE
Q51K	p.Gln51Lys	missense	NA	NA	NA	NA	NA	NA
Q51G	p.Gln51Gly	missense	0.43828989	0.916279051	NA	NA	TRUE	FALSE
Q51Y	p.Gln51Tyr	missense	1.595438269	0.113389383	NA	NA	FALSE	TRUE
Q51N	p.Gln51Asn	missense	NA	NA	NA	NA	NA	NA
Q51C	p.Gln51Cys	missense	NA	NA	NA	NA	NA	NA
Q51P	p.Gln51Pro	missense	0.929833907	0.800180005	NA	NA	TRUE	FALSE
Q51E	p.Gln51Glu	missense	1.601949152	0.317676738	NA	NA	FALSE	TRUE
Q51M	p.Gln51Met	missense	0.769767312	0.147827608	-0.251424598	indeterminate	FALSE	FALSE
Q51W	p.Gln51Trp	missense	0.605579215	0.083353896	0.011756398	indeterminate	FALSE	FALSE
Q51H	p.Gln51His	missense	NA	NA	NA	NA	NA	NA
Q51Q	p.Gln51=	synonymous	0.969468497	0.147841441	NA	NA	FALSE	FALSE
Q51*	p.Gln51*	nonsense	0.30334972	0.664872204	NA	NA	TRUE	FALSE
S52S	p.Ser52=	synonymous	0.958505554	0.398972116	NA	NA	FALSE	FALSE
S52A	p.Ser52Ala	missense	0.826427942	0.163294463	-0.332329405	benign supporting	FALSE	FALSE
S52V	p.Ser52Val	missense	0.618081967	1.343645158	NA	NA	TRUE	FALSE
S52R	p.Ser52Arg	missense	0.286167183	0.266866263	NA	NA	TRUE	FALSE
S52D	p.Ser52Asp	missense	-0.158264922	0.414432067	0.614031933	pathogenic supporting	FALSE	FALSE
S52F	p.Ser52Phe	missense	0.512173439	0.214205837	NA	NA	TRUE	FALSE
S52T	p.Ser52Thr	missense	1.115148839	0.86812252	NA	NA	TRUE	FALSE
S52I	p.Ser52Ile	missense	0.05351981	0.641249766	NA	NA	TRUE	FALSE
S52L	p.Ser52Leu	missense	0.645172259	0.555747753	NA	NA	TRUE	FALSE
S52K	p.Ser52Lys	missense	NA	NA	NA	NA	NA	NA
S52G	p.Ser52Gly	missense	1.621974202	0.390053821	NA	NA	FALSE	TRUE
S52Y	p.Ser52Tyr	missense	0.533157001	0.247933592	NA	NA	TRUE	FALSE
S52N	p.Ser52Asn	missense	NA	NA	NA	NA	NA	NA
S52C	p.Ser52Cys	missense	NA	NA	NA	NA	NA	NA
S52P	p.Ser52Pro	missense	0.166339322	0.797214841	NA	NA	TRUE	FALSE
S52E	p.Ser52Glu	missense	NA	NA	NA	NA	NA	NA
S52M	p.Ser52Met	missense	1.019527115	0.142206693	-0.52112179	benign supporting	FALSE	FALSE
S52W	p.Ser52Trp	missense	0.184195691	0.298146365	0.588074855	pathogenic supporting	FALSE	FALSE
S52H	p.Ser52His	missense	1.043503994	0.148818525	-0.535055215	benign supporting	FALSE	FALSE
S52Q	p.Ser52Gln	missense	1.345395312	0.11337505	-0.520337353	benign supporting	FALSE	FALSE
S52*	p.Ser52*	nonsense	NA	NA	NA	NA	NA	NA
S53S	p.Ser53=	synonymous	0.397116522	0.565545722	NA	NA	TRUE	FALSE
S53A	p.Ser53Ala	missense	0.619221766	0.166649586	NA	NA	TRUE	FALSE
S53V	p.Ser53Val	missense	2.016562665	0.211865919	NA	NA	FALSE	TRUE
S53R	p.Ser53Arg	missense	0.748064538	0.366327458	NA	NA	TRUE	FALSE
S53D	p.Ser53Asp	missense	0.901401973	0.072331349	-0.427855149	benign supporting	FALSE	FALSE
S53F	p.Ser53Phe	missense	0.859604971	0.193362216	-0.377434775	benign supporting	FALSE	FALSE
S53T	p.Ser53Thr	missense	0.461431873	0.477716833	NA	NA	TRUE	FALSE
S53I	p.Ser53Ile	missense	2.107209168	0.686251907	NA	NA	FALSE	TRUE
S53L	p.Ser53Leu	missense	1.051235915	0.181698936	-0.539160292	benign supporting	FALSE	FALSE
S53K	p.Ser53Lys	missense	0.062820501	0.151668175	0.544147532	pathogenic supporting	FALSE	FALSE
S53G	p.Ser53Gly	missense	0.739997344	0.215040436	-0.207405008	indeterminate	FALSE	FALSE
S53Y	p.Ser53Tyr	missense	0.587094525	0.237900252	NA	NA	TRUE	FALSE
S53N	p.Ser53Asn	missense	0.573373494	0.173986263	NA	NA	TRUE	FALSE
S53C	p.Ser53Cys	missense	NA	NA	NA	NA	NA	NA
S53P	p.Ser53Pro	missense	1.002518279	0.142350507	-0.510080572	benign supporting	FALSE	FALSE
S53E	p.Ser53Glu	missense	0.883585226	0.104003483	-0.407036281	benign supporting	FALSE	FALSE
S53M	p.Ser53Met	missense	0.985806963	0.177936241	-0.498232835	benign supporting	FALSE	FALSE
S53W	p.Ser53Trp	missense	-0.261592226	0.270599974	0.757704983	pathogenic moderate	FALSE	FALSE
S53H	p.Ser53His	missense	0.520558809	0.091167604	NA	NA	TRUE	FALSE
S53Q	p.Ser53Gln	missense	-0.324221755	0.336012421	0.936965801	pathogenic moderate	FALSE	FALSE
S53*	p.Ser53*	nonsense	0.191010644	1.282635727	NA	NA	TRUE	FALSE
H54S	p.His54Ser	missense	1.25933499	0.252121387	-0.55974275	benign supporting	FALSE	FALSE
H54A	p.His54Ala	missense	1.500760249	0.983242501	NA	NA	FALSE	TRUE
H54V	p.His54Val	missense	1.163819996	0.122755174	-0.566363785	benign supporting	FALSE	FALSE
H54R	p.His54Arg	missense	0.958867219	0.176351347	-0.478278587	benign supporting	FALSE	FALSE
H54D	p.His54Asp	missense	NA	NA	NA	NA	NA	NA
H54F	p.His54Phe	missense	0.960422721	0.307956303	-0.479416205	benign supporting	FALSE	FALSE
H54T	p.His54Thr	missense	0.299198749	0.279862006	NA	NA	TRUE	FALSE
H54I	p.His54Ile	missense	NA	NA	NA	NA	NA	NA
H54L	p.His54Leu	missense	1.295421195	0.159732014	-0.546299951	benign supporting	FALSE	FALSE
H54K	p.His54Lys	missense	NA	NA	NA	NA	NA	NA
H54G	p.His54Gly	missense	1.29607441	0.063937566	-0.545993705	benign supporting	FALSE	FALSE
H54Y	p.His54Tyr	missense	1.289875147	0.088621867	-0.548812132	benign supporting	FALSE	FALSE
H54N	p.His54Asn	missense	0.660398406	0.488149099	NA	NA	TRUE	FALSE
H54C	p.His54Cys	missense	NA	NA	NA	NA	NA	NA
H54P	p.His54Pro	missense	1.069099	0.22876599	-0.547947782	benign supporting	FALSE	FALSE
H54E	p.His54Glu	missense	1.510636044	0.153766417	NA	NA	FALSE	TRUE
H54M	p.His54Met	missense	1.006214877	0.129037228	-0.512565269	benign supporting	FALSE	FALSE
H54W	p.His54Trp	missense	0.858804371	0.295490522	-0.376450193	benign supporting	FALSE	FALSE
H54H	p.His54=	synonymous	0.861279003	0.148894949	NA	NA	FALSE	FALSE
H54Q	p.His54Gln	missense	1.409549335	0.226488165	-0.474185499	benign supporting	FALSE	FALSE
H54*	p.His54*	nonsense	0.245561123	0.814387999	NA	NA	TRUE	FALSE
S55S	p.Ser55=	synonymous	1.379266961	0.437556111	NA	NA	FALSE	FALSE
S55A	p.Ser55Ala	missense	0.60725162	0.255428105	NA	NA	TRUE	FALSE
S55V	p.Ser55Val	missense	0.82714569	0.104952312	-0.333355145	benign supporting	FALSE	FALSE
S55R	p.Ser55Arg	missense	0.899802424	0.361754314	-0.426052126	benign supporting	FALSE	FALSE
S55D	p.Ser55Asp	missense	1.750440893	0.069621609	NA	NA	FALSE	TRUE
S55F	p.Ser55Phe	missense	0.845562404	0.262408663	-0.359605641	benign supporting	FALSE	FALSE
S55T	p.Ser55Thr	missense	1.250236134	0.080776039	-0.561609811	benign supporting	FALSE	FALSE
S55I	p.Ser55Ile	missense	0.278475367	0.151353825	0.524765984	pathogenic supporting	FALSE	FALSE
S55L	p.Ser55Leu	missense	0.729078707	0.375821866	NA	NA	TRUE	FALSE
S55K	p.Ser55Lys	missense	0.848808413	0.427775868	NA	NA	TRUE	FALSE
S55G	p.Ser55Gly	missense	1.424059856	0.236918539	-0.460185589	benign supporting	FALSE	FALSE
S55Y	p.Ser55Tyr	missense	0.516262045	0.148489338	NA	NA	TRUE	FALSE
S55N	p.Ser55Asn	missense	0.993883271	0.066792678	-0.504086498	benign supporting	FALSE	FALSE
S55C	p.Ser55Cys	missense	0.715820719	0.67092876	NA	NA	TRUE	FALSE
S55P	p.Ser55Pro	missense	0.701730519	1.066273277	NA	NA	TRUE	FALSE
S55E	p.Ser55Glu	missense	1.306065053	0.077252053	-0.541029099	benign supporting	FALSE	FALSE
S55M	p.Ser55Met	missense	NA	NA	NA	NA	NA	NA
S55W	p.Ser55Trp	missense	0.786662921	0.083527249	-0.275936996	indeterminate	FALSE	FALSE
S55H	p.Ser55His	missense	0.597949074	0.129418516	NA	NA	TRUE	FALSE
S55Q	p.Ser55Gln	missense	0.527821006	0.176696143	NA	NA	TRUE	FALSE
S55*	p.Ser55*	nonsense	-0.368800824	0.140633361	NA	NA	FALSE	FALSE
S56S	p.Ser56=	synonymous	1.734979785	0.495870084	NA	NA	FALSE	TRUE
S56A	p.Ser56Ala	missense	0.935250411	0.537072619	NA	NA	TRUE	FALSE
S56V	p.Ser56Val	missense	-0.289189314	0.417962903	0.823846342	pathogenic moderate	FALSE	FALSE
S56R	p.Ser56Arg	missense	NA	NA	NA	NA	NA	NA
S56D	p.Ser56Asp	missense	NA	NA	NA	NA	NA	NA
S56F	p.Ser56Phe	missense	NA	NA	NA	NA	NA	NA
S56T	p.Ser56Thr	missense	NA	NA	NA	NA	NA	NA
S56I	p.Ser56Ile	missense	0.379239699	1.05583496	NA	NA	TRUE	FALSE
S56L	p.Ser56Leu	missense	0.336470819	0.608603108	NA	NA	TRUE	FALSE
S56K	p.Ser56Lys	missense	NA	NA	NA	NA	NA	NA
S56G	p.Ser56Gly	missense	0.445541179	0.440648773	NA	NA	TRUE	FALSE
S56Y	p.Ser56Tyr	missense	NA	NA	NA	NA	NA	NA
S56N	p.Ser56Asn	missense	1.160299302	0.707066612	NA	NA	TRUE	FALSE
S56C	p.Ser56Cys	missense	0.65987374	1.013167371	NA	NA	TRUE	FALSE
S56P	p.Ser56Pro	missense	NA	NA	NA	NA	NA	NA
S56E	p.Ser56Glu	missense	0.803322027	0.15771853	-0.300082715	indeterminate	FALSE	FALSE
S56M	p.Ser56Met	missense	1.064547789	0.122738509	-0.545799946	benign supporting	FALSE	FALSE
S56W	p.Ser56Trp	missense	0.57892633	0.359893735	NA	NA	TRUE	FALSE
S56H	p.Ser56His	missense	NA	NA	NA	NA	NA	NA
S56Q	p.Ser56Gln	missense	0.440574505	0.20979993	NA	NA	TRUE	FALSE
S56*	p.Ser56*	nonsense	NA	NA	NA	NA	NA	NA
S57S	p.Ser57=	synonymous	0.877999463	0.410701912	NA	NA	TRUE	FALSE
S57A	p.Ser57Ala	missense	0.480437966	0.243867691	NA	NA	TRUE	FALSE
S57V	p.Ser57Val	missense	0.968974643	0.185696636	-0.485508	benign supporting	FALSE	FALSE
S57R	p.Ser57Arg	missense	0.031788966	0.283457864	0.543454778	pathogenic supporting	FALSE	FALSE
S57D	p.Ser57Asp	missense	NA	NA	NA	NA	NA	NA
S57F	p.Ser57Phe	missense	1.325524312	0.153556264	-0.531222298	benign supporting	FALSE	FALSE
S57T	p.Ser57Thr	missense	1.154736347	0.473970059	-0.565394169	benign supporting	FALSE	FALSE
S57I	p.Ser57Ile	missense	0.317593838	0.374862651	NA	NA	TRUE	FALSE
S57L	p.Ser57Leu	missense	1.069360836	0.416378639	-0.548069474	benign supporting	FALSE	FALSE
S57K	p.Ser57Lys	missense	NA	NA	NA	NA	NA	NA
S57G	p.Ser57Gly	missense	1.40747133	0.137476832	-0.476037477	benign supporting	FALSE	FALSE
S57Y	p.Ser57Tyr	missense	0.032484691	1.241354455	NA	NA	TRUE	FALSE
S57N	p.Ser57Asn	missense	NA	NA	NA	NA	NA	NA
S57C	p.Ser57Cys	missense	NA	NA	NA	NA	NA	NA
S57P	p.Ser57Pro	missense	0.211814612	0.837519805	NA	NA	TRUE	FALSE
S57E	p.Ser57Glu	missense	1.362650603	0.087360287	-0.508948663	benign supporting	FALSE	FALSE
S57M	p.Ser57Met	missense	NA	NA	NA	NA	NA	NA
S57W	p.Ser57Trp	missense	0.718352954	0.79824623	NA	NA	TRUE	FALSE
S57H	p.Ser57His	missense	-0.840335612	0.357999175	4.623851721	pathogenic very strong	FALSE	FALSE
S57Q	p.Ser57Gln	missense	0.308044263	0.176981535	0.491268326	pathogenic supporting	FALSE	FALSE
S57*	p.Ser57*	nonsense	-0.740222908	0.207912972	NA	NA	FALSE	FALSE
G58S	p.Gly58Ser	missense	0.763135898	0.361402402	NA	NA	TRUE	FALSE
G58A	p.Gly58Ala	missense	1.365250555	0.087910422	-0.507061222	benign supporting	FALSE	FALSE
G58V	p.Gly58Val	missense	0.781549352	0.453756742	NA	NA	TRUE	FALSE
G58R	p.Gly58Arg	missense	1.186890158	0.183883513	-0.568623829	benign supporting	FALSE	FALSE
G58D	p.Gly58Asp	missense	NA	NA	NA	NA	NA	NA
G58F	p.Gly58Phe	missense	1.274611504	0.249821126	-0.555536892	benign supporting	FALSE	FALSE
G58T	p.Gly58Thr	missense	NA	NA	NA	NA	NA	NA
G58I	p.Gly58Ile	missense	1.147584495	0.178394419	-0.564434374	benign supporting	FALSE	FALSE
G58L	p.Gly58Leu	missense	1.445192327	0.677392706	-0.438826923	benign supporting	FALSE	FALSE
G58K	p.Gly58Lys	missense	NA	NA	NA	NA	NA	NA
G58G	p.Gly58=	synonymous	1.006369705	0.152031831	NA	NA	FALSE	FALSE
G58Y	p.Gly58Tyr	missense	NA	NA	NA	NA	NA	NA
G58N	p.Gly58Asn	missense	NA	NA	NA	NA	NA	NA
G58C	p.Gly58Cys	missense	0.392898982	0.327362028	NA	NA	TRUE	FALSE
G58P	p.Gly58Pro	missense	1.160912351	0.106977112	-0.566084093	benign supporting	FALSE	FALSE
G58E	p.Gly58Glu	missense	0.805235252	1.086878731	NA	NA	TRUE	FALSE
G58M	p.Gly58Met	missense	0.101633454	0.881753316	NA	NA	TRUE	FALSE
G58W	p.Gly58Trp	missense	NA	NA	NA	NA	NA	NA
G58H	p.Gly58His	missense	NA	NA	NA	NA	NA	NA
G58Q	p.Gly58Gln	missense	NA	NA	NA	NA	NA	NA
G58*	p.Gly58*	nonsense	-0.328554487	0.652651199	NA	NA	FALSE	FALSE
T59S	p.Thr59Ser	missense	0.835613643	1.12726625	NA	NA	TRUE	FALSE
T59A	p.Thr59Ala	missense	0.139246229	1.035443145	NA	NA	TRUE	FALSE
T59V	p.Thr59Val	missense	0.426843907	0.808420872	NA	NA	TRUE	FALSE
T59R	p.Thr59Arg	missense	0.720487331	0.105943117	-0.176729115	indeterminate	FALSE	FALSE
T59D	p.Thr59Asp	missense	0.649166687	1.215454503	NA	NA	TRUE	FALSE
T59F	p.Thr59Phe	missense	1.902006133	0.149815489	NA	NA	FALSE	TRUE
T59T	p.Thr59=	synonymous	1.596894592	0.07869506	NA	NA	FALSE	TRUE
T59I	p.Thr59Ile	missense	0.853280321	0.374002523	NA	NA	TRUE	FALSE
T59L	p.Thr59Leu	missense	0.140671824	0.614590679	NA	NA	TRUE	FALSE
T59K	p.Thr59Lys	missense	0.314899027	0.85587716	NA	NA	TRUE	FALSE
T59G	p.Thr59Gly	missense	1.585935744	0.112923466	NA	NA	FALSE	TRUE
T59Y	p.Thr59Tyr	missense	NA	NA	NA	NA	NA	NA
T59N	p.Thr59Asn	missense	NA	NA	NA	NA	NA	NA
T59C	p.Thr59Cys	missense	NA	NA	NA	NA	NA	NA
T59P	p.Thr59Pro	missense	0.900841202	0.858663172	NA	NA	TRUE	FALSE
T59E	p.Thr59Glu	missense	0.461042091	1.006461486	NA	NA	TRUE	FALSE
T59M	p.Thr59Met	missense	0.49403937	0.67311164	NA	NA	TRUE	FALSE
T59W	p.Thr59Trp	missense	0.958837145	0.274004895	-0.478256501	benign supporting	FALSE	FALSE
T59H	p.Thr59His	missense	0.947438132	0.148222742	-0.469631643	benign supporting	FALSE	FALSE
T59Q	p.Thr59Gln	missense	NA	NA	NA	NA	NA	NA
T59*	p.Thr59*	nonsense	NA	NA	NA	NA	NA	NA
L60S	p.Leu60Ser	missense	0.213845781	0.533528799	NA	NA	TRUE	FALSE
L60A	p.Leu60Ala	missense	0.475759916	0.296786182	NA	NA	TRUE	FALSE
L60V	p.Leu60Val	missense	0.841448843	0.226741816	-0.354147752	benign supporting	FALSE	FALSE
L60R	p.Leu60Arg	missense	-0.224411245	0.540301795	0.691766792	pathogenic moderate	FALSE	FALSE
L60D	p.Leu60Asp	missense	1.745719608	0.290435749	NA	NA	FALSE	TRUE
L60F	p.Leu60Phe	missense	NA	NA	NA	NA	NA	NA
L60T	p.Leu60Thr	missense	0.617645152	0.846864157	NA	NA	TRUE	FALSE
L60I	p.Leu60Ile	missense	0.319382563	0.20216245	NA	NA	TRUE	FALSE
L60L	p.Leu60=	synonymous	1.132916703	0.302576487	NA	NA	FALSE	FALSE
L60K	p.Leu60Lys	missense	0.262614376	0.124206553	0.547045085	pathogenic supporting	FALSE	FALSE
L60G	p.Leu60Gly	missense	1.104340802	0.386900962	-0.55900831	benign supporting	FALSE	FALSE
L60Y	p.Leu60Tyr	missense	NA	NA	NA	NA	NA	NA
L60N	p.Leu60Asn	missense	NA	NA	NA	NA	NA	NA
L60C	p.Leu60Cys	missense	1.333675813	0.136111586	-0.527027157	benign supporting	FALSE	FALSE
L60P	p.Leu60Pro	missense	0.753925013	0.475509463	NA	NA	TRUE	FALSE
L60E	p.Leu60Glu	missense	0.070117655	0.953708252	NA	NA	TRUE	FALSE
L60M	p.Leu60Met	missense	1.119991567	0.130072162	-0.561569842	benign supporting	FALSE	FALSE
L60W	p.Leu60Trp	missense	0.885733259	0.146682584	-0.409634909	benign supporting	FALSE	FALSE
L60H	p.Leu60His	missense	0.708657264	0.181084638	-0.159463039	indeterminate	FALSE	FALSE
L60Q	p.Leu60Gln	missense	0.63508451	1.185794736	NA	NA	TRUE	FALSE
L60*	p.Leu60*	nonsense	0.133805359	0.194820223	NA	NA	FALSE	FALSE
S61S	p.Ser61=	synonymous	0.810234322	0.502808237	NA	NA	TRUE	FALSE
S61A	p.Ser61Ala	missense	NA	NA	NA	NA	NA	NA
S61V	p.Ser61Val	missense	-0.01782633	0.775609619	NA	NA	TRUE	FALSE
S61R	p.Ser61Arg	missense	NA	NA	NA	NA	NA	NA
S61D	p.Ser61Asp	missense	NA	NA	NA	NA	NA	NA
S61F	p.Ser61Phe	missense	NA	NA	NA	NA	NA	NA
S61T	p.Ser61Thr	missense	NA	NA	NA	NA	NA	NA
S61I	p.Ser61Ile	missense	NA	NA	NA	NA	NA	NA
S61L	p.Ser61Leu	missense	NA	NA	NA	NA	NA	NA
S61K	p.Ser61Lys	missense	-0.046511639	0.626093606	NA	NA	TRUE	FALSE
S61G	p.Ser61Gly	missense	-0.438158181	1.00169639	NA	NA	TRUE	FALSE
S61Y	p.Ser61Tyr	missense	NA	NA	NA	NA	NA	NA
S61N	p.Ser61Asn	missense	0.95483536	0.136569425	-0.475286612	benign supporting	FALSE	FALSE
S61C	p.Ser61Cys	missense	0.571021302	0.171461043	NA	NA	TRUE	FALSE
S61P	p.Ser61Pro	missense	NA	NA	NA	NA	NA	NA
S61E	p.Ser61Glu	missense	NA	NA	NA	NA	NA	NA
S61M	p.Ser61Met	missense	NA	NA	NA	NA	NA	NA
S61W	p.Ser61Trp	missense	NA	NA	NA	NA	NA	NA
S61H	p.Ser61His	missense	NA	NA	NA	NA	NA	NA
S61Q	p.Ser61Gln	missense	0.212091537	0.754748467	NA	NA	TRUE	FALSE
S61*	p.Ser61*	nonsense	NA	NA	NA	NA	NA	NA
S62S	p.Ser62=	synonymous	0.466958165	1.087239573	NA	NA	TRUE	FALSE
S62A	p.Ser62Ala	missense	NA	NA	NA	NA	NA	NA
S62V	p.Ser62Val	missense	NA	NA	NA	NA	NA	NA
S62R	p.Ser62Arg	missense	NA	NA	NA	NA	NA	NA
S62D	p.Ser62Asp	missense	2.622873956	0.056077614	NA	NA	FALSE	TRUE
S62F	p.Ser62Phe	missense	NA	NA	NA	NA	NA	NA
S62T	p.Ser62Thr	missense	NA	NA	NA	NA	NA	NA
S62I	p.Ser62Ile	missense	NA	NA	NA	NA	NA	NA
S62L	p.Ser62Leu	missense	NA	NA	NA	NA	NA	NA
S62K	p.Ser62Lys	missense	NA	NA	NA	NA	NA	NA
S62G	p.Ser62Gly	missense	NA	NA	NA	NA	NA	NA
S62Y	p.Ser62Tyr	missense	NA	NA	NA	NA	NA	NA
S62N	p.Ser62Asn	missense	NA	NA	NA	NA	NA	NA
S62C	p.Ser62Cys	missense	NA	NA	NA	NA	NA	NA
S62P	p.Ser62Pro	missense	0.370064568	0.799058312	NA	NA	TRUE	FALSE
S62E	p.Ser62Glu	missense	NA	NA	NA	NA	NA	NA
S62M	p.Ser62Met	missense	NA	NA	NA	NA	NA	NA
S62W	p.Ser62Trp	missense	0.7535395	0.10950285	-0.227926805	indeterminate	FALSE	FALSE
S62H	p.Ser62His	missense	NA	NA	NA	NA	NA	NA
S62Q	p.Ser62Gln	missense	NA	NA	NA	NA	NA	NA
S62*	p.Ser62*	nonsense	NA	NA	NA	NA	NA	NA
L63S	p.Leu63Ser	missense	0.750560405	0.112349925	-0.223532136	indeterminate	FALSE	FALSE
L63A	p.Leu63Ala	missense	NA	NA	NA	NA	NA	NA
L63V	p.Leu63Val	missense	0.761526599	0.223004364	-0.239396085	indeterminate	FALSE	FALSE
L63R	p.Leu63Arg	missense	NA	NA	NA	NA	NA	NA
L63D	p.Leu63Asp	missense	NA	NA	NA	NA	NA	NA
L63F	p.Leu63Phe	missense	1.397478162	1.625993062	NA	NA	TRUE	FALSE
L63T	p.Leu63Thr	missense	NA	NA	NA	NA	NA	NA
L63I	p.Leu63Ile	missense	NA	NA	NA	NA	NA	NA
L63L	p.Leu63=	synonymous	0.602113822	1.282699426	NA	NA	TRUE	FALSE
L63K	p.Leu63Lys	missense	NA	NA	NA	NA	NA	NA
L63G	p.Leu63Gly	missense	0.188249573	0.673516131	NA	NA	TRUE	FALSE
L63Y	p.Leu63Tyr	missense	NA	NA	NA	NA	NA	NA
L63N	p.Leu63Asn	missense	NA	NA	NA	NA	NA	NA
L63C	p.Leu63Cys	missense	0.847323192	1.040674329	NA	NA	TRUE	FALSE
L63P	p.Leu63Pro	missense	NA	NA	NA	NA	NA	NA
L63E	p.Leu63Glu	missense	NA	NA	NA	NA	NA	NA
L63M	p.Leu63Met	missense	NA	NA	NA	NA	NA	NA
L63W	p.Leu63Trp	missense	NA	NA	NA	NA	NA	NA
L63H	p.Leu63His	missense	NA	NA	NA	NA	NA	NA
L63Q	p.Leu63Gln	missense	NA	NA	NA	NA	NA	NA
L63*	p.Leu63*	nonsense	NA	NA	NA	NA	NA	NA
E64S	p.Glu64Ser	missense	1.25089312	0.64775604	-0.561486778	benign supporting	FALSE	FALSE
E64A	p.Glu64Ala	missense	NA	NA	NA	NA	NA	NA
E64V	p.Glu64Val	missense	NA	NA	NA	NA	NA	NA
E64R	p.Glu64Arg	missense	0.324423779	0.408409361	NA	NA	TRUE	FALSE
E64D	p.Glu64Asp	missense	0.13420296	1.180579858	NA	NA	TRUE	FALSE
E64F	p.Glu64Phe	missense	-0.130602212	0.523740992	0.591380417	pathogenic supporting	FALSE	FALSE
E64T	p.Glu64Thr	missense	NA	NA	NA	NA	NA	NA
E64I	p.Glu64Ile	missense	0.329500685	1.026289807	NA	NA	TRUE	FALSE
E64L	p.Glu64Leu	missense	-0.645698991	0.315955719	4.777589827	pathogenic very strong	FALSE	FALSE
E64K	p.Glu64Lys	missense	-0.369225329	1.154336263	NA	NA	TRUE	FALSE
E64G	p.Glu64Gly	missense	NA	NA	NA	NA	NA	NA
E64Y	p.Glu64Tyr	missense	NA	NA	NA	NA	NA	NA
E64N	p.Glu64Asn	missense	0.144220071	0.709544209	NA	NA	TRUE	FALSE
E64C	p.Glu64Cys	missense	-0.141770312	0.853532651	NA	NA	TRUE	FALSE
E64P	p.Glu64Pro	missense	NA	NA	NA	NA	NA	NA
E64E	p.Glu64=	synonymous	1.313831532	0.287882758	NA	NA	FALSE	FALSE
E64M	p.Glu64Met	missense	-1.37626602	0.61121406	4.044109628	pathogenic very strong	FALSE	FALSE
E64W	p.Glu64Trp	missense	NA	NA	NA	NA	NA	NA
E64H	p.Glu64His	missense	NA	NA	NA	NA	NA	NA
E64Q	p.Glu64Gln	missense	NA	NA	NA	NA	NA	NA
E64*	p.Glu64*	nonsense	NA	NA	NA	NA	NA	NA
T65S	p.Thr65Ser	missense	0.263744778	0.217548294	0.545342772	pathogenic supporting	FALSE	FALSE
T65A	p.Thr65Ala	missense	0.878864244	0.749219137	NA	NA	TRUE	FALSE
T65V	p.Thr65Val	missense	0.625992991	0.222808424	NA	NA	TRUE	FALSE
T65R	p.Thr65Arg	missense	-0.059582165	0.339340304	0.557927593	pathogenic supporting	FALSE	FALSE
T65D	p.Thr65Asp	missense	1.664454531	0.247174667	NA	NA	FALSE	TRUE
T65F	p.Thr65Phe	missense	0.889535353	0.326594104	-0.414173262	benign supporting	FALSE	FALSE
T65T	p.Thr65=	synonymous	0.14540193	1.104133935	NA	NA	TRUE	FALSE
T65I	p.Thr65Ile	missense	0.320010169	0.419274886	NA	NA	TRUE	FALSE
T65L	p.Thr65Leu	missense	0.207874436	0.370677121	NA	NA	TRUE	FALSE
T65K	p.Thr65Lys	missense	-0.320793674	0.457048483	0.931652314	pathogenic moderate	FALSE	FALSE
T65G	p.Thr65Gly	missense	0.270118955	0.311918342	NA	NA	TRUE	FALSE
T65Y	p.Thr65Tyr	missense	0.156562993	0.18866612	0.571783048	pathogenic supporting	FALSE	FALSE
T65N	p.Thr65Asn	missense	1.26376615	0.501432997	-0.558703424	benign supporting	FALSE	FALSE
T65C	p.Thr65Cys	missense	NA	NA	NA	NA	NA	NA
T65P	p.Thr65Pro	missense	0.269688913	0.305815912	NA	NA	TRUE	FALSE
T65E	p.Thr65Glu	missense	1.098801571	0.12843218	-0.557898431	benign supporting	FALSE	FALSE
T65M	p.Thr65Met	missense	NA	NA	NA	NA	NA	NA
T65W	p.Thr65Trp	missense	-0.308114048	0.384780335	0.88270271	pathogenic moderate	FALSE	FALSE
T65H	p.Thr65His	missense	NA	NA	NA	NA	NA	NA
T65Q	p.Thr65Gln	missense	NA	NA	NA	NA	NA	NA
T65*	p.Thr65*	nonsense	NA	NA	NA	NA	NA	NA
V66S	p.Val66Ser	missense	0.742343354	0.229120281	-0.211062694	indeterminate	FALSE	FALSE
V66A	p.Val66Ala	missense	1.284856866	0.142711115	-0.550952418	benign supporting	FALSE	FALSE
V66V	p.Val66=	synonymous	1.026581902	0.488447192	NA	NA	FALSE	FALSE
V66R	p.Val66Arg	missense	0.264592918	0.603997151	NA	NA	TRUE	FALSE
V66D	p.Val66Asp	missense	1.194495953	1.072845128	NA	NA	TRUE	FALSE
V66F	p.Val66Phe	missense	2.69080052	0.129774189	NA	NA	FALSE	TRUE
V66T	p.Val66Thr	missense	1.128680079	0.185799886	-0.562620614	benign supporting	FALSE	FALSE
V66I	p.Val66Ile	missense	1.663833055	0.580970887	NA	NA	FALSE	TRUE
V66L	p.Val66Leu	missense	0.292260304	0.519335981	NA	NA	TRUE	FALSE
V66K	p.Val66Lys	missense	0.284946143	0.589147749	NA	NA	TRUE	FALSE
V66G	p.Val66Gly	missense	0.92581667	0.31564816	-0.451806475	benign supporting	FALSE	FALSE
V66Y	p.Val66Tyr	missense	1.3714831	0.77299121	-0.502893339	benign supporting	FALSE	FALSE
V66N	p.Val66Asn	missense	0.379811329	0.220730137	NA	NA	TRUE	FALSE
V66C	p.Val66Cys	missense	0.847518738	0.260447445	-0.362162744	benign supporting	FALSE	FALSE
V66P	p.Val66Pro	missense	NA	NA	NA	NA	NA	NA
V66E	p.Val66Glu	missense	NA	NA	NA	NA	NA	NA
V66M	p.Val66Met	missense	1.539525995	0.116588312	NA	NA	FALSE	TRUE
V66W	p.Val66Trp	missense	1.07357654	0.437312354	-0.550000812	benign supporting	FALSE	FALSE
V66H	p.Val66His	missense	NA	NA	NA	NA	NA	NA
V66Q	p.Val66Gln	missense	NA	NA	NA	NA	NA	NA
V66*	p.Val66*	nonsense	NA	NA	NA	NA	NA	NA
S67S	p.Ser67=	synonymous	1.020758165	0.195569776	NA	NA	FALSE	FALSE
S67A	p.Ser67Ala	missense	0.890642206	0.99000844	NA	NA	TRUE	FALSE
S67V	p.Ser67Val	missense	0.851822448	0.703795168	NA	NA	TRUE	FALSE
S67R	p.Ser67Arg	missense	-0.618568293	0.404734975	4.792804602	pathogenic very strong	FALSE	FALSE
S67D	p.Ser67Asp	missense	1.028427165	0.348594496	-0.52651055	benign supporting	FALSE	FALSE
S67F	p.Ser67Phe	missense	0.458402348	1.252743852	NA	NA	TRUE	FALSE
S67T	p.Ser67Thr	missense	0.243279221	0.205085444	0.561691132	pathogenic supporting	FALSE	FALSE
S67I	p.Ser67Ile	missense	1.536556271	0.214461054	NA	NA	FALSE	TRUE
S67L	p.Ser67Leu	missense	0.399824773	0.666927303	NA	NA	TRUE	FALSE
S67K	p.Ser67Lys	missense	0.872002965	1.120990102	NA	NA	TRUE	FALSE
S67G	p.Ser67Gly	missense	0.413368323	0.594712295	NA	NA	TRUE	FALSE
S67Y	p.Ser67Tyr	missense	-0.446860955	0.230879573	1.296078432	pathogenic strong	FALSE	FALSE
S67N	p.Ser67Asn	missense	-0.07533054	0.552658074	0.563201995	pathogenic supporting	FALSE	FALSE
S67C	p.Ser67Cys	missense	0.904310963	0.229147152	-0.431102401	benign supporting	FALSE	FALSE
S67P	p.Ser67Pro	missense	NA	NA	NA	NA	NA	NA
S67E	p.Ser67Glu	missense	0.535299414	0.218428682	NA	NA	TRUE	FALSE
S67M	p.Ser67Met	missense	NA	NA	NA	NA	NA	NA
S67W	p.Ser67Trp	missense	-0.517025298	0.596054509	4.838502674	pathogenic very strong	FALSE	FALSE
S67H	p.Ser67His	missense	NA	NA	NA	NA	NA	NA
S67Q	p.Ser67Gln	missense	NA	NA	NA	NA	NA	NA
S67*	p.Ser67*	nonsense	NA	NA	NA	NA	NA	NA
T68S	p.Thr68Ser	missense	0.416636937	0.409894219	NA	NA	TRUE	FALSE
T68A	p.Thr68Ala	missense	-0.653855768	0.407970241	4.772730114	pathogenic very strong	FALSE	FALSE
T68V	p.Thr68Val	missense	-0.795974139	0.448791398	4.66108498	pathogenic very strong	FALSE	FALSE
T68R	p.Thr68Arg	missense	-0.007479164	0.563483842	NA	NA	TRUE	FALSE
T68D	p.Thr68Asp	missense	NA	NA	NA	NA	NA	NA
T68F	p.Thr68Phe	missense	0.218162876	0.323801707	NA	NA	TRUE	FALSE
T68T	p.Thr68=	synonymous	1.577804712	0.801246951	NA	NA	FALSE	TRUE
T68I	p.Thr68Ile	missense	1.140501364	0.320405614	-0.563615141	benign supporting	FALSE	FALSE
T68L	p.Thr68Leu	missense	-0.265806496	0.555523855	0.766670458	pathogenic moderate	FALSE	FALSE
T68K	p.Thr68Lys	missense	NA	NA	NA	NA	NA	NA
T68G	p.Thr68Gly	missense	NA	NA	NA	NA	NA	NA
T68Y	p.Thr68Tyr	missense	NA	NA	NA	NA	NA	NA
T68N	p.Thr68Asn	missense	NA	NA	NA	NA	NA	NA
T68C	p.Thr68Cys	missense	0.099836613	0.243162584	0.550448579	pathogenic supporting	FALSE	FALSE
T68P	p.Thr68Pro	missense	NA	NA	NA	NA	NA	NA
T68E	p.Thr68Glu	missense	0.845678574	0.362689476	NA	NA	TRUE	FALSE
T68M	p.Thr68Met	missense	-0.006448204	0.657516682	NA	NA	TRUE	FALSE
T68W	p.Thr68Trp	missense	1.33998706	0.952325866	NA	NA	TRUE	FALSE
T68H	p.Thr68His	missense	NA	NA	NA	NA	NA	NA
T68Q	p.Thr68Gln	missense	NA	NA	NA	NA	NA	NA
T68*	p.Thr68*	nonsense	NA	NA	NA	NA	NA	NA
Q69S	p.Gln69Ser	missense	0.430346863	0.176986549	NA	NA	TRUE	FALSE
Q69A	p.Gln69Ala	missense	-0.758171212	0.681314625	4.696629451	pathogenic very strong	FALSE	FALSE
Q69V	p.Gln69Val	missense	0.765625094	0.684239504	NA	NA	TRUE	FALSE
Q69R	p.Gln69Arg	missense	-0.466257034	0.771699819	1.428043672	pathogenic strong	FALSE	FALSE
Q69D	p.Gln69Asp	missense	NA	NA	NA	NA	NA	NA
Q69F	p.Gln69Phe	missense	-1.037407907	0.482237338	4.439302672	pathogenic very strong	FALSE	FALSE
Q69T	p.Gln69Thr	missense	-0.088466173	0.383869586	0.568324673	pathogenic supporting	FALSE	FALSE
Q69I	p.Gln69Ile	missense	0.119871511	0.997981496	NA	NA	TRUE	FALSE
Q69L	p.Gln69Leu	missense	0.401791329	0.469199013	NA	NA	TRUE	FALSE
Q69K	p.Gln69Lys	missense	NA	NA	NA	NA	NA	NA
Q69G	p.Gln69Gly	missense	-0.117499389	0.684823215	NA	NA	TRUE	FALSE
Q69Y	p.Gln69Tyr	missense	0.637913087	0.712077348	NA	NA	TRUE	FALSE
Q69N	p.Gln69Asn	missense	NA	NA	NA	NA	NA	NA
Q69C	p.Gln69Cys	missense	-0.411431794	0.607757294	1.139817476	pathogenic moderate	FALSE	FALSE
Q69P	p.Gln69Pro	missense	0.299264227	0.412565817	NA	NA	TRUE	FALSE
Q69E	p.Gln69Glu	missense	NA	NA	NA	NA	NA	NA
Q69M	p.Gln69Met	missense	0.78154918	0.216966786	-0.268723901	indeterminate	FALSE	FALSE
Q69W	p.Gln69Trp	missense	0.483449103	0.114882324	NA	NA	TRUE	FALSE
Q69H	p.Gln69His	missense	NA	NA	NA	NA	NA	NA
Q69Q	p.Gln69=	synonymous	1.109368005	0.265785204	NA	NA	FALSE	FALSE
Q69*	p.Gln69*	nonsense	0.406920209	0.615194925	NA	NA	TRUE	FALSE
E70S	p.Glu70Ser	missense	0.841095759	0.405531801	NA	NA	TRUE	FALSE
E70A	p.Glu70Ala	missense	0.224157624	0.721357428	NA	NA	TRUE	FALSE
E70V	p.Glu70Val	missense	-0.127266401	0.378346459	0.588949789	pathogenic supporting	FALSE	FALSE
E70R	p.Glu70Arg	missense	0.210638419	0.444044877	NA	NA	TRUE	FALSE
E70D	p.Glu70Asp	missense	0.942113892	1.694076949	NA	NA	TRUE	FALSE
E70F	p.Glu70Phe	missense	0.536204821	0.143978152	NA	NA	TRUE	FALSE
E70T	p.Glu70Thr	missense	NA	NA	NA	NA	NA	NA
E70I	p.Glu70Ile	missense	NA	NA	NA	NA	NA	NA
E70L	p.Glu70Leu	missense	0.34966864	0.627931844	NA	NA	TRUE	FALSE
E70K	p.Glu70Lys	missense	0.752663675	0.701843162	NA	NA	TRUE	FALSE
E70G	p.Glu70Gly	missense	0.045423806	0.285747701	0.543424827	pathogenic supporting	FALSE	FALSE
E70Y	p.Glu70Tyr	missense	1.479813932	0.587124429	NA	NA	FALSE	TRUE
E70N	p.Glu70Asn	missense	NA	NA	NA	NA	NA	NA
E70C	p.Glu70Cys	missense	0.788178867	0.105277133	-0.278042703	indeterminate	FALSE	FALSE
E70P	p.Glu70Pro	missense	1.393969856	1.260129832	NA	NA	TRUE	FALSE
E70E	p.Glu70=	synonymous	0.780787411	1.73473082	NA	NA	TRUE	FALSE
E70M	p.Glu70Met	missense	0.499491481	0.554522032	NA	NA	TRUE	FALSE
E70W	p.Glu70Trp	missense	0.475150328	0.819999397	NA	NA	TRUE	FALSE
E70H	p.Glu70His	missense	NA	NA	NA	NA	NA	NA
E70Q	p.Glu70Gln	missense	0.254032851	0.815648116	NA	NA	TRUE	FALSE
E70*	p.Glu70*	nonsense	-1.024880346	0.539568338	NA	NA	FALSE	FALSE
L71S	p.Leu71Ser	missense	0.356430549	0.749655978	NA	NA	TRUE	FALSE
L71A	p.Leu71Ala	missense	NA	NA	NA	NA	NA	NA
L71V	p.Leu71Val	missense	NA	NA	NA	NA	NA	NA
L71R	p.Leu71Arg	missense	0.133562233	0.172727618	0.561894725	pathogenic supporting	FALSE	FALSE
L71D	p.Leu71Asp	missense	NA	NA	NA	NA	NA	NA
L71F	p.Leu71Phe	missense	1.272504264	0.225982792	-0.556394468	benign supporting	FALSE	FALSE
L71T	p.Leu71Thr	missense	1.97129458	0.178061528	NA	NA	FALSE	TRUE
L71I	p.Leu71Ile	missense	1.856283183	1.076172103	NA	NA	FALSE	TRUE
L71L	p.Leu71=	synonymous	0.476397607	0.775054686	NA	NA	TRUE	FALSE
L71K	p.Leu71Lys	missense	NA	NA	NA	NA	NA	NA
L71G	p.Leu71Gly	missense	-0.148890084	0.602185243	0.605830697	pathogenic supporting	FALSE	FALSE
L71Y	p.Leu71Tyr	missense	NA	NA	NA	NA	NA	NA
L71N	p.Leu71Asn	missense	NA	NA	NA	NA	NA	NA
L71C	p.Leu71Cys	missense	NA	NA	NA	NA	NA	NA
L71P	p.Leu71Pro	missense	1.413869157	0.906685817	-0.470216855	benign supporting	FALSE	FALSE
L71E	p.Leu71Glu	missense	NA	NA	NA	NA	NA	NA
L71M	p.Leu71Met	missense	0.994858136	0.423102757	-0.504776732	benign supporting	FALSE	FALSE
L71W	p.Leu71Trp	missense	2.626665787	0.076709887	NA	NA	FALSE	TRUE
L71H	p.Leu71His	missense	1.71337652	1.075142835	NA	NA	FALSE	TRUE
L71Q	p.Leu71Gln	missense	0.007011141	0.529107427	NA	NA	TRUE	FALSE
L71*	p.Leu71*	nonsense	NA	NA	NA	NA	NA	NA
Y72S	p.Tyr72Ser	missense	0.818803035	0.461472293	NA	NA	TRUE	FALSE
Y72A	p.Tyr72Ala	missense	NA	NA	NA	NA	NA	NA
Y72V	p.Tyr72Val	missense	0.653792789	0.129474597	-0.069687521	indeterminate	FALSE	FALSE
Y72R	p.Tyr72Arg	missense	1.199744945	0.706219683	NA	NA	TRUE	FALSE
Y72D	p.Tyr72Asp	missense	1.611119333	0.101987248	NA	NA	FALSE	TRUE
Y72F	p.Tyr72Phe	missense	1.172260566	0.156274615	-0.56700962	benign supporting	FALSE	FALSE
Y72T	p.Tyr72Thr	missense	1.063526653	1.054142388	NA	NA	TRUE	FALSE
Y72I	p.Tyr72Ile	missense	0.962742942	1.038208107	NA	NA	TRUE	FALSE
Y72L	p.Tyr72Leu	missense	1.494989924	0.108790315	NA	NA	FALSE	TRUE
Y72K	p.Tyr72Lys	missense	1.182690789	1.180979307	NA	NA	TRUE	FALSE
Y72G	p.Tyr72Gly	missense	1.641605298	0.441890335	NA	NA	FALSE	TRUE
Y72Y	p.Tyr72=	synonymous	NA	NA	NA	NA	NA	NA
Y72N	p.Tyr72Asn	missense	1.868985325	0.071721751	NA	NA	FALSE	TRUE
Y72C	p.Tyr72Cys	missense	1.668240032	0.165707646	NA	NA	FALSE	TRUE
Y72P	p.Tyr72Pro	missense	NA	NA	NA	NA	NA	NA
Y72E	p.Tyr72Glu	missense	0.717170769	0.167604103	-0.171609488	indeterminate	FALSE	FALSE
Y72M	p.Tyr72Met	missense	NA	NA	NA	NA	NA	NA
Y72W	p.Tyr72Trp	missense	1.844545378	0.065475548	NA	NA	FALSE	TRUE
Y72H	p.Tyr72His	missense	0.963704335	0.318262033	-0.481786121	benign supporting	FALSE	FALSE
Y72Q	p.Tyr72Gln	missense	NA	NA	NA	NA	NA	NA
Y72*	p.Tyr72*	nonsense	-0.569036997	0.689546589	NA	NA	FALSE	FALSE
S73S	p.Ser73=	synonymous	1.092890698	0.351398564	NA	NA	FALSE	FALSE
S73A	p.Ser73Ala	missense	0.448737267	0.62472897	NA	NA	TRUE	FALSE
S73V	p.Ser73Val	missense	1.265635914	0.802032276	NA	NA	TRUE	FALSE
S73R	p.Ser73Arg	missense	0.418889966	0.512529932	NA	NA	TRUE	FALSE
S73D	p.Ser73Asp	missense	1.323986232	0.135026324	-0.531973625	benign supporting	FALSE	FALSE
S73F	p.Ser73Phe	missense	1.365200878	0.097655261	-0.507097727	benign supporting	FALSE	FALSE
S73T	p.Ser73Thr	missense	NA	NA	NA	NA	NA	NA
S73I	p.Ser73Ile	missense	0.117646029	0.463322238	NA	NA	TRUE	FALSE
S73L	p.Ser73Leu	missense	3.010750043	0.077959063	NA	NA	FALSE	TRUE
S73K	p.Ser73Lys	missense	NA	NA	NA	NA	NA	NA
S73G	p.Ser73Gly	missense	NA	NA	NA	NA	NA	NA
S73Y	p.Ser73Tyr	missense	1.505173284	0.131732804	NA	NA	FALSE	TRUE
S73N	p.Ser73Asn	missense	1.419391135	0.526578208	-0.464901579	benign supporting	FALSE	FALSE
S73C	p.Ser73Cys	missense	1.013836528	0.333008141	-0.517538107	benign supporting	FALSE	FALSE
S73P	p.Ser73Pro	missense	1.680025914	0.236633024	NA	NA	FALSE	TRUE
S73E	p.Ser73Glu	missense	NA	NA	NA	NA	NA	NA
S73M	p.Ser73Met	missense	NA	NA	NA	NA	NA	NA
S73W	p.Ser73Trp	missense	NA	NA	NA	NA	NA	NA
S73H	p.Ser73His	missense	NA	NA	NA	NA	NA	NA
S73Q	p.Ser73Gln	missense	NA	NA	NA	NA	NA	NA
S73*	p.Ser73*	nonsense	-0.108619137	0.281852044	NA	NA	FALSE	FALSE
I74S	p.Ile74Ser	missense	1.28561574	0.47551706	-0.550636715	benign supporting	FALSE	FALSE
I74A	p.Ile74Ala	missense	1.015174972	0.111853339	-0.518390834	benign supporting	FALSE	FALSE
I74V	p.Ile74Val	missense	0.741685195	0.62111179	NA	NA	TRUE	FALSE
I74R	p.Ile74Arg	missense	1.477113498	0.546054507	NA	NA	FALSE	TRUE
I74D	p.Ile74Asp	missense	1.298646475	0.417129242	-0.544766269	benign supporting	FALSE	FALSE
I74F	p.Ile74Phe	missense	1.7360612	0.124981877	NA	NA	FALSE	TRUE
I74T	p.Ile74Thr	missense	1.654926519	0.318603581	NA	NA	FALSE	TRUE
I74I	p.Ile74=	synonymous	NA	NA	NA	NA	NA	NA
I74L	p.Ile74Leu	missense	1.694190416	0.089317494	NA	NA	FALSE	TRUE
I74K	p.Ile74Lys	missense	1.429385151	0.114073026	-0.4545451	benign supporting	FALSE	FALSE
I74G	p.Ile74Gly	missense	1.512983528	0.235440256	NA	NA	FALSE	TRUE
I74Y	p.Ile74Tyr	missense	1.736784187	0.05897812	NA	NA	FALSE	TRUE
I74N	p.Ile74Asn	missense	NA	NA	NA	NA	NA	NA
I74C	p.Ile74Cys	missense	1.366643162	0.258293762	-0.506030776	benign supporting	FALSE	FALSE
I74P	p.Ile74Pro	missense	NA	NA	NA	NA	NA	NA
I74E	p.Ile74Glu	missense	NA	NA	NA	NA	NA	NA
I74M	p.Ile74Met	missense	1.714915764	0.069494304	NA	NA	FALSE	TRUE
I74W	p.Ile74Trp	missense	0.572129546	0.723907289	NA	NA	TRUE	FALSE
I74H	p.Ile74His	missense	1.248929753	0.096458465	-0.561849099	benign supporting	FALSE	FALSE
I74Q	p.Ile74Gln	missense	1.186311309	0.93398967	NA	NA	TRUE	FALSE
I74*	p.Ile74*	nonsense	0.151972855	0.548820497	NA	NA	TRUE	FALSE
P75S	p.Pro75Ser	missense	1.548553475	0.148666494	NA	NA	FALSE	TRUE
P75A	p.Pro75Ala	missense	NA	NA	NA	NA	NA	NA
P75V	p.Pro75Val	missense	1.370868082	0.185597257	-0.503275122	benign supporting	FALSE	FALSE
P75R	p.Pro75Arg	missense	0.980567274	0.132766875	-0.494303263	benign supporting	FALSE	FALSE
P75D	p.Pro75Asp	missense	1.487550954	0.073756896	NA	NA	FALSE	TRUE
P75F	p.Pro75Phe	missense	1.466188305	0.661472241	NA	NA	FALSE	TRUE
P75T	p.Pro75Thr	missense	1.39321418	0.131616259	-0.487803022	benign supporting	FALSE	FALSE
P75I	p.Pro75Ile	missense	1.632810916	0.144911547	NA	NA	FALSE	TRUE
P75L	p.Pro75Leu	missense	1.289009904	0.123099425	-0.549190054	benign supporting	FALSE	FALSE
P75K	p.Pro75Lys	missense	0.094278062	0.395309782	0.548893391	pathogenic supporting	FALSE	FALSE
P75G	p.Pro75Gly	missense	1.739354408	0.419248957	NA	NA	FALSE	TRUE
P75Y	p.Pro75Tyr	missense	1.41665875	0.745804936	-0.467566416	benign supporting	FALSE	FALSE
P75N	p.Pro75Asn	missense	0.336720998	0.21674866	NA	NA	TRUE	FALSE
P75C	p.Pro75Cys	missense	1.313997372	0.119594918	-0.536697657	benign supporting	FALSE	FALSE
P75P	p.Pro75=	synonymous	1.24818041	0.736229057	NA	NA	FALSE	FALSE
P75E	p.Pro75Glu	missense	0.946012221	0.256640299	-0.468516436	benign supporting	FALSE	FALSE
P75M	p.Pro75Met	missense	0.687051221	0.205445257	NA	NA	TRUE	FALSE
P75W	p.Pro75Trp	missense	0.946413104	0.241491442	-0.468830799	benign supporting	FALSE	FALSE
P75H	p.Pro75His	missense	2.058251169	0.061358679	NA	NA	FALSE	TRUE
P75Q	p.Pro75Gln	missense	0.951419243	0.108514059	-0.472702033	benign supporting	FALSE	FALSE
P75*	p.Pro75*	nonsense	-0.490163165	0.163186009	NA	NA	FALSE	FALSE
E76S	p.Glu76Ser	missense	1.751630835	0.385663643	NA	NA	FALSE	TRUE
E76A	p.Glu76Ala	missense	1.466369199	0.160121366	NA	NA	FALSE	TRUE
E76V	p.Glu76Val	missense	1.046715987	0.627793152	NA	NA	TRUE	FALSE
E76R	p.Glu76Arg	missense	0.996061572	0.425310894	-0.505624013	benign supporting	FALSE	FALSE
E76D	p.Glu76Asp	missense	1.496239139	0.354897633	NA	NA	FALSE	TRUE
E76F	p.Glu76Phe	missense	1.548447478	0.076975356	NA	NA	FALSE	TRUE
E76T	p.Glu76Thr	missense	1.311103283	0.185616305	-0.538319192	benign supporting	FALSE	FALSE
E76I	p.Glu76Ile	missense	0.574278105	0.232805117	NA	NA	TRUE	FALSE
E76L	p.Glu76Leu	missense	1.439879837	0.19355732	-0.444276371	benign supporting	FALSE	FALSE
E76K	p.Glu76Lys	missense	1.510020878	0.11856067	NA	NA	FALSE	TRUE
E76G	p.Glu76Gly	missense	1.284568094	0.414976248	-0.551071814	benign supporting	FALSE	FALSE
E76Y	p.Glu76Tyr	missense	1.246926673	0.479934397	-0.562202239	benign supporting	FALSE	FALSE
E76N	p.Glu76Asn	missense	NA	NA	NA	NA	NA	NA
E76C	p.Glu76Cys	missense	0.78232177	0.248362579	-0.269824719	indeterminate	FALSE	FALSE
E76P	p.Glu76Pro	missense	0.46890476	0.888567688	NA	NA	TRUE	FALSE
E76E	p.Glu76=	synonymous	0.398383657	0.655432749	NA	NA	TRUE	FALSE
E76M	p.Glu76Met	missense	NA	NA	NA	NA	NA	NA
E76W	p.Glu76Trp	missense	2.045812464	0.070269495	NA	NA	FALSE	TRUE
E76H	p.Glu76His	missense	0.65779332	0.200087156	NA	NA	TRUE	FALSE
E76Q	p.Glu76Gln	missense	2.533224127	0.741515646	NA	NA	FALSE	TRUE
E76*	p.Glu76*	nonsense	NA	NA	NA	NA	NA	NA
D77S	p.Asp77Ser	missense	0.768719879	0.236672662	-0.249838249	indeterminate	FALSE	FALSE
D77A	p.Asp77Ala	missense	0.956481609	0.236242915	-0.476515853	benign supporting	FALSE	FALSE
D77V	p.Asp77Val	missense	0.609945122	0.79042778	NA	NA	TRUE	FALSE
D77R	p.Asp77Arg	missense	0.391838755	0.889903501	NA	NA	TRUE	FALSE
D77D	p.Asp77=	synonymous	0.298094821	0.498258277	NA	NA	TRUE	FALSE
D77F	p.Asp77Phe	missense	1.103531411	0.093262421	-0.558852726	benign supporting	FALSE	FALSE
D77T	p.Asp77Thr	missense	0.430691436	0.767040036	NA	NA	TRUE	FALSE
D77I	p.Asp77Ile	missense	NA	NA	NA	NA	NA	NA
D77L	p.Asp77Leu	missense	0.856877956	0.247743836	-0.374065727	benign supporting	FALSE	FALSE
D77K	p.Asp77Lys	missense	NA	NA	NA	NA	NA	NA
D77G	p.Asp77Gly	missense	0.60192187	0.135443605	NA	NA	TRUE	FALSE
D77Y	p.Asp77Tyr	missense	1.142949458	0.279424906	-0.563757315	benign supporting	FALSE	FALSE
D77N	p.Asp77Asn	missense	1.725808331	0.118296908	NA	NA	FALSE	TRUE
D77C	p.Asp77Cys	missense	0.091427279	0.60495126	NA	NA	TRUE	FALSE
D77P	p.Asp77Pro	missense	0.94583886	0.598174006	NA	NA	TRUE	FALSE
D77E	p.Asp77Glu	missense	0.573847129	0.109620671	NA	NA	TRUE	FALSE
D77M	p.Asp77Met	missense	1.005145161	0.885998865	NA	NA	TRUE	FALSE
D77W	p.Asp77Trp	missense	0.72609027	0.148906698	-0.185302309	indeterminate	FALSE	FALSE
D77H	p.Asp77His	missense	0.852926615	0.609237348	NA	NA	TRUE	FALSE
D77Q	p.Asp77Gln	missense	0.509832575	0.199391133	NA	NA	TRUE	FALSE
D77*	p.Asp77*	nonsense	0.968429836	0.695853743	NA	NA	TRUE	FALSE
Q78S	p.Gln78Ser	missense	0.508867298	1.027240798	NA	NA	TRUE	FALSE
Q78A	p.Gln78Ala	missense	1.076915513	0.14814633	-0.551493245	benign supporting	FALSE	FALSE
Q78V	p.Gln78Val	missense	0.536086964	0.200799185	NA	NA	TRUE	FALSE
Q78R	p.Gln78Arg	missense	1.157665965	0.524221977	-0.565737606	benign supporting	FALSE	FALSE
Q78D	p.Gln78Asp	missense	1.416241141	0.109600571	-0.467967661	benign supporting	FALSE	FALSE
Q78F	p.Gln78Phe	missense	1.401841129	0.083634834	-0.480875535	benign supporting	FALSE	FALSE
Q78T	p.Gln78Thr	missense	0.095642867	0.506893977	NA	NA	TRUE	FALSE
Q78I	p.Gln78Ile	missense	NA	NA	NA	NA	NA	NA
Q78L	p.Gln78Leu	missense	0.684634075	0.633494234	NA	NA	TRUE	FALSE
Q78K	p.Gln78Lys	missense	1.146639573	0.261456745	-0.564294778	benign supporting	FALSE	FALSE
Q78G	p.Gln78Gly	missense	1.261698679	0.590784688	-0.559199156	benign supporting	FALSE	FALSE
Q78Y	p.Gln78Tyr	missense	1.325656346	0.108448961	-0.531157216	benign supporting	FALSE	FALSE
Q78N	p.Gln78Asn	missense	1.456990577	0.107746258	NA	NA	FALSE	FALSE
Q78C	p.Gln78Cys	missense	1.375287137	0.16937504	-0.50047901	benign supporting	FALSE	FALSE
Q78P	p.Gln78Pro	missense	0.633554709	0.337055085	NA	NA	TRUE	FALSE
Q78E	p.Gln78Glu	missense	1.155287372	1.04419588	NA	NA	TRUE	FALSE
Q78M	p.Gln78Met	missense	NA	NA	NA	NA	NA	NA
Q78W	p.Gln78Trp	missense	1.498043119	0.069148543	NA	NA	FALSE	TRUE
Q78H	p.Gln78His	missense	1.051312349	0.113061544	-0.539199953	benign supporting	FALSE	FALSE
Q78Q	p.Gln78=	synonymous	1.09725259	0.198760709	NA	NA	FALSE	FALSE
Q78*	p.Gln78*	nonsense	0.430407859	0.703412239	NA	NA	TRUE	FALSE
E79S	p.Glu79Ser	missense	1.599173889	0.661088238	NA	NA	FALSE	TRUE
E79A	p.Glu79Ala	missense	1.244884991	0.118431349	-0.562545181	benign supporting	FALSE	FALSE
E79V	p.Glu79Val	missense	1.161609054	0.259290097	-0.566153756	benign supporting	FALSE	FALSE
E79R	p.Glu79Arg	missense	1.430547752	1.032367445	NA	NA	TRUE	FALSE
E79D	p.Glu79Asp	missense	1.832866787	0.125861917	NA	NA	FALSE	TRUE
E79F	p.Glu79Phe	missense	1.574257409	0.169974372	NA	NA	FALSE	TRUE
E79T	p.Glu79Thr	missense	1.542201986	0.078516612	NA	NA	FALSE	TRUE
E79I	p.Glu79Ile	missense	NA	NA	NA	NA	NA	NA
E79L	p.Glu79Leu	missense	0.955681624	0.373624591	-0.475919825	benign supporting	FALSE	FALSE
E79K	p.Glu79Lys	missense	0.554752372	0.510763905	NA	NA	TRUE	FALSE
E79G	p.Glu79Gly	missense	0.555961206	0.502719546	NA	NA	TRUE	FALSE
E79Y	p.Glu79Tyr	missense	1.310278559	0.176057856	-0.538772531	benign supporting	FALSE	FALSE
E79N	p.Glu79Asn	missense	0.858469848	0.196682559	-0.37603769	benign supporting	FALSE	FALSE
E79C	p.Glu79Cys	missense	0.335572607	0.213133883	NA	NA	TRUE	FALSE
E79P	p.Glu79Pro	missense	1.17053671	0.15511667	-0.56689797	benign supporting	FALSE	FALSE
E79E	p.Glu79=	synonymous	1.5166618	0.159672176	NA	NA	FALSE	TRUE
E79M	p.Glu79Met	missense	0.678407899	0.971417202	NA	NA	TRUE	FALSE
E79W	p.Glu79Trp	missense	2.102705584	0.72822169	NA	NA	FALSE	TRUE
E79H	p.Glu79His	missense	1.374696554	1.268674166	NA	NA	TRUE	FALSE
E79Q	p.Glu79Gln	missense	1.642201959	0.618750101	NA	NA	FALSE	TRUE
E79*	p.Glu79*	nonsense	0.008399631	0.338149318	NA	NA	FALSE	FALSE
P80S	p.Pro80Ser	missense	1.1897918	0.096969167	-0.568972554	benign supporting	FALSE	FALSE
P80A	p.Pro80Ala	missense	1.042196006	0.072768525	-0.534342415	benign supporting	FALSE	FALSE
P80V	p.Pro80Val	missense	1.308828183	0.157887019	-0.539560474	benign supporting	FALSE	FALSE
P80R	p.Pro80Arg	missense	1.071471983	0.091881565	-0.549043229	benign supporting	FALSE	FALSE
P80D	p.Pro80Asp	missense	NA	NA	NA	NA	NA	NA
P80F	p.Pro80Phe	missense	0.99441284	0.138440074	-0.50446188	benign supporting	FALSE	FALSE
P80T	p.Pro80Thr	missense	1.164418286	0.087209984	-0.566417725	benign supporting	FALSE	FALSE
P80I	p.Pro80Ile	missense	NA	NA	NA	NA	NA	NA
P80L	p.Pro80Leu	missense	1.08427282	0.108579031	-0.554487652	benign supporting	FALSE	FALSE
P80K	p.Pro80Lys	missense	NA	NA	NA	NA	NA	NA
P80G	p.Pro80Gly	missense	1.448789694	0.107092207	-0.435083833	benign supporting	FALSE	FALSE
P80Y	p.Pro80Tyr	missense	1.23856905	0.405985545	-0.563499049	benign supporting	FALSE	FALSE
P80N	p.Pro80Asn	missense	1.909657994	0.071768579	NA	NA	FALSE	TRUE
P80C	p.Pro80Cys	missense	0.594110533	0.210212215	NA	NA	TRUE	FALSE
P80P	p.Pro80=	synonymous	1.061878187	0.448186622	NA	NA	FALSE	FALSE
P80E	p.Pro80Glu	missense	0.977244639	0.656545098	NA	NA	TRUE	FALSE
P80M	p.Pro80Met	missense	1.680768223	0.073848192	NA	NA	FALSE	TRUE
P80W	p.Pro80Trp	missense	NA	NA	NA	NA	NA	NA
P80H	p.Pro80His	missense	0.970306776	0.092172789	-0.486432538	benign supporting	FALSE	FALSE
P80Q	p.Pro80Gln	missense	1.346020331	0.055020848	-0.519957752	benign supporting	FALSE	FALSE
P80*	p.Pro80*	nonsense	-0.706543602	0.619734615	NA	NA	FALSE	FALSE
E81S	p.Glu81Ser	missense	0.833250836	0.409213496	NA	NA	TRUE	FALSE
E81A	p.Glu81Ala	missense	0.636041827	0.141443442	NA	NA	TRUE	FALSE
E81V	p.Glu81Val	missense	0.930670838	0.307885294	-0.455983382	benign supporting	FALSE	FALSE
E81R	p.Glu81Arg	missense	0.603678536	0.271450458	NA	NA	TRUE	FALSE
E81D	p.Glu81Asp	missense	0.885394543	0.759766285	NA	NA	TRUE	FALSE
E81F	p.Glu81Phe	missense	0.99725702	0.111364607	-0.506460456	benign supporting	FALSE	FALSE
E81T	p.Glu81Thr	missense	0.427171616	0.480798115	NA	NA	TRUE	FALSE
E81I	p.Glu81Ile	missense	0.672398044	0.143907588	-0.099771058	indeterminate	FALSE	FALSE
E81L	p.Glu81Leu	missense	1.125633231	0.278507158	-0.562282668	benign supporting	FALSE	FALSE
E81K	p.Glu81Lys	missense	1.407069691	0.113618183	-0.47639124	benign supporting	FALSE	FALSE
E81G	p.Glu81Gly	missense	1.132689683	0.159564347	-0.563014665	benign supporting	FALSE	FALSE
E81Y	p.Glu81Tyr	missense	-0.203758419	0.419772725	0.663113838	pathogenic moderate	FALSE	FALSE
E81N	p.Glu81Asn	missense	0.777233431	0.219846132	-0.262500277	indeterminate	FALSE	FALSE
E81C	p.Glu81Cys	missense	1.078827746	0.086323135	-0.552333192	benign supporting	FALSE	FALSE
E81P	p.Glu81Pro	missense	1.072464282	0.117831141	-0.549496361	benign supporting	FALSE	FALSE
E81E	p.Glu81=	synonymous	1.369748158	0.141744922	NA	NA	FALSE	FALSE
E81M	p.Glu81Met	missense	1.048831826	0.365836675	-0.537903682	benign supporting	FALSE	FALSE
E81W	p.Glu81Trp	missense	1.588333519	0.113967997	NA	NA	FALSE	TRUE
E81H	p.Glu81His	missense	1.846212857	0.435437094	NA	NA	FALSE	TRUE
E81Q	p.Glu81Gln	missense	1.796117009	0.143512136	NA	NA	FALSE	TRUE
E81*	p.Glu81*	nonsense	-0.619705284	1.754019253	NA	NA	TRUE	FALSE
D82S	p.Asp82Ser	missense	0.63592696	0.217587894	NA	NA	TRUE	FALSE
D82A	p.Asp82Ala	missense	1.20483508	0.088572275	-0.567740756	benign supporting	FALSE	FALSE
D82V	p.Asp82Val	missense	1.199352865	1.000868723	NA	NA	TRUE	FALSE
D82R	p.Asp82Arg	missense	0.717335804	0.376783629	NA	NA	TRUE	FALSE
D82D	p.Asp82=	synonymous	0.611454182	0.251652316	NA	NA	TRUE	FALSE
D82F	p.Asp82Phe	missense	NA	NA	NA	NA	NA	NA
D82T	p.Asp82Thr	missense	1.116809081	0.291684853	-0.561118202	benign supporting	FALSE	FALSE
D82I	p.Asp82Ile	missense	1.214340157	0.647952028	-0.566400708	benign supporting	FALSE	FALSE
D82L	p.Asp82Leu	missense	1.380092954	0.319045162	-0.497295636	benign supporting	FALSE	FALSE
D82K	p.Asp82Lys	missense	0.005099534	1.031397601	NA	NA	TRUE	FALSE
D82G	p.Asp82Gly	missense	1.038433358	0.50616159	-0.532262003	benign supporting	FALSE	FALSE
D82Y	p.Asp82Tyr	missense	0.880099323	0.274919803	-0.402764656	benign supporting	FALSE	FALSE
D82N	p.Asp82Asn	missense	1.272406522	0.629878116	-0.556422245	benign supporting	FALSE	FALSE
D82C	p.Asp82Cys	missense	1.063311543	0.46296309	-0.545205849	benign supporting	FALSE	FALSE
D82P	p.Asp82Pro	missense	0.51454057	0.831293302	NA	NA	TRUE	FALSE
D82E	p.Asp82Glu	missense	0.960892242	0.075857942	-0.47975778	benign supporting	FALSE	FALSE
D82M	p.Asp82Met	missense	NA	NA	NA	NA	NA	NA
D82W	p.Asp82Trp	missense	0.611823954	0.115462938	NA	NA	TRUE	FALSE
D82H	p.Asp82His	missense	1.616501331	1.080448269	NA	NA	FALSE	TRUE
D82Q	p.Asp82Gln	missense	0.851696201	0.759777471	NA	NA	TRUE	FALSE
D82*	p.Asp82*	nonsense	-0.878642675	0.412514051	NA	NA	FALSE	FALSE
Q83S	p.Gln83Ser	missense	0.377041722	0.366019586	NA	NA	TRUE	FALSE
Q83A	p.Gln83Ala	missense	0.789494472	0.305469552	NA	NA	TRUE	FALSE
Q83V	p.Gln83Val	missense	0.456285768	0.291030493	NA	NA	TRUE	FALSE
Q83R	p.Gln83Arg	missense	1.131090148	0.327150502	-0.5628644	benign supporting	FALSE	FALSE
Q83D	p.Gln83Asp	missense	0.191245202	0.502658809	NA	NA	TRUE	FALSE
Q83F	p.Gln83Phe	missense	-0.088839097	0.212350479	0.568480165	pathogenic supporting	FALSE	FALSE
Q83T	p.Gln83Thr	missense	1.191252365	0.824581034	NA	NA	TRUE	FALSE
Q83I	p.Gln83Ile	missense	1.244886942	0.416334176	-0.562544861	benign supporting	FALSE	FALSE
Q83L	p.Gln83Leu	missense	0.991880772	0.137870562	-0.502657719	benign supporting	FALSE	FALSE
Q83K	p.Gln83Lys	missense	0.88825713	0.388940616	NA	NA	TRUE	FALSE
Q83G	p.Gln83Gly	missense	0.722933986	0.133263605	-0.180503928	indeterminate	FALSE	FALSE
Q83Y	p.Gln83Tyr	missense	0.137525632	0.153175535	0.563474036	pathogenic supporting	FALSE	FALSE
Q83N	p.Gln83Asn	missense	0.396514658	0.58042704	NA	NA	TRUE	FALSE
Q83C	p.Gln83Cys	missense	0.762239694	0.936033423	NA	NA	TRUE	FALSE
Q83P	p.Gln83Pro	missense	1.166444491	0.099342162	-0.566591197	benign supporting	FALSE	FALSE
Q83E	p.Gln83Glu	missense	3.07209962	0.145221144	NA	NA	FALSE	TRUE
Q83M	p.Gln83Met	missense	0.520657049	0.481273055	NA	NA	TRUE	FALSE
Q83W	p.Gln83Trp	missense	1.173968579	0.179836295	-0.56710989	benign supporting	FALSE	FALSE
Q83H	p.Gln83His	missense	1.374815685	0.228865534	-0.500783222	benign supporting	FALSE	FALSE
Q83Q	p.Gln83=	synonymous	2.066443376	0.05721288	NA	NA	FALSE	TRUE
Q83*	p.Gln83*	nonsense	-0.727094214	0.879661779	NA	NA	FALSE	FALSE
E84S	p.Glu84Ser	missense	0.959094716	0.708013532	NA	NA	TRUE	FALSE
E84A	p.Glu84Ala	missense	0.301760379	0.326287844	NA	NA	TRUE	FALSE
E84V	p.Glu84Val	missense	0.76615102	0.760570908	NA	NA	TRUE	FALSE
E84R	p.Glu84Arg	missense	0.406147583	0.589877702	NA	NA	TRUE	FALSE
E84D	p.Glu84Asp	missense	1.347049528	0.157045262	-0.519327485	benign supporting	FALSE	FALSE
E84F	p.Glu84Phe	missense	1.125456411	0.202621172	-0.56226204	benign supporting	FALSE	FALSE
E84T	p.Glu84Thr	missense	0.822020402	0.191319295	-0.325959294	benign supporting	FALSE	FALSE
E84I	p.Glu84Ile	missense	0.743598572	0.330561076	NA	NA	TRUE	FALSE
E84L	p.Glu84Leu	missense	0.703777894	0.146519414	-0.152254843	indeterminate	FALSE	FALSE
E84K	p.Glu84Lys	missense	0.79422306	0.592788869	NA	NA	TRUE	FALSE
E84G	p.Glu84Gly	missense	1.19130048	0.490322527	-0.56903118	benign supporting	FALSE	FALSE
E84Y	p.Glu84Tyr	missense	1.322327127	0.731651512	-0.532770081	benign supporting	FALSE	FALSE
E84N	p.Glu84Asn	missense	1.395417234	0.656049576	-0.48608793	benign supporting	FALSE	FALSE
E84C	p.Glu84Cys	missense	-0.265942022	0.247688745	0.7669648	pathogenic moderate	FALSE	FALSE
E84P	p.Glu84Pro	missense	0.735521336	0.466294438	NA	NA	TRUE	FALSE
E84E	p.Glu84=	synonymous	0.532555022	0.391069654	NA	NA	TRUE	FALSE
E84M	p.Glu84Met	missense	1.05773179	0.089121781	-0.542467282	benign supporting	FALSE	FALSE
E84W	p.Glu84Trp	missense	0.697144948	0.251225443	NA	NA	TRUE	FALSE
E84H	p.Glu84His	missense	0.790228055	1.160489438	NA	NA	TRUE	FALSE
E84Q	p.Glu84Gln	missense	0.01510308	0.588348637	NA	NA	TRUE	FALSE
E84*	p.Glu84*	nonsense	0.595955518	0.650063685	NA	NA	TRUE	FALSE
P85S	p.Pro85Ser	missense	1.073582748	0.078959117	-0.550003617	benign supporting	FALSE	FALSE
P85A	p.Pro85Ala	missense	0.980104614	0.152909657	-0.493951199	benign supporting	FALSE	FALSE
P85V	p.Pro85Val	missense	1.143512879	0.133527993	-0.563811738	benign supporting	FALSE	FALSE
P85R	p.Pro85Arg	missense	0.714703695	0.262689408	NA	NA	TRUE	FALSE
P85D	p.Pro85Asp	missense	0.456250274	0.773197217	NA	NA	TRUE	FALSE
P85F	p.Pro85Phe	missense	0.881333964	0.093744322	-0.404285381	benign supporting	FALSE	FALSE
P85T	p.Pro85Thr	missense	0.931261017	0.079483433	-0.456484114	benign supporting	FALSE	FALSE
P85I	p.Pro85Ile	missense	0.771154727	0.303087398	NA	NA	TRUE	FALSE
P85L	p.Pro85Leu	missense	0.663955646	0.110606067	-0.085776458	indeterminate	FALSE	FALSE
P85K	p.Pro85Lys	missense	-0.276620548	0.733820194	0.79142658	pathogenic moderate	FALSE	FALSE
P85G	p.Pro85Gly	missense	1.900653706	0.205279225	NA	NA	FALSE	TRUE
P85Y	p.Pro85Tyr	missense	2.147405527	0.068639671	NA	NA	FALSE	TRUE
P85N	p.Pro85Asn	missense	1.309270872	0.082286416	-0.539321229	benign supporting	FALSE	FALSE
P85C	p.Pro85Cys	missense	1.437261904	0.158284219	-0.446861083	benign supporting	FALSE	FALSE
P85P	p.Pro85=	synonymous	0.998013764	0.967162104	NA	NA	TRUE	FALSE
P85E	p.Pro85Glu	missense	0.84625415	0.517816193	NA	NA	TRUE	FALSE
P85M	p.Pro85Met	missense	1.071725138	0.262126617	-0.549159108	benign supporting	FALSE	FALSE
P85W	p.Pro85Trp	missense	0.877357698	0.099654235	-0.3993567	benign supporting	FALSE	FALSE
P85H	p.Pro85His	missense	0.900414843	0.101498713	-0.426743927	benign supporting	FALSE	FALSE
P85Q	p.Pro85Gln	missense	1.307656205	0.99945184	NA	NA	TRUE	FALSE
P85*	p.Pro85*	nonsense	0.045864454	0.461753614	NA	NA	TRUE	FALSE
E86S	p.Glu86Ser	missense	0.379937572	0.310724853	NA	NA	TRUE	FALSE
E86A	p.Glu86Ala	missense	0.905666692	0.643508669	NA	NA	TRUE	FALSE
E86V	p.Glu86Val	missense	1.248166568	0.271843649	-0.561985605	benign supporting	FALSE	FALSE
E86R	p.Glu86Arg	missense	0.65262711	0.364018776	NA	NA	TRUE	FALSE
E86D	p.Glu86Asp	missense	0.522495368	0.180511747	NA	NA	TRUE	FALSE
E86F	p.Glu86Phe	missense	0.681123681	0.093706631	-0.115953944	indeterminate	FALSE	FALSE
E86T	p.Glu86Thr	missense	1.13497807	0.184521784	-0.563213572	benign supporting	FALSE	FALSE
E86I	p.Glu86Ile	missense	NA	NA	NA	NA	NA	NA
E86L	p.Glu86Leu	missense	0.58785328	0.434669627	NA	NA	TRUE	FALSE
E86K	p.Glu86Lys	missense	0.760415082	0.186784706	-0.237826519	indeterminate	FALSE	FALSE
E86G	p.Glu86Gly	missense	1.166952565	0.104726658	-0.566632462	benign supporting	FALSE	FALSE
E86Y	p.Glu86Tyr	missense	2.297773186	0.13422838	NA	NA	FALSE	TRUE
E86N	p.Glu86Asn	missense	1.145868648	0.558698732	-0.564178689	benign supporting	FALSE	FALSE
E86C	p.Glu86Cys	missense	1.282966068	0.103526195	-0.551726841	benign supporting	FALSE	FALSE
E86P	p.Glu86Pro	missense	0.09156253	0.610709449	NA	NA	TRUE	FALSE
E86E	p.Glu86=	synonymous	0.428899974	0.933689572	NA	NA	TRUE	FALSE
E86M	p.Glu86Met	missense	1.021718915	0.250011297	-0.522473134	benign supporting	FALSE	FALSE
E86W	p.Glu86Trp	missense	0.870513125	0.110939024	-0.39065643	benign supporting	FALSE	FALSE
E86H	p.Glu86His	missense	0.541102564	0.132750984	NA	NA	TRUE	FALSE
E86Q	p.Glu86Gln	missense	1.349824206	0.15347684	-0.517595784	benign supporting	FALSE	FALSE
E86*	p.Glu86*	nonsense	NA	NA	NA	NA	NA	NA
E87S	p.Glu87Ser	missense	0.984388863	0.167161679	-0.497179697	benign supporting	FALSE	FALSE
E87A	p.Glu87Ala	missense	1.001244401	0.113907024	-0.509213134	benign supporting	FALSE	FALSE
E87V	p.Glu87Val	missense	0.659128157	0.45503659	NA	NA	TRUE	FALSE
E87R	p.Glu87Arg	missense	0.435492581	0.133232939	NA	NA	TRUE	FALSE
E87D	p.Glu87Asp	missense	NA	NA	NA	NA	NA	NA
E87F	p.Glu87Phe	missense	1.159947237	0.20283836	-0.565984844	benign supporting	FALSE	FALSE
E87T	p.Glu87Thr	missense	1.055681695	0.118780512	-0.541437467	benign supporting	FALSE	FALSE
E87I	p.Glu87Ile	missense	0.989123811	0.122494914	-0.500666342	benign supporting	FALSE	FALSE
E87L	p.Glu87Leu	missense	0.791008276	0.454427899	NA	NA	TRUE	FALSE
E87K	p.Glu87Lys	missense	0.969087726	0.09097318	-0.485586735	benign supporting	FALSE	FALSE
E87G	p.Glu87Gly	missense	1.090903379	0.167766847	-0.556133772	benign supporting	FALSE	FALSE
E87Y	p.Glu87Tyr	missense	1.127562138	0.257200984	-0.562500465	benign supporting	FALSE	FALSE
E87N	p.Glu87Asn	missense	0.91489297	0.156494572	-0.442014256	benign supporting	FALSE	FALSE
E87C	p.Glu87Cys	missense	NA	NA	NA	NA	NA	NA
E87P	p.Glu87Pro	missense	1.108224415	0.116104694	-0.559723363	benign supporting	FALSE	FALSE
E87E	p.Glu87=	synonymous	1.093858386	0.183817252	NA	NA	FALSE	FALSE
E87M	p.Glu87Met	missense	0.904537081	0.093110783	-0.431353114	benign supporting	FALSE	FALSE
E87W	p.Glu87Trp	missense	0.800323408	0.083834391	-0.295757208	indeterminate	FALSE	FALSE
E87H	p.Glu87His	missense	-0.065299184	0.542817017	0.55973679	pathogenic supporting	FALSE	FALSE
E87Q	p.Glu87Gln	missense	1.275817406	0.084214756	-0.554942365	benign supporting	FALSE	FALSE
E87*	p.Glu87*	nonsense	NA	NA	NA	NA	NA	NA
P88S	p.Pro88Ser	missense	0.948890391	0.235018385	-0.470759026	benign supporting	FALSE	FALSE
P88A	p.Pro88Ala	missense	1.005289361	0.126813233	-0.511947686	benign supporting	FALSE	FALSE
P88V	p.Pro88Val	missense	0.7946084	0.326281849	NA	NA	TRUE	FALSE
P88R	p.Pro88Arg	missense	0.945024985	0.123044773	-0.467739484	benign supporting	FALSE	FALSE
P88D	p.Pro88Asp	missense	NA	NA	NA	NA	NA	NA
P88F	p.Pro88Phe	missense	0.312148137	0.698478383	NA	NA	TRUE	FALSE
P88T	p.Pro88Thr	missense	0.567406989	0.490166621	NA	NA	TRUE	FALSE
P88I	p.Pro88Ile	missense	0.443775874	0.895579177	NA	NA	TRUE	FALSE
P88L	p.Pro88Leu	missense	0.745106958	0.23254535	-0.215314926	indeterminate	FALSE	FALSE
P88K	p.Pro88Lys	missense	0.634278482	0.124849131	-0.037199873	indeterminate	FALSE	FALSE
P88G	p.Pro88Gly	missense	0.272960323	0.514282478	NA	NA	TRUE	FALSE
P88Y	p.Pro88Tyr	missense	NA	NA	NA	NA	NA	NA
P88N	p.Pro88Asn	missense	0.243253147	0.136649407	0.561711735	pathogenic supporting	FALSE	FALSE
P88C	p.Pro88Cys	missense	-0.80218988	0.517267883	4.656163349	pathogenic very strong	FALSE	FALSE
P88P	p.Pro88=	synonymous	0.972726482	0.073475722	NA	NA	FALSE	FALSE
P88E	p.Pro88Glu	missense	0.254134788	0.962440997	NA	NA	TRUE	FALSE
P88M	p.Pro88Met	missense	1.234251936	0.183109192	-0.56405965	benign supporting	FALSE	FALSE
P88W	p.Pro88Trp	missense	1.618406142	0.626350183	NA	NA	FALSE	TRUE
P88H	p.Pro88His	missense	1.162890434	0.13968449	-0.566277531	benign supporting	FALSE	FALSE
P88Q	p.Pro88Gln	missense	0.740830363	0.126586739	-0.208708888	indeterminate	FALSE	FALSE
P88*	p.Pro88*	nonsense	-0.398629407	0.752741407	NA	NA	FALSE	FALSE
T89S	p.Thr89Ser	missense	0.981944212	0.22498646	-0.495346143	benign supporting	FALSE	FALSE
T89A	p.Thr89Ala	missense	1.414787988	0.391119462	-0.469351577	benign supporting	FALSE	FALSE
T89V	p.Thr89Val	missense	0.612926045	0.130775373	NA	NA	TRUE	FALSE
T89R	p.Thr89Arg	missense	0.573270831	0.460896096	NA	NA	TRUE	FALSE
T89D	p.Thr89Asp	missense	-0.70843118	0.54940788	4.736423674	pathogenic very strong	FALSE	FALSE
T89F	p.Thr89Phe	missense	1.096354869	1.11320016	NA	NA	TRUE	FALSE
T89T	p.Thr89=	synonymous	2.265199415	0.057145813	NA	NA	FALSE	TRUE
T89I	p.Thr89Ile	missense	0.914638601	0.467733863	NA	NA	TRUE	FALSE
T89L	p.Thr89Leu	missense	0.561516674	0.250942646	NA	NA	TRUE	FALSE
T89K	p.Thr89Lys	missense	0.855285115	0.146982936	-0.372077588	benign supporting	FALSE	FALSE
T89G	p.Thr89Gly	missense	0.646759627	0.294678	NA	NA	TRUE	FALSE
T89Y	p.Thr89Tyr	missense	NA	NA	NA	NA	NA	NA
T89N	p.Thr89Asn	missense	0.847576525	0.163905546	-0.362237905	benign supporting	FALSE	FALSE
T89C	p.Thr89Cys	missense	1.747869947	0.396393257	NA	NA	FALSE	TRUE
T89P	p.Thr89Pro	missense	1.11821767	1.055784887	NA	NA	TRUE	FALSE
T89E	p.Thr89Glu	missense	0.267413934	0.213668112	0.539942987	pathogenic supporting	FALSE	FALSE
T89M	p.Thr89Met	missense	1.861023878	0.316997844	NA	NA	FALSE	TRUE
T89W	p.Thr89Trp	missense	1.407296366	0.924564043	NA	NA	TRUE	FALSE
T89H	p.Thr89His	missense	NA	NA	NA	NA	NA	NA
T89Q	p.Thr89Gln	missense	NA	NA	NA	NA	NA	NA
T89*	p.Thr89*	nonsense	NA	NA	NA	NA	NA	NA
P90S	p.Pro90Ser	missense	0.740185636	0.40544377	NA	NA	TRUE	FALSE
P90A	p.Pro90Ala	missense	1.062202504	0.140959341	-0.544668985	benign supporting	FALSE	FALSE
P90V	p.Pro90Val	missense	0.835561419	0.147652984	-0.345837258	benign supporting	FALSE	FALSE
P90R	p.Pro90Arg	missense	1.188441796	0.173735881	-0.56881368	benign supporting	FALSE	FALSE
P90D	p.Pro90Asp	missense	0.135967335	0.925971856	NA	NA	TRUE	FALSE
P90F	p.Pro90Phe	missense	NA	NA	NA	NA	NA	NA
P90T	p.Pro90Thr	missense	NA	NA	NA	NA	NA	NA
P90I	p.Pro90Ile	missense	NA	NA	NA	NA	NA	NA
P90L	p.Pro90Leu	missense	1.058775047	0.677712721	NA	NA	TRUE	FALSE
P90K	p.Pro90Lys	missense	0.662653421	1.002748675	NA	NA	TRUE	FALSE
P90G	p.Pro90Gly	missense	0.459391934	0.26039909	NA	NA	TRUE	FALSE
P90Y	p.Pro90Tyr	missense	0.610876634	0.280500201	NA	NA	TRUE	FALSE
P90N	p.Pro90Asn	missense	0.810837593	0.251420201	-0.31066997	indeterminate	FALSE	FALSE
P90C	p.Pro90Cys	missense	0.888125735	0.1250256	-0.412499716	benign supporting	FALSE	FALSE
P90P	p.Pro90=	synonymous	0.990481525	0.086567658	NA	NA	FALSE	FALSE
P90E	p.Pro90Glu	missense	NA	NA	NA	NA	NA	NA
P90M	p.Pro90Met	missense	NA	NA	NA	NA	NA	NA
P90W	p.Pro90Trp	missense	NA	NA	NA	NA	NA	NA
P90H	p.Pro90His	missense	NA	NA	NA	NA	NA	NA
P90Q	p.Pro90Gln	missense	0.746477416	0.137067717	-0.217401349	indeterminate	FALSE	FALSE
P90*	p.Pro90*	nonsense	-0.253445681	0.798946553	NA	NA	TRUE	FALSE
A91S	p.Ala91Ser	missense	0.765486933	1.333122835	NA	NA	TRUE	FALSE
A91A	p.Ala91=	synonymous	0.858142073	0.187476152	NA	NA	FALSE	FALSE
A91V	p.Ala91Val	missense	1.014098805	0.131830711	-0.517705684	benign supporting	FALSE	FALSE
A91R	p.Ala91Arg	missense	0.693547639	0.221900808	NA	NA	TRUE	FALSE
A91D	p.Ala91Asp	missense	0.592661265	0.263770468	NA	NA	TRUE	FALSE
A91F	p.Ala91Phe	missense	NA	NA	NA	NA	NA	NA
A91T	p.Ala91Thr	missense	0.589714613	0.319379478	NA	NA	TRUE	FALSE
A91I	p.Ala91Ile	missense	0.098221602	0.508924509	NA	NA	TRUE	FALSE
A91L	p.Ala91Leu	missense	0.914423899	0.335780061	-0.441581225	benign supporting	FALSE	FALSE
A91K	p.Ala91Lys	missense	NA	NA	NA	NA	NA	NA
A91G	p.Ala91Gly	missense	0.785611073	0.125114172	-0.274467283	indeterminate	FALSE	FALSE
A91Y	p.Ala91Tyr	missense	1.388731093	0.214358165	-0.491182938	benign supporting	FALSE	FALSE
A91N	p.Ala91Asn	missense	NA	NA	NA	NA	NA	NA
A91C	p.Ala91Cys	missense	1.307367202	0.138597062	-0.540342274	benign supporting	FALSE	FALSE
A91P	p.Ala91Pro	missense	1.141789926	0.948660306	NA	NA	TRUE	FALSE
A91E	p.Ala91Glu	missense	0.848561073	0.486113089	NA	NA	TRUE	FALSE
A91M	p.Ala91Met	missense	0.031282689	0.261314966	0.543466034	pathogenic supporting	FALSE	FALSE
A91W	p.Ala91Trp	missense	1.922077788	0.972875654	NA	NA	FALSE	TRUE
A91H	p.Ala91His	missense	1.304930375	0.268504499	-0.54161998	benign supporting	FALSE	FALSE
A91Q	p.Ala91Gln	missense	1.7591351	0.388624632	NA	NA	FALSE	TRUE
A91*	p.Ala91*	nonsense	NA	NA	NA	NA	NA	NA
P92S	p.Pro92Ser	missense	1.9223149	0.657764891	NA	NA	FALSE	TRUE
P92A	p.Pro92Ala	missense	1.930925678	0.760372886	NA	NA	FALSE	TRUE
P92V	p.Pro92Val	missense	0.133046733	0.900957844	NA	NA	TRUE	FALSE
P92R	p.Pro92Arg	missense	2.029758954	0.262204537	NA	NA	FALSE	TRUE
P92D	p.Pro92Asp	missense	0.261005052	0.195472029	0.549001736	pathogenic supporting	FALSE	FALSE
P92F	p.Pro92Phe	missense	1.568330292	0.09905853	NA	NA	FALSE	TRUE
P92T	p.Pro92Thr	missense	1.630893052	0.098450169	NA	NA	FALSE	TRUE
P92I	p.Pro92Ile	missense	NA	NA	NA	NA	NA	NA
P92L	p.Pro92Leu	missense	2.027181225	0.078877582	NA	NA	FALSE	TRUE
P92K	p.Pro92Lys	missense	1.60435992	0.094003962	NA	NA	FALSE	TRUE
P92G	p.Pro92Gly	missense	2.15185749	0.410017743	NA	NA	FALSE	TRUE
P92Y	p.Pro92Tyr	missense	1.350223305	0.135773197	-0.517342761	benign supporting	FALSE	FALSE
P92N	p.Pro92Asn	missense	1.590413816	0.220637492	NA	NA	FALSE	TRUE
P92C	p.Pro92Cys	missense	NA	NA	NA	NA	NA	NA
P92P	p.Pro92=	synonymous	0.855959786	0.266565955	NA	NA	FALSE	FALSE
P92E	p.Pro92Glu	missense	NA	NA	NA	NA	NA	NA
P92M	p.Pro92Met	missense	1.361739314	1.372742258	NA	NA	TRUE	FALSE
P92W	p.Pro92Trp	missense	1.254901221	0.269023549	-0.56069676	benign supporting	FALSE	FALSE
P92H	p.Pro92His	missense	1.800062981	1.294706336	NA	NA	FALSE	TRUE
P92Q	p.Pro92Gln	missense	NA	NA	NA	NA	NA	NA
P92*	p.Pro92*	nonsense	NA	NA	NA	NA	NA	NA
W93S	p.Trp93Ser	missense	-0.609620846	0.586053618	4.797517781	pathogenic very strong	FALSE	FALSE
W93A	p.Trp93Ala	missense	-0.159617225	0.712552629	NA	NA	TRUE	FALSE
W93V	p.Trp93Val	missense	-0.568358362	0.743730915	4.817452452	pathogenic very strong	FALSE	FALSE
W93R	p.Trp93Arg	missense	0.203051879	0.725617345	NA	NA	TRUE	FALSE
W93D	p.Trp93Asp	missense	0.057379522	0.516169008	NA	NA	TRUE	FALSE
W93F	p.Trp93Phe	missense	1.278045622	0.134213535	-0.55382338	benign supporting	FALSE	FALSE
W93T	p.Trp93Thr	missense	-0.171537207	0.156211557	0.62666124	pathogenic supporting	FALSE	FALSE
W93I	p.Trp93Ile	missense	NA	NA	NA	NA	NA	NA
W93L	p.Trp93Leu	missense	-0.635808267	0.403275145	4.78330209	pathogenic very strong	FALSE	FALSE
W93K	p.Trp93Lys	missense	-0.558686465	0.22018918	4.82172166	pathogenic very strong	FALSE	FALSE
W93G	p.Trp93Gly	missense	-0.142418926	0.355182437	0.600492288	pathogenic supporting	FALSE	FALSE
W93Y	p.Trp93Tyr	missense	NA	NA	NA	NA	NA	NA
W93N	p.Trp93Asn	missense	NA	NA	NA	NA	NA	NA
W93C	p.Trp93Cys	missense	NA	NA	NA	NA	NA	NA
W93P	p.Trp93Pro	missense	-0.29504273	0.662862964	0.840510542	pathogenic moderate	FALSE	FALSE
W93E	p.Trp93Glu	missense	0.286589095	0.117818265	0.514609083	pathogenic supporting	FALSE	FALSE
W93M	p.Trp93Met	missense	-0.155700267	0.38151098	0.611731553	pathogenic supporting	FALSE	FALSE
W93W	p.Trp93=	synonymous	NA	NA	NA	NA	NA	NA
W93H	p.Trp93His	missense	0.068565105	0.929212589	NA	NA	TRUE	FALSE
W93Q	p.Trp93Gln	missense	0.199528282	1.291995691	NA	NA	TRUE	FALSE
W93*	p.Trp93*	nonsense	0.387227718	0.391387723	NA	NA	TRUE	FALSE
A94S	p.Ala94Ser	missense	1.57909609	0.300583223	NA	NA	FALSE	TRUE
A94A	p.Ala94=	synonymous	0.969975362	0.925052445	NA	NA	TRUE	FALSE
A94V	p.Ala94Val	missense	-0.38230314	0.671266327	1.053224297	pathogenic moderate	FALSE	FALSE
A94R	p.Ala94Arg	missense	-0.94310099	0.469929884	4.530385496	pathogenic very strong	FALSE	FALSE
A94D	p.Ala94Asp	missense	NA	NA	NA	NA	NA	NA
A94F	p.Ala94Phe	missense	1.137620289	0.667295212	NA	NA	TRUE	FALSE
A94T	p.Ala94Thr	missense	-0.012592016	0.336804276	0.547262946	pathogenic supporting	FALSE	FALSE
A94I	p.Ala94Ile	missense	0.78330441	1.211710801	NA	NA	TRUE	FALSE
A94L	p.Ala94Leu	missense	-0.290005989	0.424060799	0.826107021	pathogenic moderate	FALSE	FALSE
A94K	p.Ala94Lys	missense	NA	NA	NA	NA	NA	NA
A94G	p.Ala94Gly	missense	1.009712874	0.134371813	-0.514872463	benign supporting	FALSE	FALSE
A94Y	p.Ala94Tyr	missense	-0.917112988	0.571782416	4.554543545	pathogenic very strong	FALSE	FALSE
A94N	p.Ala94Asn	missense	NA	NA	NA	NA	NA	NA
A94C	p.Ala94Cys	missense	0.722497366	0.947055329	NA	NA	TRUE	FALSE
A94P	p.Ala94Pro	missense	0.322924822	0.745216446	NA	NA	TRUE	FALSE
A94E	p.Ala94Glu	missense	-0.230609411	0.108709093	0.701345122	pathogenic moderate	FALSE	FALSE
A94M	p.Ala94Met	missense	1.833453426	1.060758399	NA	NA	FALSE	TRUE
A94W	p.Ala94Trp	missense	-0.663208421	0.678452243	4.766986818	pathogenic very strong	FALSE	FALSE
A94H	p.Ala94His	missense	NA	NA	NA	NA	NA	NA
A94Q	p.Ala94Gln	missense	-0.944570658	0.659275615	4.528946857	pathogenic very strong	FALSE	FALSE
A94*	p.Ala94*	nonsense	0.364522115	0.212502535	NA	NA	TRUE	FALSE
R95S	p.Arg95Ser	missense	0.698937022	0.327274697	NA	NA	TRUE	FALSE
R95A	p.Arg95Ala	missense	-0.300006988	0.292785176	0.855535247	pathogenic moderate	FALSE	FALSE
R95V	p.Arg95Val	missense	-1.209274905	0.459189693	4.22594786	pathogenic very strong	FALSE	FALSE
R95R	p.Arg95=	synonymous	1.103258401	0.33195341	NA	NA	FALSE	FALSE
R95D	p.Arg95Asp	missense	0.593276506	0.154551307	NA	NA	TRUE	FALSE
R95F	p.Arg95Phe	missense	NA	NA	NA	NA	NA	NA
R95T	p.Arg95Thr	missense	-0.143652069	0.425414586	0.601489967	pathogenic supporting	FALSE	FALSE
R95I	p.Arg95Ile	missense	-0.558668807	0.697525018	4.821729321	pathogenic very strong	FALSE	FALSE
R95L	p.Arg95Leu	missense	0.493201165	0.741767556	NA	NA	TRUE	FALSE
R95K	p.Arg95Lys	missense	2.121159391	0.216463466	NA	NA	FALSE	TRUE
R95G	p.Arg95Gly	missense	0.275227248	0.259497158	NA	NA	TRUE	FALSE
R95Y	p.Arg95Tyr	missense	NA	NA	NA	NA	NA	NA
R95N	p.Arg95Asn	missense	NA	NA	NA	NA	NA	NA
R95C	p.Arg95Cys	missense	0.298530285	0.291313566	NA	NA	TRUE	FALSE
R95P	p.Arg95Pro	missense	0.036099024	0.297899702	0.543388435	pathogenic supporting	FALSE	FALSE
R95E	p.Arg95Glu	missense	-0.391785325	0.566010299	1.078589252	pathogenic moderate	FALSE	FALSE
R95M	p.Arg95Met	missense	-0.60412123	0.669738203	4.80034316	pathogenic very strong	FALSE	FALSE
R95W	p.Arg95Trp	missense	0.342972379	0.145619343	0.447246968	pathogenic supporting	FALSE	FALSE
R95H	p.Arg95His	missense	NA	NA	NA	NA	NA	NA
R95Q	p.Arg95Gln	missense	0.469931194	0.608355897	NA	NA	TRUE	FALSE
R95*	p.Arg95*	nonsense	0.312138046	0.582672881	NA	NA	TRUE	FALSE
L96S	p.Leu96Ser	missense	-0.000182022	0.246016865	0.545613717	pathogenic supporting	FALSE	FALSE
L96A	p.Leu96Ala	missense	0.553250577	0.52793795	NA	NA	TRUE	FALSE
L96V	p.Leu96Val	missense	1.301578049	0.125319834	-0.54332479	benign supporting	FALSE	FALSE
L96R	p.Leu96Arg	missense	-0.656471571	0.759566353	4.771142448	pathogenic very strong	FALSE	FALSE
L96D	p.Leu96Asp	missense	-0.467371997	0.197464588	1.437346471	pathogenic strong	FALSE	FALSE
L96F	p.Leu96Phe	missense	1.189225136	0.282842797	-0.568906583	benign supporting	FALSE	FALSE
L96T	p.Leu96Thr	missense	0.280779341	0.308548448	NA	NA	TRUE	FALSE
L96I	p.Leu96Ile	missense	1.93019924	0.377281695	NA	NA	FALSE	TRUE
L96L	p.Leu96=	synonymous	0.756341618	0.445357365	NA	NA	TRUE	FALSE
L96K	p.Leu96Lys	missense	-1.003570134	0.473040571	4.470075343	pathogenic very strong	FALSE	FALSE
L96G	p.Leu96Gly	missense	-0.002540665	0.919212199	NA	NA	TRUE	FALSE
L96Y	p.Leu96Tyr	missense	-0.121047035	0.238478323	0.584576856	pathogenic supporting	FALSE	FALSE
L96N	p.Leu96Asn	missense	0.444218555	0.274290081	NA	NA	TRUE	FALSE
L96C	p.Leu96Cys	missense	1.180796339	0.162123286	-0.567803773	benign supporting	FALSE	FALSE
L96P	p.Leu96Pro	missense	-0.756116681	0.432515954	4.698419834	pathogenic very strong	FALSE	FALSE
L96E	p.Leu96Glu	missense	-0.490720058	0.257686926	1.716816569	pathogenic strong	FALSE	FALSE
L96M	p.Leu96Met	missense	0.806931088	0.471844739	NA	NA	TRUE	FALSE
L96W	p.Leu96Trp	missense	-0.466260612	0.421301483	1.428073148	pathogenic strong	FALSE	FALSE
L96H	p.Leu96His	missense	-0.681100051	0.33664104	4.755467877	pathogenic very strong	FALSE	FALSE
L96Q	p.Leu96Gln	missense	-0.946316675	0.667476996	4.527227091	pathogenic very strong	FALSE	FALSE
L96*	p.Leu96*	nonsense	0.25646834	0.887941689	NA	NA	TRUE	FALSE
W97S	p.Trp97Ser	missense	0.823672014	0.487027461	NA	NA	TRUE	FALSE
W97A	p.Trp97Ala	missense	0.714729699	0.589047527	NA	NA	TRUE	FALSE
W97V	p.Trp97Val	missense	1.055848479	0.684443442	NA	NA	TRUE	FALSE
W97R	p.Trp97Arg	missense	0.882131965	0.431842103	NA	NA	TRUE	FALSE
W97D	p.Trp97Asp	missense	0.42906948	0.261867847	NA	NA	TRUE	FALSE
W97F	p.Trp97Phe	missense	2.173823327	0.05655282	NA	NA	FALSE	TRUE
W97T	p.Trp97Thr	missense	-0.31307537	0.430934059	0.901000049	pathogenic moderate	FALSE	FALSE
W97I	p.Trp97Ile	missense	0.07833618	0.867027941	NA	NA	TRUE	FALSE
W97L	p.Trp97Leu	missense	0.596297693	0.431599378	NA	NA	TRUE	FALSE
W97K	p.Trp97Lys	missense	NA	NA	NA	NA	NA	NA
W97G	p.Trp97Gly	missense	1.029174904	0.14783306	-0.526951473	benign supporting	FALSE	FALSE
W97Y	p.Trp97Tyr	missense	NA	NA	NA	NA	NA	NA
W97N	p.Trp97Asn	missense	NA	NA	NA	NA	NA	NA
W97C	p.Trp97Cys	missense	0.868535532	0.150474804	-0.388170915	benign supporting	FALSE	FALSE
W97P	p.Trp97Pro	missense	0.750901095	0.370740789	NA	NA	TRUE	FALSE
W97E	p.Trp97Glu	missense	-0.265842151	0.22416335	0.766747859	pathogenic moderate	FALSE	FALSE
W97M	p.Trp97Met	missense	1.419818517	0.165481356	-0.464478492	benign supporting	FALSE	FALSE
W97W	p.Trp97=	synonymous	NA	NA	NA	NA	NA	NA
W97H	p.Trp97His	missense	0.542424351	0.235981261	NA	NA	TRUE	FALSE
W97Q	p.Trp97Gln	missense	0.620857281	0.810476298	NA	NA	TRUE	FALSE
W97*	p.Trp97*	nonsense	0.528115494	1.552309158	NA	NA	TRUE	FALSE
A98S	p.Ala98Ser	missense	0.557459275	0.104891368	NA	NA	TRUE	FALSE
A98A	p.Ala98=	synonymous	0.871528534	0.11987361	NA	NA	FALSE	FALSE
A98V	p.Ala98Val	missense	0.955137123	0.323948741	-0.475512724	benign supporting	FALSE	FALSE
A98R	p.Ala98Arg	missense	1.154784197	0.18737991	-0.565400012	benign supporting	FALSE	FALSE
A98D	p.Ala98Asp	missense	-0.351351508	0.157767161	0.984336248	pathogenic moderate	FALSE	FALSE
A98F	p.Ala98Phe	missense	0.020551478	0.477627005	0.543876692	pathogenic supporting	FALSE	FALSE
A98T	p.Ala98Thr	missense	0.549894362	0.610657495	NA	NA	TRUE	FALSE
A98I	p.Ala98Ile	missense	0.487883541	0.34580887	NA	NA	TRUE	FALSE
A98L	p.Ala98Leu	missense	0.151853584	0.287245144	0.569613985	pathogenic supporting	FALSE	FALSE
A98K	p.Ala98Lys	missense	1.051401214	0.143020008	-0.539246042	benign supporting	FALSE	FALSE
A98G	p.Ala98Gly	missense	1.304184172	0.080553806	-0.542004727	benign supporting	FALSE	FALSE
A98Y	p.Ala98Tyr	missense	1.104083805	0.083325465	-0.558959154	benign supporting	FALSE	FALSE
A98N	p.Ala98Asn	missense	1.304720146	0.083454615	-0.541728683	benign supporting	FALSE	FALSE
A98C	p.Ala98Cys	missense	1.083326863	0.058243309	-0.554240576	benign supporting	FALSE	FALSE
A98P	p.Ala98Pro	missense	1.50898973	0.139383135	NA	NA	FALSE	TRUE
A98E	p.Ala98Glu	missense	-0.303075588	0.143556163	0.865268215	pathogenic moderate	FALSE	FALSE
A98M	p.Ala98Met	missense	1.255067126	0.144608246	-0.560662588	benign supporting	FALSE	FALSE
A98W	p.Ala98Trp	missense	0.181379281	0.39574232	NA	NA	TRUE	FALSE
A98H	p.Ala98His	missense	NA	NA	NA	NA	NA	NA
A98Q	p.Ala98Gln	missense	1.126087123	0.216720992	-0.562335111	benign supporting	FALSE	FALSE
A98*	p.Ala98*	nonsense	0.738084718	0.161857463	NA	NA	FALSE	FALSE
L99S	p.Leu99Ser	missense	1.280001637	0.126130673	-0.552906351	benign supporting	FALSE	FALSE
L99A	p.Leu99Ala	missense	0.648121487	0.150410432	NA	NA	TRUE	FALSE
L99V	p.Leu99Val	missense	1.148564576	0.259131026	-0.564576023	benign supporting	FALSE	FALSE
L99R	p.Leu99Arg	missense	1.480763711	0.078274098	NA	NA	FALSE	TRUE
L99D	p.Leu99Asp	missense	0.834803634	0.102014888	-0.344691781	benign supporting	FALSE	FALSE
L99F	p.Leu99Phe	missense	1.259847339	0.077452345	-0.559627005	benign supporting	FALSE	FALSE
L99T	p.Leu99Thr	missense	1.362202152	0.127141512	-0.509269482	benign supporting	FALSE	FALSE
L99I	p.Leu99Ile	missense	0.974979535	0.192986599	-0.489995103	benign supporting	FALSE	FALSE
L99L	p.Leu99=	synonymous	1.088627582	0.084179227	NA	NA	FALSE	FALSE
L99K	p.Leu99Lys	missense	1.212440868	1.24428598	NA	NA	TRUE	FALSE
L99G	p.Leu99Gly	missense	0.379222759	0.295831782	NA	NA	TRUE	FALSE
L99Y	p.Leu99Tyr	missense	1.21587322	0.313271706	-0.566149999	benign supporting	FALSE	FALSE
L99N	p.Leu99Asn	missense	0.717461592	0.347609492	NA	NA	TRUE	FALSE
L99C	p.Leu99Cys	missense	1.797119015	0.075304604	NA	NA	FALSE	TRUE
L99P	p.Leu99Pro	missense	0.656992414	0.247018526	NA	NA	TRUE	FALSE
L99E	p.Leu99Glu	missense	1.340216437	0.099282318	-0.523392477	benign supporting	FALSE	FALSE
L99M	p.Leu99Met	missense	1.221139464	0.150250995	-0.565321631	benign supporting	FALSE	FALSE
L99W	p.Leu99Trp	missense	0.585013784	0.436013898	NA	NA	TRUE	FALSE
L99H	p.Leu99His	missense	0.74112431	0.476098629	NA	NA	TRUE	FALSE
L99Q	p.Leu99Gln	missense	0.812469856	0.588648759	NA	NA	TRUE	FALSE
L99*	p.Leu99*	nonsense	1.224707149	0.214551664	NA	NA	FALSE	FALSE
Q100S	p.Gln100Ser	missense	1.005916617	0.196715599	-0.512366573	benign supporting	FALSE	FALSE
Q100A	p.Gln100Ala	missense	1.271031064	0.314579546	-0.556808388	benign supporting	FALSE	FALSE
Q100V	p.Gln100Val	missense	1.5987134	0.108213676	NA	NA	FALSE	TRUE
Q100R	p.Gln100Arg	missense	1.627067961	0.245960721	NA	NA	FALSE	TRUE
Q100D	p.Gln100Asp	missense	0.34814482	0.151309654	0.440628321	pathogenic supporting	FALSE	FALSE
Q100F	p.Gln100Phe	missense	NA	NA	NA	NA	NA	NA
Q100T	p.Gln100Thr	missense	1.156203007	0.101056599	-0.565569739	benign supporting	FALSE	FALSE
Q100I	p.Gln100Ile	missense	2.169778361	0.08304354	NA	NA	FALSE	TRUE
Q100L	p.Gln100Leu	missense	1.79159078	0.104396732	NA	NA	FALSE	TRUE
Q100K	p.Gln100Lys	missense	0.995277095	0.07039183	-0.5050723	benign supporting	FALSE	FALSE
Q100G	p.Gln100Gly	missense	1.073583754	0.120116499	-0.550004072	benign supporting	FALSE	FALSE
Q100Y	p.Gln100Tyr	missense	1.881776413	0.074619273	NA	NA	FALSE	TRUE
Q100N	p.Gln100Asn	missense	NA	NA	NA	NA	NA	NA
Q100C	p.Gln100Cys	missense	1.219194087	0.112814742	-0.565573338	benign supporting	FALSE	FALSE
Q100P	p.Gln100Pro	missense	1.080869504	0.115538254	-0.553218189	benign supporting	FALSE	FALSE
Q100E	p.Gln100Glu	missense	0.957742544	0.142240633	-0.47745029	benign supporting	FALSE	FALSE
Q100M	p.Gln100Met	missense	1.776573319	0.072398233	NA	NA	FALSE	TRUE
Q100W	p.Gln100Trp	missense	1.809441216	0.060954567	NA	NA	FALSE	TRUE
Q100H	p.Gln100His	missense	0.818166775	1.688290553	NA	NA	TRUE	FALSE
Q100Q	p.Gln100=	synonymous	0.529248195	0.323843617	NA	NA	TRUE	FALSE
Q100*	p.Gln100*	nonsense	0.418050187	1.423243323	NA	NA	TRUE	FALSE
D101S	p.Asp101Ser	missense	1.253732644	0.139446151	-0.560934128	benign supporting	FALSE	FALSE
D101A	p.Asp101Ala	missense	1.180935122	0.164082341	-0.567823762	benign supporting	FALSE	FALSE
D101V	p.Asp101Val	missense	1.657240145	0.127532856	NA	NA	FALSE	TRUE
D101R	p.Asp101Arg	missense	1.946127446	0.07981494	NA	NA	FALSE	TRUE
D101D	p.Asp101=	synonymous	NA	NA	NA	NA	NA	NA
D101F	p.Asp101Phe	missense	1.957776008	0.191396403	NA	NA	FALSE	TRUE
D101T	p.Asp101Thr	missense	1.01925288	0.143063565	-0.520951585	benign supporting	FALSE	FALSE
D101I	p.Asp101Ile	missense	NA	NA	NA	NA	NA	NA
D101L	p.Asp101Leu	missense	2.065595229	0.077591484	NA	NA	FALSE	TRUE
D101K	p.Asp101Lys	missense	1.063205028	0.119046341	-0.545154447	benign supporting	FALSE	FALSE
D101G	p.Asp101Gly	missense	1.098861957	0.163735204	-0.557911099	benign supporting	FALSE	FALSE
D101Y	p.Asp101Tyr	missense	1.605069193	0.140378279	NA	NA	FALSE	TRUE
D101N	p.Asp101Asn	missense	1.209481625	0.151203186	-0.56713141	benign supporting	FALSE	FALSE
D101C	p.Asp101Cys	missense	1.480650067	0.308084061	NA	NA	FALSE	TRUE
D101P	p.Asp101Pro	missense	0.98148415	0.252798637	-0.494998513	benign supporting	FALSE	FALSE
D101E	p.Asp101Glu	missense	0.997462626	0.091707104	-0.506603795	benign supporting	FALSE	FALSE
D101M	p.Asp101Met	missense	1.369958011	0.185044683	-0.503835754	benign supporting	FALSE	FALSE
D101W	p.Asp101Trp	missense	1.354387525	0.103944367	-0.51464251	benign supporting	FALSE	FALSE
D101H	p.Asp101His	missense	1.420551254	0.178082823	-0.463749121	benign supporting	FALSE	FALSE
D101Q	p.Asp101Gln	missense	1.169178335	0.143221015	-0.566802632	benign supporting	FALSE	FALSE
D101*	p.Asp101*	nonsense	-0.474619163	0.284359455	NA	NA	FALSE	FALSE
G102S	p.Gly102Ser	missense	0.956064634	0.182566444	-0.476205496	benign supporting	FALSE	FALSE
G102A	p.Gly102Ala	missense	1.344891195	0.057349703	-0.520641797	benign supporting	FALSE	FALSE
G102V	p.Gly102Val	missense	1.605182171	0.094405905	NA	NA	FALSE	TRUE
G102R	p.Gly102Arg	missense	1.335970032	0.34441893	-0.525780085	benign supporting	FALSE	FALSE
G102D	p.Gly102Asp	missense	0.753090202	0.068315424	-0.227268177	indeterminate	FALSE	FALSE
G102F	p.Gly102Phe	missense	2.128772168	0.25564446	NA	NA	FALSE	TRUE
G102T	p.Gly102Thr	missense	1.468930731	0.077129009	NA	NA	FALSE	TRUE
G102I	p.Gly102Ile	missense	1.52388494	1.384833912	NA	NA	TRUE	TRUE
G102L	p.Gly102Leu	missense	1.713894618	0.29494859	NA	NA	FALSE	TRUE
G102K	p.Gly102Lys	missense	NA	NA	NA	NA	NA	NA
G102G	p.Gly102=	synonymous	1.168971422	0.061632031	NA	NA	FALSE	FALSE
G102Y	p.Gly102Tyr	missense	0.856398641	0.258287211	-0.373469046	benign supporting	FALSE	FALSE
G102N	p.Gly102Asn	missense	1.308245222	0.180561073	-0.539873855	benign supporting	FALSE	FALSE
G102C	p.Gly102Cys	missense	1.338417889	0.203107303	-0.524416455	benign supporting	FALSE	FALSE
G102P	p.Gly102Pro	missense	1.621442605	0.146696555	NA	NA	FALSE	TRUE
G102E	p.Gly102Glu	missense	1.035061917	0.169696963	-0.530359903	benign supporting	FALSE	FALSE
G102M	p.Gly102Met	missense	2.029925394	0.777251927	NA	NA	FALSE	TRUE
G102W	p.Gly102Trp	missense	1.424350545	0.107996668	-0.459884998	benign supporting	FALSE	FALSE
G102H	p.Gly102His	missense	1.464197971	0.125807109	NA	NA	FALSE	TRUE
G102Q	p.Gly102Gln	missense	1.198544441	0.168472253	-0.568429083	benign supporting	FALSE	FALSE
G102*	p.Gly102*	nonsense	0.086348058	0.935218021	NA	NA	TRUE	FALSE
F103S	p.Phe103Ser	missense	1.237365184	0.521772238	-0.563662761	benign supporting	FALSE	FALSE
F103A	p.Phe103Ala	missense	0.635264912	1.100655959	NA	NA	TRUE	FALSE
F103V	p.Phe103Val	missense	0.121747999	0.787326479	NA	NA	TRUE	FALSE
F103R	p.Phe103Arg	missense	0.273933383	0.804299472	NA	NA	TRUE	FALSE
F103D	p.Phe103Asp	missense	-0.527749994	0.488436101	4.834423691	pathogenic very strong	FALSE	FALSE
F103F	p.Phe103=	synonymous	0.621103689	1.251587198	NA	NA	TRUE	FALSE
F103T	p.Phe103Thr	missense	0.322455649	0.443789588	NA	NA	TRUE	FALSE
F103I	p.Phe103Ile	missense	1.984988278	0.817095254	NA	NA	FALSE	TRUE
F103L	p.Phe103Leu	missense	1.002356857	0.357888014	-0.509970972	benign supporting	FALSE	FALSE
F103K	p.Phe103Lys	missense	0.348792326	0.221187282	NA	NA	TRUE	FALSE
F103G	p.Phe103Gly	missense	0.836964848	0.130494968	-0.34794861	benign supporting	FALSE	FALSE
F103Y	p.Phe103Tyr	missense	0.623603281	0.377617893	NA	NA	TRUE	FALSE
F103N	p.Phe103Asn	missense	NA	NA	NA	NA	NA	NA
F103C	p.Phe103Cys	missense	0.164099923	0.360228691	NA	NA	TRUE	FALSE
F103P	p.Phe103Pro	missense	NA	NA	NA	NA	NA	NA
F103E	p.Phe103Glu	missense	0.919463425	1.017067045	NA	NA	TRUE	FALSE
F103M	p.Phe103Met	missense	0.533985581	0.181880768	NA	NA	TRUE	FALSE
F103W	p.Phe103Trp	missense	0.81487538	0.457754794	NA	NA	TRUE	FALSE
F103H	p.Phe103His	missense	NA	NA	NA	NA	NA	NA
F103Q	p.Phe103Gln	missense	0.282268287	0.445902279	NA	NA	TRUE	FALSE
F103*	p.Phe103*	nonsense	-0.317279962	0.286387401	NA	NA	FALSE	FALSE
A104S	p.Ala104Ser	missense	NA	NA	NA	NA	NA	NA
A104A	p.Ala104=	synonymous	1.088690908	0.69086748	NA	NA	TRUE	FALSE
A104V	p.Ala104Val	missense	0.393565591	0.437893045	NA	NA	TRUE	FALSE
A104R	p.Ala104Arg	missense	0.909716879	0.621194879	NA	NA	TRUE	FALSE
A104D	p.Ala104Asp	missense	1.014475087	0.634428131	NA	NA	TRUE	FALSE
A104F	p.Ala104Phe	missense	0.95157933	0.602656734	NA	NA	TRUE	FALSE
A104T	p.Ala104Thr	missense	1.043170741	0.236127009	-0.534874113	benign supporting	FALSE	FALSE
A104I	p.Ala104Ile	missense	1.433818264	1.107549652	NA	NA	TRUE	FALSE
A104L	p.Ala104Leu	missense	1.434140399	0.302604713	-0.449859184	benign supporting	FALSE	FALSE
A104K	p.Ala104Lys	missense	NA	NA	NA	NA	NA	NA
A104G	p.Ala104Gly	missense	1.557316182	0.229383736	NA	NA	FALSE	TRUE
A104Y	p.Ala104Tyr	missense	NA	NA	NA	NA	NA	NA
A104N	p.Ala104Asn	missense	NA	NA	NA	NA	NA	NA
A104C	p.Ala104Cys	missense	0.666870401	0.766476587	NA	NA	TRUE	FALSE
A104P	p.Ala104Pro	missense	NA	NA	NA	NA	NA	NA
A104E	p.Ala104Glu	missense	1.017474033	0.09630115	-0.519841424	benign supporting	FALSE	FALSE
A104M	p.Ala104Met	missense	NA	NA	NA	NA	NA	NA
A104W	p.Ala104Trp	missense	1.397287457	1.097682025	NA	NA	TRUE	FALSE
A104H	p.Ala104His	missense	NA	NA	NA	NA	NA	NA
A104Q	p.Ala104Gln	missense	0.76979495	1.059923867	NA	NA	TRUE	FALSE
A104*	p.Ala104*	nonsense	0.571938419	0.229327818	NA	NA	TRUE	FALSE
N105S	p.Asn105Ser	missense	1.768114836	0.175015952	NA	NA	FALSE	TRUE
N105A	p.Asn105Ala	missense	0.829097245	0.435174341	NA	NA	TRUE	FALSE
N105V	p.Asn105Val	missense	0.655148241	0.953033344	NA	NA	TRUE	FALSE
N105R	p.Asn105Arg	missense	1.378607385	0.192100189	-0.498295846	benign supporting	FALSE	FALSE
N105D	p.Asn105Asp	missense	0.721367448	0.440954522	NA	NA	TRUE	FALSE
N105F	p.Asn105Phe	missense	1.664522978	0.212727491	NA	NA	FALSE	TRUE
N105T	p.Asn105Thr	missense	0.701536697	0.242237135	NA	NA	TRUE	FALSE
N105I	p.Asn105Ile	missense	1.319092766	0.793374525	-0.534281533	benign supporting	FALSE	FALSE
N105L	p.Asn105Leu	missense	1.051695299	0.633535524	NA	NA	TRUE	FALSE
N105K	p.Asn105Lys	missense	1.054404131	0.076619671	-0.540789258	benign supporting	FALSE	FALSE
N105G	p.Asn105Gly	missense	1.093155737	0.105321397	-0.556658774	benign supporting	FALSE	FALSE
N105Y	p.Asn105Tyr	missense	1.33301312	0.077697802	-0.527381865	benign supporting	FALSE	FALSE
N105N	p.Asn105=	synonymous	1.500115368	1.354299997	NA	NA	TRUE	TRUE
N105C	p.Asn105Cys	missense	-0.335797362	0.329761378	0.955957709	pathogenic moderate	FALSE	FALSE
N105P	p.Asn105Pro	missense	1.364289632	0.201991474	-0.50776429	benign supporting	FALSE	FALSE
N105E	p.Asn105Glu	missense	1.330218614	0.057308062	-0.528850783	benign supporting	FALSE	FALSE
N105M	p.Asn105Met	missense	0.704103283	0.137682771	-0.152741345	indeterminate	FALSE	FALSE
N105W	p.Asn105Trp	missense	0.529655457	1.009326428	NA	NA	TRUE	FALSE
N105H	p.Asn105His	missense	1.261183092	0.111180967	-0.559319827	benign supporting	FALSE	FALSE
N105Q	p.Asn105Gln	missense	0.846306125	0.110675	-0.360580643	benign supporting	FALSE	FALSE
N105*	p.Asn105*	nonsense	1.127354823	0.093986644	NA	NA	FALSE	FALSE
L106S	p.Leu106Ser	missense	1.607449185	0.191973168	NA	NA	FALSE	TRUE
L106A	p.Leu106Ala	missense	1.259712403	0.62441733	-0.5596576	benign supporting	FALSE	FALSE
L106V	p.Leu106Val	missense	0.825347854	0.138293119	-0.330779776	benign supporting	FALSE	FALSE
L106R	p.Leu106Arg	missense	1.868565603	0.09400201	NA	NA	FALSE	TRUE
L106D	p.Leu106Asp	missense	-0.806811386	0.503705293	4.652483374	pathogenic very strong	FALSE	FALSE
L106F	p.Leu106Phe	missense	1.073740734	0.118487188	-0.550074971	benign supporting	FALSE	FALSE
L106T	p.Leu106Thr	missense	1.663166249	0.095414591	NA	NA	FALSE	TRUE
L106I	p.Leu106Ile	missense	0.732085036	0.302680053	NA	NA	TRUE	FALSE
L106L	p.Leu106=	synonymous	1.159791324	0.138979595	NA	NA	FALSE	FALSE
L106K	p.Leu106Lys	missense	1.098612408	0.08454459	-0.557858666	benign supporting	FALSE	FALSE
L106G	p.Leu106Gly	missense	1.941328729	0.094601809	NA	NA	FALSE	TRUE
L106Y	p.Leu106Tyr	missense	1.133061633	0.116121513	-0.563048285	benign supporting	FALSE	FALSE
L106N	p.Leu106Asn	missense	1.125375648	0.374933143	-0.562252581	benign supporting	FALSE	FALSE
L106C	p.Leu106Cys	missense	1.02130912	0.095479316	-0.52222169	benign supporting	FALSE	FALSE
L106P	p.Leu106Pro	missense	0.401169725	0.954517345	NA	NA	TRUE	FALSE
L106E	p.Leu106Glu	missense	0.789302778	0.390741909	NA	NA	TRUE	FALSE
L106M	p.Leu106Met	missense	1.05313588	0.239335588	-0.540140857	benign supporting	FALSE	FALSE
L106W	p.Leu106Trp	missense	1.261606434	0.182452911	-0.559220832	benign supporting	FALSE	FALSE
L106H	p.Leu106His	missense	0.82924648	0.614628621	NA	NA	TRUE	FALSE
L106Q	p.Leu106Gln	missense	0.900948469	0.080558487	-0.427345226	benign supporting	FALSE	FALSE
L106*	p.Leu106*	nonsense	-0.240746987	0.490992164	NA	NA	FALSE	FALSE
E107S	p.Glu107Ser	missense	0.965654146	0.534764493	NA	NA	TRUE	FALSE
E107A	p.Glu107Ala	missense	1.615279752	0.101718872	NA	NA	FALSE	TRUE
E107V	p.Glu107Val	missense	1.966767475	0.068281314	NA	NA	FALSE	TRUE
E107R	p.Glu107Arg	missense	2.308136989	0.236713872	NA	NA	FALSE	TRUE
E107D	p.Glu107Asp	missense	1.124425243	0.160594223	-0.562139527	benign supporting	FALSE	FALSE
E107F	p.Glu107Phe	missense	1.898235052	0.247165764	NA	NA	FALSE	TRUE
E107T	p.Glu107Thr	missense	1.418245374	0.702920168	-0.466027415	benign supporting	FALSE	FALSE
E107I	p.Glu107Ile	missense	1.991562082	0.100582286	NA	NA	FALSE	TRUE
E107L	p.Glu107Leu	missense	1.782780517	0.636641931	NA	NA	FALSE	TRUE
E107K	p.Glu107Lys	missense	1.939159825	0.159235653	NA	NA	FALSE	TRUE
E107G	p.Glu107Gly	missense	1.672505869	0.228799009	NA	NA	FALSE	TRUE
E107Y	p.Glu107Tyr	missense	1.9980163	0.072370202	NA	NA	FALSE	TRUE
E107N	p.Glu107Asn	missense	NA	NA	NA	NA	NA	NA
E107C	p.Glu107Cys	missense	1.912351699	0.156201902	NA	NA	FALSE	TRUE
E107P	p.Glu107Pro	missense	1.587817254	0.168688997	NA	NA	FALSE	TRUE
E107E	p.Glu107=	synonymous	2.181186957	0.05994746	NA	NA	FALSE	TRUE
E107M	p.Glu107Met	missense	1.899254736	0.262666455	NA	NA	FALSE	TRUE
E107W	p.Glu107Trp	missense	1.459434864	0.79669226	NA	NA	FALSE	TRUE
E107H	p.Glu107His	missense	1.648746555	0.09229779	NA	NA	FALSE	TRUE
E107Q	p.Glu107Gln	missense	1.884910949	1.263434036	NA	NA	FALSE	TRUE
E107*	p.Glu107*	nonsense	-0.006565212	0.804183877	NA	NA	TRUE	FALSE
C108S	p.Cys108Ser	missense	-0.17286767	0.865072163	NA	NA	TRUE	FALSE
C108A	p.Cys108Ala	missense	1.996083778	0.084565166	NA	NA	FALSE	TRUE
C108V	p.Cys108Val	missense	0.261557323	0.191541785	0.54864699	pathogenic supporting	FALSE	FALSE
C108R	p.Cys108Arg	missense	0.336489425	1.079812896	NA	NA	TRUE	FALSE
C108D	p.Cys108Asp	missense	-0.660742412	0.821908831	4.768519218	pathogenic very strong	FALSE	FALSE
C108F	p.Cys108Phe	missense	0.495410947	1.219109385	NA	NA	TRUE	FALSE
C108T	p.Cys108Thr	missense	1.65870426	0.585910178	NA	NA	FALSE	TRUE
C108I	p.Cys108Ile	missense	-0.068673771	0.205695689	0.560860612	pathogenic supporting	FALSE	FALSE
C108L	p.Cys108Leu	missense	0.501792846	0.339793153	NA	NA	TRUE	FALSE
C108K	p.Cys108Lys	missense	-0.247054134	0.212613573	0.72933263	pathogenic moderate	FALSE	FALSE
C108G	p.Cys108Gly	missense	0.192559359	0.359874765	NA	NA	TRUE	FALSE
C108Y	p.Cys108Tyr	missense	0.054791729	1.515038356	NA	NA	TRUE	FALSE
C108N	p.Cys108Asn	missense	0.732198416	0.865400507	NA	NA	TRUE	FALSE
C108C	p.Cys108=	synonymous	NA	NA	NA	NA	NA	NA
C108P	p.Cys108Pro	missense	2.593463817	0.191595418	NA	NA	FALSE	TRUE
C108E	p.Cys108Glu	missense	0.259600172	0.836331036	NA	NA	TRUE	FALSE
C108M	p.Cys108Met	missense	0.100582352	0.238197185	0.550664205	pathogenic supporting	FALSE	FALSE
C108W	p.Cys108Trp	missense	-0.120653123	0.595791534	0.584306703	pathogenic supporting	FALSE	FALSE
C108H	p.Cys108His	missense	-0.431413714	0.470750708	1.218441779	pathogenic moderate	FALSE	FALSE
C108Q	p.Cys108Gln	missense	-0.380959318	0.662803885	1.049815181	pathogenic moderate	FALSE	FALSE
C108*	p.Cys108*	nonsense	-1.448586287	0.505969055	NA	NA	FALSE	FALSE
V109S	p.Val109Ser	missense	0.095698469	0.634802112	NA	NA	TRUE	FALSE
V109A	p.Val109Ala	missense	0.741786644	0.653352261	NA	NA	TRUE	FALSE
V109V	p.Val109=	synonymous	1.260365302	0.437591486	NA	NA	FALSE	FALSE
V109R	p.Val109Arg	missense	1.174043499	0.117192656	-0.567114052	benign supporting	FALSE	FALSE
V109D	p.Val109Asp	missense	NA	NA	NA	NA	NA	NA
V109F	p.Val109Phe	missense	0.693812773	0.083495839	-0.13693504	indeterminate	FALSE	FALSE
V109T	p.Val109Thr	missense	2.022106129	0.311243089	NA	NA	FALSE	TRUE
V109I	p.Val109Ile	missense	NA	NA	NA	NA	NA	NA
V109L	p.Val109Leu	missense	1.241723296	0.106584268	-0.563042743	benign supporting	FALSE	FALSE
V109K	p.Val109Lys	missense	1.286179018	0.705065117	-0.550400562	benign supporting	FALSE	FALSE
V109G	p.Val109Gly	missense	1.607244186	0.214410694	NA	NA	FALSE	TRUE
V109Y	p.Val109Tyr	missense	NA	NA	NA	NA	NA	NA
V109N	p.Val109Asn	missense	0.603273156	0.478457783	NA	NA	TRUE	FALSE
V109C	p.Val109Cys	missense	-1.039109183	0.48297653	4.43764986	pathogenic very strong	FALSE	FALSE
V109P	p.Val109Pro	missense	-0.202464543	0.238003965	0.661470087	pathogenic moderate	FALSE	FALSE
V109E	p.Val109Glu	missense	1.254091801	0.096036122	-0.560861794	benign supporting	FALSE	FALSE
V109M	p.Val109Met	missense	1.062577071	0.254258265	-0.544850718	benign supporting	FALSE	FALSE
V109W	p.Val109Trp	missense	1.093777525	0.102782496	-0.556800651	benign supporting	FALSE	FALSE
V109H	p.Val109His	missense	1.149065854	0.271425567	-0.564647234	benign supporting	FALSE	FALSE
V109Q	p.Val109Gln	missense	1.644230622	0.235063089	NA	NA	FALSE	TRUE
V109*	p.Val109*	nonsense	0.300930605	1.089550632	NA	NA	TRUE	FALSE
N110S	p.Asn110Ser	missense	1.038459084	0.237219444	-0.532276379	benign supporting	FALSE	FALSE
N110A	p.Asn110Ala	missense	0.387309565	0.575387377	NA	NA	TRUE	FALSE
N110V	p.Asn110Val	missense	1.063129494	0.141794398	-0.545117975	benign supporting	FALSE	FALSE
N110R	p.Asn110Arg	missense	0.604258962	0.406403057	NA	NA	TRUE	FALSE
N110D	p.Asn110Asp	missense	0.532686934	1.307732884	NA	NA	TRUE	FALSE
N110F	p.Asn110Phe	missense	1.482768147	0.23617498	NA	NA	FALSE	TRUE
N110T	p.Asn110Thr	missense	0.681449886	0.222991424	NA	NA	TRUE	FALSE
N110I	p.Asn110Ile	missense	1.955034643	0.070220738	NA	NA	FALSE	TRUE
N110L	p.Asn110Leu	missense	1.152540203	0.171345414	-0.565117699	benign supporting	FALSE	FALSE
N110K	p.Asn110Lys	missense	1.209580999	0.397352711	-0.567117429	benign supporting	FALSE	FALSE
N110G	p.Asn110Gly	missense	0.589788201	0.370843848	NA	NA	TRUE	FALSE
N110Y	p.Asn110Tyr	missense	1.210923274	0.101844309	-0.566924651	benign supporting	FALSE	FALSE
N110N	p.Asn110=	synonymous	NA	NA	NA	NA	NA	NA
N110C	p.Asn110Cys	missense	NA	NA	NA	NA	NA	NA
N110P	p.Asn110Pro	missense	-0.212343815	0.532455312	0.674454081	pathogenic moderate	FALSE	FALSE
N110E	p.Asn110Glu	missense	1.08231478	0.08217783	-0.553837262	benign supporting	FALSE	FALSE
N110M	p.Asn110Met	missense	1.188219847	0.066036237	-0.568786998	benign supporting	FALSE	FALSE
N110W	p.Asn110Trp	missense	0.76769278	0.12323148	-0.248274704	indeterminate	FALSE	FALSE
N110H	p.Asn110His	missense	1.297229619	0.856573265	NA	NA	TRUE	FALSE
N110Q	p.Asn110Gln	missense	0.443151717	0.773404707	NA	NA	TRUE	FALSE
N110*	p.Asn110*	nonsense	NA	NA	NA	NA	NA	NA
D111S	p.Asp111Ser	missense	1.137612372	0.311192571	-0.563419002	benign supporting	FALSE	FALSE
D111A	p.Asp111Ala	missense	0.754678671	0.316731783	NA	NA	TRUE	FALSE
D111V	p.Asp111Val	missense	1.598115044	0.215161425	NA	NA	FALSE	TRUE
D111R	p.Asp111Arg	missense	1.887738936	0.206373345	NA	NA	FALSE	TRUE
D111D	p.Asp111=	synonymous	0.924095613	0.099356221	NA	NA	FALSE	FALSE
D111F	p.Asp111Phe	missense	NA	NA	NA	NA	NA	NA
D111T	p.Asp111Thr	missense	0.858217813	0.609289921	NA	NA	TRUE	FALSE
D111I	p.Asp111Ile	missense	1.141683903	0.140170683	-0.563686579	benign supporting	FALSE	FALSE
D111L	p.Asp111Leu	missense	1.669567324	0.151089231	NA	NA	FALSE	TRUE
D111K	p.Asp111Lys	missense	0.915033354	0.136755958	-0.442143648	benign supporting	FALSE	FALSE
D111G	p.Asp111Gly	missense	1.165172448	0.375910621	-0.566483954	benign supporting	FALSE	FALSE
D111Y	p.Asp111Tyr	missense	1.237362786	0.101260054	-0.563663082	benign supporting	FALSE	FALSE
D111N	p.Asp111Asn	missense	1.020392272	0.468777366	-0.521657108	benign supporting	FALSE	FALSE
D111C	p.Asp111Cys	missense	1.619742211	0.072086312	NA	NA	FALSE	TRUE
D111P	p.Asp111Pro	missense	NA	NA	NA	NA	NA	NA
D111E	p.Asp111Glu	missense	1.264294779	0.065024884	-0.558573609	benign supporting	FALSE	FALSE
D111M	p.Asp111Met	missense	1.211444774	0.102990235	-0.566847776	benign supporting	FALSE	FALSE
D111W	p.Asp111Trp	missense	1.581938051	0.080739445	NA	NA	FALSE	TRUE
D111H	p.Asp111His	missense	1.051936167	0.114250102	-0.539522975	benign supporting	FALSE	FALSE
D111Q	p.Asp111Gln	missense	0.356108554	0.250428598	NA	NA	TRUE	FALSE
D111*	p.Asp111*	nonsense	0.269254901	1.066650424	NA	NA	TRUE	FALSE
N112S	p.Asn112Ser	missense	1.245009371	0.421647988	-0.562524777	benign supporting	FALSE	FALSE
N112A	p.Asn112Ala	missense	0.927670012	0.069833173	-0.453413612	benign supporting	FALSE	FALSE
N112V	p.Asn112Val	missense	0.834376427	0.118731431	-0.344044312	benign supporting	FALSE	FALSE
N112R	p.Asn112Arg	missense	1.145577235	0.562283937	-0.564134293	benign supporting	FALSE	FALSE
N112D	p.Asn112Asp	missense	0.955837518	0.081997235	-0.476036168	benign supporting	FALSE	FALSE
N112F	p.Asn112Phe	missense	NA	NA	NA	NA	NA	NA
N112T	p.Asn112Thr	missense	0.846794889	0.145453475	-0.361219465	benign supporting	FALSE	FALSE
N112I	p.Asn112Ile	missense	1.163903691	0.080579211	-0.566371405	benign supporting	FALSE	FALSE
N112L	p.Asn112Leu	missense	1.680808786	0.148376586	NA	NA	FALSE	TRUE
N112K	p.Asn112Lys	missense	1.369531668	0.082888132	-0.504096632	benign supporting	FALSE	FALSE
N112G	p.Asn112Gly	missense	1.138176938	0.109538221	-0.563459735	benign supporting	FALSE	FALSE
N112Y	p.Asn112Tyr	missense	NA	NA	NA	NA	NA	NA
N112N	p.Asn112=	synonymous	1.102346893	0.104281866	NA	NA	FALSE	FALSE
N112C	p.Asn112Cys	missense	0.993532982	0.905605089	NA	NA	TRUE	FALSE
N112P	p.Asn112Pro	missense	0.293232574	0.480832791	NA	NA	TRUE	FALSE
N112E	p.Asn112Glu	missense	0.399914172	0.127679789	NA	NA	TRUE	FALSE
N112M	p.Asn112Met	missense	0.591411852	0.190669672	NA	NA	TRUE	FALSE
N112W	p.Asn112Trp	missense	NA	NA	NA	NA	NA	NA
N112H	p.Asn112His	missense	0.844671775	0.733023111	NA	NA	TRUE	FALSE
N112Q	p.Asn112Gln	missense	1.05092918	0.21758984	-0.539000951	benign supporting	FALSE	FALSE
N112*	p.Asn112*	nonsense	0.112267356	0.603426595	NA	NA	TRUE	FALSE
Y113S	p.Tyr113Ser	missense	0.067244781	0.345104438	0.544467123	pathogenic supporting	FALSE	FALSE
Y113A	p.Tyr113Ala	missense	0.61659997	0.418281892	NA	NA	TRUE	FALSE
Y113V	p.Tyr113Val	missense	1.112667986	0.059266663	-0.560477405	benign supporting	FALSE	FALSE
Y113R	p.Tyr113Arg	missense	-0.641033472	0.188731614	4.780308623	pathogenic very strong	FALSE	FALSE
Y113D	p.Tyr113Asp	missense	-0.412806507	0.588839475	1.144624907	pathogenic moderate	FALSE	FALSE
Y113F	p.Tyr113Phe	missense	1.272831836	0.865131383	NA	NA	TRUE	FALSE
Y113T	p.Tyr113Thr	missense	1.493804562	0.158081903	NA	NA	FALSE	TRUE
Y113I	p.Tyr113Ile	missense	1.032236638	0.054805305	-0.52873804	benign supporting	FALSE	FALSE
Y113L	p.Tyr113Leu	missense	1.3925571	0.091201012	-0.488307581	benign supporting	FALSE	FALSE
Y113K	p.Tyr113Lys	missense	NA	NA	NA	NA	NA	NA
Y113G	p.Tyr113Gly	missense	-0.645045176	0.343499773	4.777973474	pathogenic very strong	FALSE	FALSE
Y113Y	p.Tyr113=	synonymous	1.135182846	0.062752518	NA	NA	FALSE	FALSE
Y113N	p.Tyr113Asn	missense	1.485161426	0.06294377	NA	NA	FALSE	TRUE
Y113C	p.Tyr113Cys	missense	0.563961174	1.444761174	NA	NA	TRUE	FALSE
Y113P	p.Tyr113Pro	missense	-0.626242504	0.243982974	4.788644382	pathogenic very strong	FALSE	FALSE
Y113E	p.Tyr113Glu	missense	-0.056469374	0.126203777	0.55699176	pathogenic supporting	FALSE	FALSE
Y113M	p.Tyr113Met	missense	0.954393794	0.137139695	-0.474955105	benign supporting	FALSE	FALSE
Y113W	p.Tyr113Trp	missense	0.339623026	0.261503604	NA	NA	TRUE	FALSE
Y113H	p.Tyr113His	missense	1.037318022	0.137219712	-0.531636744	benign supporting	FALSE	FALSE
Y113Q	p.Tyr113Gln	missense	1.003634859	0.228896288	-0.510836166	benign supporting	FALSE	FALSE
Y113*	p.Tyr113*	nonsense	0.722737887	0.059594101	NA	NA	FALSE	FALSE
W114S	p.Trp114Ser	missense	0.770298056	0.242431988	-0.252225297	indeterminate	FALSE	FALSE
W114A	p.Trp114Ala	missense	NA	NA	NA	NA	NA	NA
W114V	p.Trp114Val	missense	1.034216022	0.28289729	-0.529876992	benign supporting	FALSE	FALSE
W114R	p.Trp114Arg	missense	1.299396062	0.109385389	-0.544402025	benign supporting	FALSE	FALSE
W114D	p.Trp114Asp	missense	1.486778771	0.241894899	NA	NA	FALSE	TRUE
W114F	p.Trp114Phe	missense	1.380889814	0.193163923	-0.496753076	benign supporting	FALSE	FALSE
W114T	p.Trp114Thr	missense	0.693217344	0.613822944	NA	NA	TRUE	FALSE
W114I	p.Trp114Ile	missense	1.243840955	0.132925531	-0.562713966	benign supporting	FALSE	FALSE
W114L	p.Trp114Leu	missense	0.874583118	0.110582445	-0.395863421	benign supporting	FALSE	FALSE
W114K	p.Trp114Lys	missense	1.6424057	0.116055856	NA	NA	FALSE	TRUE
W114G	p.Trp114Gly	missense	1.575560464	0.155854537	NA	NA	FALSE	TRUE
W114Y	p.Trp114Tyr	missense	0.933658651	0.153127481	-0.458502745	benign supporting	FALSE	FALSE
W114N	p.Trp114Asn	missense	1.15660406	0.137128663	-0.56561648	benign supporting	FALSE	FALSE
W114C	p.Trp114Cys	missense	1.489679754	1.365848767	NA	NA	TRUE	TRUE
W114P	p.Trp114Pro	missense	-0.84695079	0.343860783	4.617769473	pathogenic very strong	FALSE	FALSE
W114E	p.Trp114Glu	missense	1.204190902	0.298367694	-0.567818418	benign supporting	FALSE	FALSE
W114M	p.Trp114Met	missense	1.104744293	0.424523453	-0.559085027	benign supporting	FALSE	FALSE
W114W	p.Trp114=	synonymous	NA	NA	NA	NA	NA	NA
W114H	p.Trp114His	missense	1.100902101	0.132867679	-0.558331733	benign supporting	FALSE	FALSE
W114Q	p.Trp114Gln	missense	0.979453164	0.093533824	-0.49345406	benign supporting	FALSE	FALSE
W114*	p.Trp114*	nonsense	0.346535711	0.296337652	NA	NA	TRUE	FALSE
F115S	p.Phe115Ser	missense	-0.170584119	0.198930394	0.625712218	pathogenic supporting	FALSE	FALSE
F115A	p.Phe115Ala	missense	0.748825892	0.170977159	-0.220943115	indeterminate	FALSE	FALSE
F115V	p.Phe115Val	missense	1.542093555	0.063700419	NA	NA	FALSE	TRUE
F115R	p.Phe115Arg	missense	-0.145914133	0.623384182	0.603343927	pathogenic supporting	FALSE	FALSE
F115D	p.Phe115Asp	missense	-0.41668496	0.410497729	1.158618442	pathogenic moderate	FALSE	FALSE
F115F	p.Phe115=	synonymous	NA	NA	NA	NA	NA	NA
F115T	p.Phe115Thr	missense	0.407165254	0.918343061	NA	NA	TRUE	FALSE
F115I	p.Phe115Ile	missense	1.440054954	0.125933806	-0.444101144	benign supporting	FALSE	FALSE
F115L	p.Phe115Leu	missense	0.876184075	0.200682226	-0.397884573	benign supporting	FALSE	FALSE
F115K	p.Phe115Lys	missense	-0.59556088	0.751542935	4.804635069	pathogenic very strong	FALSE	FALSE
F115G	p.Phe115Gly	missense	-0.129023206	0.130357294	0.590222338	pathogenic supporting	FALSE	FALSE
F115Y	p.Phe115Tyr	missense	-0.037387023	0.882184655	NA	NA	TRUE	FALSE
F115N	p.Phe115Asn	missense	-1.114720847	0.350015139	4.351555223	pathogenic very strong	FALSE	FALSE
F115C	p.Phe115Cys	missense	NA	NA	NA	NA	NA	NA
F115P	p.Phe115Pro	missense	-0.888610263	0.359316568	4.578500802	pathogenic very strong	FALSE	FALSE
F115E	p.Phe115Glu	missense	-0.650897985	0.302318161	4.774508155	pathogenic very strong	FALSE	FALSE
F115M	p.Phe115Met	missense	1.143249559	0.11780112	-0.563773219	benign supporting	FALSE	FALSE
F115W	p.Phe115Trp	missense	-0.234545891	0.151398549	0.707690716	pathogenic moderate	FALSE	FALSE
F115H	p.Phe115His	missense	NA	NA	NA	NA	NA	NA
F115Q	p.Phe115Gln	missense	NA	NA	NA	NA	NA	NA
F115*	p.Phe115*	nonsense	-0.389428607	0.158060812	NA	NA	FALSE	FALSE
G116S	p.Gly116Ser	missense	-0.207531262	1.071936765	NA	NA	TRUE	FALSE
G116A	p.Gly116Ala	missense	-0.165211737	0.898218999	NA	NA	TRUE	FALSE
G116V	p.Gly116Val	missense	-0.82530158	1.025606329	4.637128423	pathogenic very strong	FALSE	FALSE
G116R	p.Gly116Arg	missense	0.149420658	0.997808072	NA	NA	TRUE	FALSE
G116D	p.Gly116Asp	missense	NA	NA	NA	NA	NA	NA
G116F	p.Gly116Phe	missense	-1.124057077	0.295195565	4.338869773	pathogenic very strong	FALSE	FALSE
G116T	p.Gly116Thr	missense	-0.379108886	0.816985162	1.045191457	pathogenic moderate	FALSE	FALSE
G116I	p.Gly116Ile	missense	-0.695471972	0.643841498	4.745681238	pathogenic very strong	FALSE	FALSE
G116L	p.Gly116Leu	missense	-0.452375498	0.584703622	1.328815262	pathogenic strong	FALSE	FALSE
G116K	p.Gly116Lys	missense	NA	NA	NA	NA	NA	NA
G116G	p.Gly116=	synonymous	0.934935773	1.010584528	NA	NA	TRUE	FALSE
G116Y	p.Gly116Tyr	missense	-0.762135489	0.639073541	4.693136003	pathogenic very strong	FALSE	FALSE
G116N	p.Gly116Asn	missense	-1.25329377	0.523028973	4.176918645	pathogenic very strong	FALSE	FALSE
G116C	p.Gly116Cys	missense	NA	NA	NA	NA	NA	NA
G116P	p.Gly116Pro	missense	-0.57442973	0.503641745	4.814696886	pathogenic very strong	FALSE	FALSE
G116E	p.Gly116Glu	missense	-0.472776305	1.472992263	NA	NA	TRUE	FALSE
G116M	p.Gly116Met	missense	0.78232321	0.185465015	-0.269826767	indeterminate	FALSE	FALSE
G116W	p.Gly116Trp	missense	NA	NA	NA	NA	NA	NA
G116H	p.Gly116His	missense	-0.407703959	0.204301688	1.127159847	pathogenic moderate	FALSE	FALSE
G116Q	p.Gly116Gln	missense	-0.518063509	0.259632739	4.838114864	pathogenic very strong	FALSE	FALSE
G116*	p.Gly116*	nonsense	0.272785651	0.434511212	NA	NA	TRUE	FALSE
R117S	p.Arg117Ser	missense	-0.354639663	0.746670175	0.990807447	pathogenic moderate	FALSE	FALSE
R117A	p.Arg117Ala	missense	-1.170575569	0.493081246	4.273445977	pathogenic very strong	FALSE	FALSE
R117V	p.Arg117Val	missense	-0.745223723	0.3029251	4.707688913	pathogenic very strong	FALSE	FALSE
R117R	p.Arg117=	synonymous	0.665453443	0.190337168	NA	NA	TRUE	FALSE
R117D	p.Arg117Asp	missense	-0.656331684	0.384602681	4.771227716	pathogenic very strong	FALSE	FALSE
R117F	p.Arg117Phe	missense	-1.2748758	0.264648294	4.157964631	pathogenic very strong	FALSE	FALSE
R117T	p.Arg117Thr	missense	-1.109737836	0.42681523	4.358111175	pathogenic very strong	FALSE	FALSE
R117I	p.Arg117Ile	missense	-1.085157804	0.673372032	4.388450592	pathogenic very strong	FALSE	FALSE
R117L	p.Arg117Leu	missense	-1.021851637	0.57049021	4.453931998	pathogenic very strong	FALSE	FALSE
R117K	p.Arg117Lys	missense	-0.09677814	1.45102137	NA	NA	TRUE	FALSE
R117G	p.Arg117Gly	missense	-0.951482639	0.291278895	4.522070255	pathogenic very strong	FALSE	FALSE
R117Y	p.Arg117Tyr	missense	NA	NA	NA	NA	NA	NA
R117N	p.Arg117Asn	missense	-0.910690856	0.328745806	4.56016094	pathogenic very strong	FALSE	FALSE
R117C	p.Arg117Cys	missense	-0.466202317	0.399661916	1.427593198	pathogenic strong	FALSE	FALSE
R117P	p.Arg117Pro	missense	-0.234497366	0.424105283	0.707611204	pathogenic moderate	FALSE	FALSE
R117E	p.Arg117Glu	missense	-0.369104469	0.151100037	1.021521472	pathogenic moderate	FALSE	FALSE
R117M	p.Arg117Met	missense	NA	NA	NA	NA	NA	NA
R117W	p.Arg117Trp	missense	-0.677632593	1.273945047	NA	NA	TRUE	FALSE
R117H	p.Arg117His	missense	NA	NA	NA	NA	NA	NA
R117Q	p.Arg117Gln	missense	-1.11295206	0.542670814	4.353899001	pathogenic very strong	FALSE	FALSE
R117*	p.Arg117*	nonsense	0.900810287	0.58527597	NA	NA	TRUE	FALSE
D118S	p.Asp118Ser	missense	1.555036974	0.12571971	NA	NA	FALSE	TRUE
D118A	p.Asp118Ala	missense	1.056120088	0.135444162	-0.541658755	benign supporting	FALSE	FALSE
D118V	p.Asp118Val	missense	1.29506743	0.605433569	-0.546464885	benign supporting	FALSE	FALSE
D118R	p.Asp118Arg	missense	0.667897216	0.519098945	NA	NA	TRUE	FALSE
D118D	p.Asp118=	synonymous	0.890433363	0.127389642	NA	NA	FALSE	FALSE
D118F	p.Asp118Phe	missense	0.316154351	0.733276228	NA	NA	TRUE	FALSE
D118T	p.Asp118Thr	missense	1.087700417	0.110396756	-0.555357337	benign supporting	FALSE	FALSE
D118I	p.Asp118Ile	missense	NA	NA	NA	NA	NA	NA
D118L	p.Asp118Leu	missense	2.304799393	0.332770713	NA	NA	FALSE	TRUE
D118K	p.Asp118Lys	missense	NA	NA	NA	NA	NA	NA
D118G	p.Asp118Gly	missense	1.346177893	0.172998934	-0.519861683	benign supporting	FALSE	FALSE
D118Y	p.Asp118Tyr	missense	1.293010812	0.638898019	-0.547411002	benign supporting	FALSE	FALSE
D118N	p.Asp118Asn	missense	1.145058472	0.693269309	NA	NA	TRUE	FALSE
D118C	p.Asp118Cys	missense	1.331395704	0.302224363	-0.528237316	benign supporting	FALSE	FALSE
D118P	p.Asp118Pro	missense	-0.858785398	0.359798671	4.606500237	pathogenic very strong	FALSE	FALSE
D118E	p.Asp118Glu	missense	0.848114576	0.064653849	-0.362936705	benign supporting	FALSE	FALSE
D118M	p.Asp118Met	missense	0.385440169	0.203373017	NA	NA	TRUE	FALSE
D118W	p.Asp118Trp	missense	2.004299063	0.188089034	NA	NA	FALSE	TRUE
D118H	p.Asp118His	missense	NA	NA	NA	NA	NA	NA
D118Q	p.Asp118Gln	missense	1.376149048	0.669962965	-0.499919154	benign supporting	FALSE	FALSE
D118*	p.Asp118*	nonsense	-0.034313873	0.235132099	NA	NA	FALSE	FALSE
K119S	p.Lys119Ser	missense	0.645578396	0.484419861	NA	NA	TRUE	FALSE
K119A	p.Lys119Ala	missense	0.532919781	0.321818718	NA	NA	TRUE	FALSE
K119V	p.Lys119Val	missense	2.83676291	0.063870157	NA	NA	FALSE	TRUE
K119R	p.Lys119Arg	missense	1.001779928	0.306082245	-0.5095785	benign supporting	FALSE	FALSE
K119D	p.Lys119Asp	missense	1.016681314	0.181981662	-0.519343273	benign supporting	FALSE	FALSE
K119F	p.Lys119Phe	missense	1.258174385	0.105011962	-0.560000703	benign supporting	FALSE	FALSE
K119T	p.Lys119Thr	missense	1.03014454	0.82638608	NA	NA	TRUE	FALSE
K119I	p.Lys119Ile	missense	1.277762364	0.103279054	-0.553967109	benign supporting	FALSE	FALSE
K119L	p.Lys119Leu	missense	0.943625255	0.135157738	-0.466631078	benign supporting	FALSE	FALSE
K119K	p.Lys119=	synonymous	1.034795579	0.070452957	NA	NA	FALSE	FALSE
K119G	p.Lys119Gly	missense	0.862285376	0.157585135	-0.380704251	benign supporting	FALSE	FALSE
K119Y	p.Lys119Tyr	missense	1.393924533	0.054358899	-0.487253961	benign supporting	FALSE	FALSE
K119N	p.Lys119Asn	missense	1.175033609	0.062334214	-0.567167175	benign supporting	FALSE	FALSE
K119C	p.Lys119Cys	missense	1.059565947	0.068231872	-0.543377844	benign supporting	FALSE	FALSE
K119P	p.Lys119Pro	missense	1.223287308	0.452100848	-0.565159459	benign supporting	FALSE	FALSE
K119E	p.Lys119Glu	missense	0.796209483	0.312446468	NA	NA	TRUE	FALSE
K119M	p.Lys119Met	missense	1.024130897	0.178618561	-0.523941824	benign supporting	FALSE	FALSE
K119W	p.Lys119Trp	missense	1.035841121	0.074039195	-0.530802723	benign supporting	FALSE	FALSE
K119H	p.Lys119His	missense	1.104761583	0.425358578	-0.559088302	benign supporting	FALSE	FALSE
K119Q	p.Lys119Gln	missense	NA	NA	NA	NA	NA	NA
K119*	p.Lys119*	nonsense	-0.216079189	0.118751851	NA	NA	FALSE	FALSE
S120S	p.Ser120=	synonymous	1.397738471	0.449435547	NA	NA	FALSE	FALSE
S120A	p.Ser120Ala	missense	0.562966836	0.512462564	NA	NA	TRUE	FALSE
S120V	p.Ser120Val	missense	0.897072812	0.142245777	-0.422946163	benign supporting	FALSE	FALSE
S120R	p.Ser120Arg	missense	1.239710738	0.279654092	-0.563338477	benign supporting	FALSE	FALSE
S120D	p.Ser120Asp	missense	0.613944424	0.164816798	NA	NA	TRUE	FALSE
S120F	p.Ser120Phe	missense	NA	NA	NA	NA	NA	NA
S120T	p.Ser120Thr	missense	0.943543837	0.202904865	-0.466566358	benign supporting	FALSE	FALSE
S120I	p.Ser120Ile	missense	1.127203708	1.127407671	NA	NA	TRUE	FALSE
S120L	p.Ser120Leu	missense	1.361734441	0.135683376	-0.50960261	benign supporting	FALSE	FALSE
S120K	p.Ser120Lys	missense	0.39235557	0.477738865	NA	NA	TRUE	FALSE
S120G	p.Ser120Gly	missense	0.946785019	0.529670373	NA	NA	TRUE	FALSE
S120Y	p.Ser120Tyr	missense	1.031969187	0.199726171	-0.528583183	benign supporting	FALSE	FALSE
S120N	p.Ser120Asn	missense	0.834434447	0.221334334	-0.344132318	benign supporting	FALSE	FALSE
S120C	p.Ser120Cys	missense	1.028756468	0.088870166	-0.526704955	benign supporting	FALSE	FALSE
S120P	p.Ser120Pro	missense	1.46601924	0.125121639	NA	NA	FALSE	TRUE
S120E	p.Ser120Glu	missense	1.343742513	0.280635251	-0.521329775	benign supporting	FALSE	FALSE
S120M	p.Ser120Met	missense	0.883782993	0.095302522	-0.407276594	benign supporting	FALSE	FALSE
S120W	p.Ser120Trp	missense	1.554019579	0.059503227	NA	NA	FALSE	TRUE
S120H	p.Ser120His	missense	1.165145142	0.120128919	-0.56648159	benign supporting	FALSE	FALSE
S120Q	p.Ser120Gln	missense	2.486016891	0.092090636	NA	NA	FALSE	TRUE
S120*	p.Ser120*	nonsense	0.461463772	0.815822936	NA	NA	TRUE	FALSE
C121S	p.Cys121Ser	missense	1.060473855	0.083482536	-0.543824815	benign supporting	FALSE	FALSE
C121A	p.Cys121Ala	missense	1.34404957	0.061106024	-0.521146648	benign supporting	FALSE	FALSE
C121V	p.Cys121Val	missense	1.914160765	0.052987842	NA	NA	FALSE	TRUE
C121R	p.Cys121Arg	missense	-0.329327844	0.883416033	NA	NA	TRUE	FALSE
C121D	p.Cys121Asp	missense	-0.266896783	0.180099564	0.769049296	pathogenic moderate	FALSE	FALSE
C121F	p.Cys121Phe	missense	0.449925168	0.20100316	NA	NA	TRUE	FALSE
C121T	p.Cys121Thr	missense	1.577228045	0.05406013	NA	NA	FALSE	TRUE
C121I	p.Cys121Ile	missense	1.510108566	0.166587763	NA	NA	FALSE	TRUE
C121L	p.Cys121Leu	missense	0.923322609	0.201524587	-0.449619288	benign supporting	FALSE	FALSE
C121K	p.Cys121Lys	missense	-0.51800506	0.668285656	4.838136737	pathogenic very strong	FALSE	FALSE
C121G	p.Cys121Gly	missense	0.860037411	0.063550338	-0.377965046	benign supporting	FALSE	FALSE
C121Y	p.Cys121Tyr	missense	-0.526848703	1.603208991	NA	NA	TRUE	FALSE
C121N	p.Cys121Asn	missense	0.679208263	0.245085686	NA	NA	TRUE	FALSE
C121C	p.Cys121=	synonymous	NA	NA	NA	NA	NA	NA
C121P	p.Cys121Pro	missense	-0.232021238	0.506946227	0.703596858	pathogenic moderate	FALSE	FALSE
C121E	p.Cys121Glu	missense	-0.011336248	0.332983732	0.547074851	pathogenic supporting	FALSE	FALSE
C121M	p.Cys121Met	missense	0.822743155	0.118196984	-0.327012381	benign supporting	FALSE	FALSE
C121W	p.Cys121Trp	missense	-0.17688238	0.085226135	0.632110597	pathogenic supporting	FALSE	FALSE
C121H	p.Cys121His	missense	0.578369785	0.455554307	NA	NA	TRUE	FALSE
C121Q	p.Cys121Gln	missense	0.04065279	0.116727063	0.54337552	pathogenic supporting	FALSE	FALSE
C121*	p.Cys121*	nonsense	0.440480081	0.080427471	NA	NA	TRUE	FALSE
E122S	p.Glu122Ser	missense	0.948094614	0.210595624	-0.470142318	benign supporting	FALSE	FALSE
E122A	p.Glu122Ala	missense	1.307352133	0.113569505	-0.540350276	benign supporting	FALSE	FALSE
E122V	p.Glu122Val	missense	1.656670065	0.133898132	NA	NA	FALSE	TRUE
E122R	p.Glu122Arg	missense	1.606020913	0.26599983	NA	NA	FALSE	TRUE
E122D	p.Glu122Asp	missense	1.244281181	0.085292517	-0.562643337	benign supporting	FALSE	FALSE
E122F	p.Glu122Phe	missense	1.619295826	0.053019519	NA	NA	FALSE	TRUE
E122T	p.Glu122Thr	missense	0.885728618	0.082853227	-0.409629322	benign supporting	FALSE	FALSE
E122I	p.Glu122Ile	missense	NA	NA	NA	NA	NA	NA
E122L	p.Glu122Leu	missense	1.767671462	0.182870098	NA	NA	FALSE	TRUE
E122K	p.Glu122Lys	missense	1.815496466	0.144532798	NA	NA	FALSE	TRUE
E122G	p.Glu122Gly	missense	1.107363971	0.087690952	-0.559569436	benign supporting	FALSE	FALSE
E122Y	p.Glu122Tyr	missense	NA	NA	NA	NA	NA	NA
E122N	p.Glu122Asn	missense	NA	NA	NA	NA	NA	NA
E122C	p.Glu122Cys	missense	1.070851807	0.139345798	-0.548758546	benign supporting	FALSE	FALSE
E122P	p.Glu122Pro	missense	0.48698113	0.995413186	NA	NA	TRUE	FALSE
E122E	p.Glu122=	synonymous	1.001184438	0.16753004	NA	NA	FALSE	FALSE
E122M	p.Glu122Met	missense	1.783349672	0.08381676	NA	NA	FALSE	TRUE
E122W	p.Glu122Trp	missense	1.897806309	0.054058834	NA	NA	FALSE	TRUE
E122H	p.Glu122His	missense	1.266451665	0.338991857	-0.558030917	benign supporting	FALSE	FALSE
E122Q	p.Glu122Gln	missense	1.141120779	1.441394216	NA	NA	TRUE	FALSE
E122*	p.Glu122*	nonsense	0.935293971	0.376914923	NA	NA	FALSE	FALSE
Y123S	p.Tyr123Ser	missense	1.614231928	0.081186079	NA	NA	FALSE	TRUE
Y123A	p.Tyr123Ala	missense	1.303102737	0.097597489	-0.54255695	benign supporting	FALSE	FALSE
Y123V	p.Tyr123Val	missense	1.767219254	0.06719432	NA	NA	FALSE	TRUE
Y123R	p.Tyr123Arg	missense	1.881827055	0.108104079	NA	NA	FALSE	TRUE
Y123D	p.Tyr123Asp	missense	0.071360495	0.080609461	0.544813935	pathogenic supporting	FALSE	FALSE
Y123F	p.Tyr123Phe	missense	1.489950586	0.071542566	NA	NA	FALSE	TRUE
Y123T	p.Tyr123Thr	missense	0.82724008	0.180104967	-0.333489801	benign supporting	FALSE	FALSE
Y123I	p.Tyr123Ile	missense	1.463079761	0.143996256	NA	NA	FALSE	TRUE
Y123L	p.Tyr123Leu	missense	1.724529752	0.08712896	NA	NA	FALSE	TRUE
Y123K	p.Tyr123Lys	missense	1.791267925	0.115929502	NA	NA	FALSE	TRUE
Y123G	p.Tyr123Gly	missense	1.594251388	0.076257574	NA	NA	FALSE	TRUE
Y123Y	p.Tyr123=	synonymous	1.213669018	1.288193638	NA	NA	TRUE	FALSE
Y123N	p.Tyr123Asn	missense	NA	NA	NA	NA	NA	NA
Y123C	p.Tyr123Cys	missense	1.415332914	0.093676688	-0.468834844	benign supporting	FALSE	FALSE
Y123P	p.Tyr123Pro	missense	0.943391748	0.280568358	-0.466445388	benign supporting	FALSE	FALSE
Y123E	p.Tyr123Glu	missense	1.731904211	0.052380713	NA	NA	FALSE	TRUE
Y123M	p.Tyr123Met	missense	1.743277449	0.12767323	NA	NA	FALSE	TRUE
Y123W	p.Tyr123Trp	missense	0.625340388	0.084239193	-0.022855289	indeterminate	FALSE	FALSE
Y123H	p.Tyr123His	missense	1.643121489	0.17243666	NA	NA	FALSE	TRUE
Y123Q	p.Tyr123Gln	missense	NA	NA	NA	NA	NA	NA
Y123*	p.Tyr123*	nonsense	0.653019544	0.090479051	NA	NA	FALSE	FALSE
C124S	p.Cys124Ser	missense	NA	NA	NA	NA	NA	NA
C124A	p.Cys124Ala	missense	NA	NA	NA	NA	NA	NA
C124V	p.Cys124Val	missense	NA	NA	NA	NA	NA	NA
C124R	p.Cys124Arg	missense	NA	NA	NA	NA	NA	NA
C124D	p.Cys124Asp	missense	NA	NA	NA	NA	NA	NA
C124F	p.Cys124Phe	missense	1.120753266	0.226412479	-0.561672653	benign supporting	FALSE	FALSE
C124T	p.Cys124Thr	missense	NA	NA	NA	NA	NA	NA
C124I	p.Cys124Ile	missense	NA	NA	NA	NA	NA	NA
C124L	p.Cys124Leu	missense	NA	NA	NA	NA	NA	NA
C124K	p.Cys124Lys	missense	NA	NA	NA	NA	NA	NA
C124G	p.Cys124Gly	missense	NA	NA	NA	NA	NA	NA
C124Y	p.Cys124Tyr	missense	0.912370027	0.225315261	-0.439672681	benign supporting	FALSE	FALSE
C124N	p.Cys124Asn	missense	NA	NA	NA	NA	NA	NA
C124C	p.Cys124=	synonymous	1.785570223	0.083031985	NA	NA	FALSE	TRUE
C124P	p.Cys124Pro	missense	NA	NA	NA	NA	NA	NA
C124E	p.Cys124Glu	missense	NA	NA	NA	NA	NA	NA
C124M	p.Cys124Met	missense	NA	NA	NA	NA	NA	NA
C124W	p.Cys124Trp	missense	NA	NA	NA	NA	NA	NA
C124H	p.Cys124His	missense	NA	NA	NA	NA	NA	NA
C124Q	p.Cys124Gln	missense	NA	NA	NA	NA	NA	NA
C124*	p.Cys124*	nonsense	NA	NA	NA	NA	NA	NA
F125S	p.Phe125Ser	missense	0.470052688	0.858992989	NA	NA	TRUE	FALSE
F125A	p.Phe125Ala	missense	-0.014625824	0.261241252	0.547577825	pathogenic supporting	FALSE	FALSE
F125V	p.Phe125Val	missense	1.301878805	0.08221417	-0.543174317	benign supporting	FALSE	FALSE
F125R	p.Phe125Arg	missense	-1.039182285	0.547353247	4.437578599	pathogenic very strong	FALSE	FALSE
F125D	p.Phe125Asp	missense	0.031094163	0.105380331	0.543470411	pathogenic supporting	FALSE	FALSE
F125F	p.Phe125=	synonymous	NA	NA	NA	NA	NA	NA
F125T	p.Phe125Thr	missense	-0.952202296	0.498348446	4.521343625	pathogenic very strong	FALSE	FALSE
F125I	p.Phe125Ile	missense	0.718432467	0.106632042	-0.173520611	indeterminate	FALSE	FALSE
F125L	p.Phe125Leu	missense	0.879916043	0.414239308	NA	NA	TRUE	FALSE
F125K	p.Phe125Lys	missense	0.15844514	0.160427206	0.572671309	pathogenic supporting	FALSE	FALSE
F125G	p.Phe125Gly	missense	0.216199615	0.591898538	NA	NA	TRUE	FALSE
F125Y	p.Phe125Tyr	missense	-0.217843678	0.989965772	NA	NA	TRUE	FALSE
F125N	p.Phe125Asn	missense	-0.30203025	0.294831617	0.861912677	pathogenic moderate	FALSE	FALSE
F125C	p.Phe125Cys	missense	-0.298031549	0.158474978	0.849453041	pathogenic moderate	FALSE	FALSE
F125P	p.Phe125Pro	missense	-0.714578658	0.256816519	4.73188181	pathogenic very strong	FALSE	FALSE
F125E	p.Phe125Glu	missense	0.134723227	0.106450169	0.562352095	pathogenic supporting	FALSE	FALSE
F125M	p.Phe125Met	missense	1.435738452	0.094603961	-0.448335541	benign supporting	FALSE	FALSE
F125W	p.Phe125Trp	missense	1.260973103	0.063737885	-0.559368637	benign supporting	FALSE	FALSE
F125H	p.Phe125His	missense	-0.357669537	0.250180317	0.996929606	pathogenic moderate	FALSE	FALSE
F125Q	p.Phe125Gln	missense	0.074841579	0.610295094	NA	NA	TRUE	FALSE
F125*	p.Phe125*	nonsense	-0.088342906	0.116466954	NA	NA	FALSE	FALSE
D126S	p.Asp126Ser	missense	0.971479993	0.195671578	-0.487241423	benign supporting	FALSE	FALSE
D126A	p.Asp126Ala	missense	1.472594012	0.374988142	NA	NA	FALSE	TRUE
D126V	p.Asp126Val	missense	0.985090072	0.111301364	-0.497701399	benign supporting	FALSE	FALSE
D126R	p.Asp126Arg	missense	0.705580733	0.099276034	-0.154939796	indeterminate	FALSE	FALSE
D126D	p.Asp126=	synonymous	NA	NA	NA	NA	NA	NA
D126F	p.Asp126Phe	missense	1.43945132	0.101266311	-0.444703915	benign supporting	FALSE	FALSE
D126T	p.Asp126Thr	missense	1.162523729	0.398250708	-0.566242686	benign supporting	FALSE	FALSE
D126I	p.Asp126Ile	missense	1.0525482	0.137595447	-0.539838737	benign supporting	FALSE	FALSE
D126L	p.Asp126Leu	missense	1.148399755	0.234868152	-0.564552426	benign supporting	FALSE	FALSE
D126K	p.Asp126Lys	missense	1.336106483	0.171625609	-0.525704975	benign supporting	FALSE	FALSE
D126G	p.Asp126Gly	missense	1.278339021	0.133319463	-0.553674047	benign supporting	FALSE	FALSE
D126Y	p.Asp126Tyr	missense	NA	NA	NA	NA	NA	NA
D126N	p.Asp126Asn	missense	2.006331672	0.067411969	NA	NA	FALSE	TRUE
D126C	p.Asp126Cys	missense	1.737579717	0.100069602	NA	NA	FALSE	TRUE
D126P	p.Asp126Pro	missense	0.656395887	0.391819766	NA	NA	TRUE	FALSE
D126E	p.Asp126Glu	missense	0.802371085	0.056241764	-0.298717392	indeterminate	FALSE	FALSE
D126M	p.Asp126Met	missense	1.300792003	0.097236591	-0.543715777	benign supporting	FALSE	FALSE
D126W	p.Asp126Trp	missense	NA	NA	NA	NA	NA	NA
D126H	p.Asp126His	missense	1.084215165	0.081525719	-0.55447268	benign supporting	FALSE	FALSE
D126Q	p.Asp126Gln	missense	1.768484928	0.081832063	NA	NA	FALSE	TRUE
D126*	p.Asp126*	nonsense	0.050516392	0.948892056	NA	NA	TRUE	FALSE
E127S	p.Glu127Ser	missense	1.06199268	0.152428581	-0.544566999	benign supporting	FALSE	FALSE
E127A	p.Glu127Ala	missense	0.58865907	0.410752246	NA	NA	TRUE	FALSE
E127V	p.Glu127Val	missense	1.135226118	0.23686114	-0.563233992	benign supporting	FALSE	FALSE
E127R	p.Glu127Arg	missense	1.013203502	0.337759794	-0.517132682	benign supporting	FALSE	FALSE
E127D	p.Glu127Asp	missense	0.730101105	0.210157878	-0.191467513	indeterminate	FALSE	FALSE
E127F	p.Glu127Phe	missense	0.556984264	0.148945162	NA	NA	TRUE	FALSE
E127T	p.Glu127Thr	missense	1.200129915	0.370144497	-0.568270245	benign supporting	FALSE	FALSE
E127I	p.Glu127Ile	missense	1.420290999	0.207743278	-0.46400876	benign supporting	FALSE	FALSE
E127L	p.Glu127Leu	missense	1.167613244	0.428163367	-0.566684778	benign supporting	FALSE	FALSE
E127K	p.Glu127Lys	missense	1.276319431	0.255948924	-0.554692577	benign supporting	FALSE	FALSE
E127G	p.Glu127Gly	missense	1.041357445	0.355014944	-0.533882618	benign supporting	FALSE	FALSE
E127Y	p.Glu127Tyr	missense	1.073879038	0.080439228	-0.550137374	benign supporting	FALSE	FALSE
E127N	p.Glu127Asn	missense	0.779229119	0.263010617	-0.265394023	indeterminate	FALSE	FALSE
E127C	p.Glu127Cys	missense	1.498788302	0.078934009	NA	NA	FALSE	TRUE
E127P	p.Glu127Pro	missense	1.307913637	0.286382595	-0.540051258	benign supporting	FALSE	FALSE
E127E	p.Glu127=	synonymous	0.911537312	0.163902587	NA	NA	FALSE	FALSE
E127M	p.Glu127Met	missense	2.428012729	0.300178923	NA	NA	FALSE	TRUE
E127W	p.Glu127Trp	missense	1.100614635	0.21762071	-0.55827333	benign supporting	FALSE	FALSE
E127H	p.Glu127His	missense	2.229848169	0.150057779	NA	NA	FALSE	TRUE
E127Q	p.Glu127Gln	missense	NA	NA	NA	NA	NA	NA
E127*	p.Glu127*	nonsense	0.26769777	0.543997594	NA	NA	TRUE	FALSE
P128S	p.Pro128Ser	missense	0.471580246	0.291118629	NA	NA	TRUE	FALSE
P128A	p.Pro128Ala	missense	0.490425297	0.196068866	NA	NA	TRUE	FALSE
P128V	p.Pro128Val	missense	1.137614976	0.510264128	-0.563419192	benign supporting	FALSE	FALSE
P128R	p.Pro128Arg	missense	0.528705857	0.327994045	NA	NA	TRUE	FALSE
P128D	p.Pro128Asp	missense	NA	NA	NA	NA	NA	NA
P128F	p.Pro128Phe	missense	NA	NA	NA	NA	NA	NA
P128T	p.Pro128Thr	missense	1.245889744	0.793789033	NA	NA	TRUE	FALSE
P128I	p.Pro128Ile	missense	-0.466037976	0.489460611	1.42624356	pathogenic strong	FALSE	FALSE
P128L	p.Pro128Leu	missense	0.981406571	0.182100998	-0.494939812	benign supporting	FALSE	FALSE
P128K	p.Pro128Lys	missense	NA	NA	NA	NA	NA	NA
P128G	p.Pro128Gly	missense	0.940767876	0.590071913	NA	NA	TRUE	FALSE
P128Y	p.Pro128Tyr	missense	0.535933101	0.973369089	NA	NA	TRUE	FALSE
P128N	p.Pro128Asn	missense	0.466285376	0.742780128	NA	NA	TRUE	FALSE
P128C	p.Pro128Cys	missense	0.460021427	0.12019496	NA	NA	TRUE	FALSE
P128P	p.Pro128=	synonymous	1.056951149	0.131582132	NA	NA	FALSE	FALSE
P128E	p.Pro128Glu	missense	NA	NA	NA	NA	NA	NA
P128M	p.Pro128Met	missense	0.580118988	0.273382291	NA	NA	TRUE	FALSE
P128W	p.Pro128Trp	missense	0.495941121	0.169420345	NA	NA	TRUE	FALSE
P128H	p.Pro128His	missense	0.722229428	0.339450658	NA	NA	TRUE	FALSE
P128Q	p.Pro128Gln	missense	0.767000553	0.352590628	NA	NA	TRUE	FALSE
P128*	p.Pro128*	nonsense	NA	NA	NA	NA	NA	NA
L129S	p.Leu129Ser	missense	0.96997911	0.130680047	-0.48620573	benign supporting	FALSE	FALSE
L129A	p.Leu129Ala	missense	0.806755652	0.135158266	-0.304963917	indeterminate	FALSE	FALSE
L129V	p.Leu129Val	missense	1.081965447	0.398758079	-0.553688188	benign supporting	FALSE	FALSE
L129R	p.Leu129Arg	missense	0.814847008	0.120709169	-0.316175567	indeterminate	FALSE	FALSE
L129D	p.Leu129Asp	missense	NA	NA	NA	NA	NA	NA
L129F	p.Leu129Phe	missense	0.668424728	0.193613182	NA	NA	TRUE	FALSE
L129T	p.Leu129Thr	missense	0.940660779	0.159731364	-0.464256947	benign supporting	FALSE	FALSE
L129I	p.Leu129Ile	missense	1.133527053	0.244391935	-0.563089648	benign supporting	FALSE	FALSE
L129L	p.Leu129=	synonymous	0.70518603	0.250632376	NA	NA	TRUE	FALSE
L129K	p.Leu129Lys	missense	0.321452064	0.895061471	NA	NA	TRUE	FALSE
L129G	p.Leu129Gly	missense	0.933991692	0.14555462	-0.458781169	benign supporting	FALSE	FALSE
L129Y	p.Leu129Tyr	missense	NA	NA	NA	NA	NA	NA
L129N	p.Leu129Asn	missense	NA	NA	NA	NA	NA	NA
L129C	p.Leu129Cys	missense	0.208421792	0.219577333	0.584695576	pathogenic supporting	FALSE	FALSE
L129P	p.Leu129Pro	missense	0.58815614	0.284740778	NA	NA	TRUE	FALSE
L129E	p.Leu129Glu	missense	NA	NA	NA	NA	NA	NA
L129M	p.Leu129Met	missense	0.827474622	0.808326612	NA	NA	TRUE	FALSE
L129W	p.Leu129Trp	missense	1.091570025	0.095229435	-0.556290968	benign supporting	FALSE	FALSE
L129H	p.Leu129His	missense	NA	NA	NA	NA	NA	NA
L129Q	p.Leu129Gln	missense	0.976645816	0.102919357	-0.491292684	benign supporting	FALSE	FALSE
L129*	p.Leu129*	nonsense	-0.730593678	0.688477626	NA	NA	FALSE	FALSE
L130S	p.Leu130Ser	missense	0.326501127	0.499620159	NA	NA	TRUE	FALSE
L130A	p.Leu130Ala	missense	0.878386967	0.366883492	-0.400641183	benign supporting	FALSE	FALSE
L130V	p.Leu130Val	missense	0.652450265	0.387909867	NA	NA	TRUE	FALSE
L130R	p.Leu130Arg	missense	1.267484549	0.496704564	-0.557763572	benign supporting	FALSE	FALSE
L130D	p.Leu130Asp	missense	0.908475593	1.183402016	NA	NA	TRUE	FALSE
L130F	p.Leu130Phe	missense	NA	NA	NA	NA	NA	NA
L130T	p.Leu130Thr	missense	1.512980916	0.279234543	NA	NA	FALSE	TRUE
L130I	p.Leu130Ile	missense	0.276479046	0.35287378	NA	NA	TRUE	FALSE
L130L	p.Leu130=	synonymous	0.982714511	0.345032524	NA	NA	FALSE	FALSE
L130K	p.Leu130Lys	missense	-0.845175015	0.443052729	4.6194171	pathogenic very strong	FALSE	FALSE
L130G	p.Leu130Gly	missense	0.679448896	0.432890624	NA	NA	TRUE	FALSE
L130Y	p.Leu130Tyr	missense	NA	NA	NA	NA	NA	NA
L130N	p.Leu130Asn	missense	0.621142127	0.594339626	NA	NA	TRUE	FALSE
L130C	p.Leu130Cys	missense	NA	NA	NA	NA	NA	NA
L130P	p.Leu130Pro	missense	0.613542088	0.50299816	NA	NA	TRUE	FALSE
L130E	p.Leu130Glu	missense	0.07818596	0.202241911	0.545494529	pathogenic supporting	FALSE	FALSE
L130M	p.Leu130Met	missense	0.664783037	0.186758266	NA	NA	TRUE	FALSE
L130W	p.Leu130Trp	missense	NA	NA	NA	NA	NA	NA
L130H	p.Leu130His	missense	0.552746063	0.162721868	NA	NA	TRUE	FALSE
L130Q	p.Leu130Gln	missense	0.174915711	0.712240773	NA	NA	TRUE	FALSE
L130*	p.Leu130*	nonsense	-0.756270917	0.258880337	NA	NA	FALSE	FALSE
K131S	p.Lys131Ser	missense	0.704095696	0.129487847	-0.15273001	indeterminate	FALSE	FALSE
K131A	p.Lys131Ala	missense	-0.085609412	0.242989275	0.567152273	pathogenic supporting	FALSE	FALSE
K131V	p.Lys131Val	missense	0.894300133	0.147841152	-0.419752957	benign supporting	FALSE	FALSE
K131R	p.Lys131Arg	missense	1.73189391	0.100185899	NA	NA	FALSE	TRUE
K131D	p.Lys131Asp	missense	0.580500874	0.245677208	NA	NA	TRUE	FALSE
K131F	p.Lys131Phe	missense	1.231100053	0.173607483	-0.564422955	benign supporting	FALSE	FALSE
K131T	p.Lys131Thr	missense	0.79886942	0.150645721	-0.293638299	indeterminate	FALSE	FALSE
K131I	p.Lys131Ile	missense	1.107442258	0.311594341	-0.559583547	benign supporting	FALSE	FALSE
K131L	p.Lys131Leu	missense	1.270688928	0.097763212	-0.556903069	benign supporting	FALSE	FALSE
K131K	p.Lys131=	synonymous	1.29495645	0.078218945	NA	NA	FALSE	FALSE
K131G	p.Lys131Gly	missense	1.599559092	0.116772505	NA	NA	FALSE	TRUE
K131Y	p.Lys131Tyr	missense	NA	NA	NA	NA	NA	NA
K131N	p.Lys131Asn	missense	1.016201576	0.076716243	-0.519040773	benign supporting	FALSE	FALSE
K131C	p.Lys131Cys	missense	0.99890956	0.169624066	-0.507608213	benign supporting	FALSE	FALSE
K131P	p.Lys131Pro	missense	1.413392098	0.132515736	-0.470663148	benign supporting	FALSE	FALSE
K131E	p.Lys131Glu	missense	0.830361466	0.369997625	NA	NA	TRUE	FALSE
K131M	p.Lys131Met	missense	0.724916994	0.067970368	-0.183527874	indeterminate	FALSE	FALSE
K131W	p.Lys131Trp	missense	0.958386369	0.257207338	-0.477925046	benign supporting	FALSE	FALSE
K131H	p.Lys131His	missense	0.778320681	0.089232537	-0.264080195	indeterminate	FALSE	FALSE
K131Q	p.Lys131Gln	missense	0.379425929	0.638310089	NA	NA	TRUE	FALSE
K131*	p.Lys131*	nonsense	0.823736814	1.008537659	NA	NA	TRUE	FALSE
R132S	p.Arg132Ser	missense	1.079349126	0.185321245	-0.552560346	benign supporting	FALSE	FALSE
R132A	p.Arg132Ala	missense	0.697607226	0.091243631	-0.142866356	indeterminate	FALSE	FALSE
R132V	p.Arg132Val	missense	1.120308038	0.100721449	-0.561612806	benign supporting	FALSE	FALSE
R132R	p.Arg132=	synonymous	1.038171473	0.210615982	NA	NA	FALSE	FALSE
R132D	p.Arg132Asp	missense	0.817625825	0.133379612	-0.319935466	benign supporting	FALSE	FALSE
R132F	p.Arg132Phe	missense	NA	NA	NA	NA	NA	NA
R132T	p.Arg132Thr	missense	1.166424778	0.126806412	-0.566589578	benign supporting	FALSE	FALSE
R132I	p.Arg132Ile	missense	1.296635158	0.164904928	-0.545729047	benign supporting	FALSE	FALSE
R132L	p.Arg132Leu	missense	1.555703149	0.251582876	NA	NA	FALSE	TRUE
R132K	p.Arg132Lys	missense	1.290109687	0.630791828	-0.548709045	benign supporting	FALSE	FALSE
R132G	p.Arg132Gly	missense	1.210301172	0.450374246	-0.567014908	benign supporting	FALSE	FALSE
R132Y	p.Arg132Tyr	missense	1.077395258	0.080460332	-0.551704982	benign supporting	FALSE	FALSE
R132N	p.Arg132Asn	missense	0.96438567	0.075655189	-0.482273089	benign supporting	FALSE	FALSE
R132C	p.Arg132Cys	missense	1.209596709	0.319961252	-0.567115215	benign supporting	FALSE	FALSE
R132P	p.Arg132Pro	missense	0.549674928	0.199839564	NA	NA	TRUE	FALSE
R132E	p.Arg132Glu	missense	NA	NA	NA	NA	NA	NA
R132M	p.Arg132Met	missense	1.069200058	0.082969289	-0.547994774	benign supporting	FALSE	FALSE
R132W	p.Arg132Trp	missense	NA	NA	NA	NA	NA	NA
R132H	p.Arg132His	missense	0.457561714	0.149501626	NA	NA	TRUE	FALSE
R132Q	p.Arg132Gln	missense	1.473037876	0.091853127	NA	NA	FALSE	TRUE
R132*	p.Arg132*	nonsense	0.477755392	0.210512607	NA	NA	TRUE	FALSE
T133S	p.Thr133Ser	missense	0.852199804	0.286945015	-0.368183222	benign supporting	FALSE	FALSE
T133A	p.Thr133Ala	missense	0.899962496	0.872785795	NA	NA	TRUE	FALSE
T133V	p.Thr133Val	missense	0.834659257	0.192515902	-0.344473102	benign supporting	FALSE	FALSE
T133R	p.Thr133Arg	missense	0.343590052	0.332303611	NA	NA	TRUE	FALSE
T133D	p.Thr133Asp	missense	1.818385956	0.054538324	NA	NA	FALSE	TRUE
T133F	p.Thr133Phe	missense	1.304740281	0.30235344	-0.541718282	benign supporting	FALSE	FALSE
T133T	p.Thr133=	synonymous	0.962921415	0.095349114	NA	NA	FALSE	FALSE
T133I	p.Thr133Ile	missense	0.506028307	0.551913342	NA	NA	TRUE	FALSE
T133L	p.Thr133Leu	missense	1.621737573	0.103083227	NA	NA	FALSE	TRUE
T133K	p.Thr133Lys	missense	0.680486429	0.257671299	NA	NA	TRUE	FALSE
T133G	p.Thr133Gly	missense	0.637649257	0.257781923	NA	NA	TRUE	FALSE
T133Y	p.Thr133Tyr	missense	1.075136578	0.459527404	-0.550702196	benign supporting	FALSE	FALSE
T133N	p.Thr133Asn	missense	0.604498206	0.754183674	NA	NA	TRUE	FALSE
T133C	p.Thr133Cys	missense	NA	NA	NA	NA	NA	NA
T133P	p.Thr133Pro	missense	0.441063741	0.09953102	NA	NA	TRUE	FALSE
T133E	p.Thr133Glu	missense	0.310552134	0.167607652	0.488844337	pathogenic supporting	FALSE	FALSE
T133M	p.Thr133Met	missense	0.843587	0.205173591	-0.35699853	benign supporting	FALSE	FALSE
T133W	p.Thr133Trp	missense	NA	NA	NA	NA	NA	NA
T133H	p.Thr133His	missense	0.763690714	0.137935174	-0.242428102	indeterminate	FALSE	FALSE
T133Q	p.Thr133Gln	missense	0.860079249	0.089452843	-0.378016291	benign supporting	FALSE	FALSE
T133*	p.Thr133*	nonsense	0.311992161	0.076618781	NA	NA	FALSE	FALSE
D134S	p.Asp134Ser	missense	1.508744216	0.106591454	NA	NA	FALSE	TRUE
D134A	p.Asp134Ala	missense	0.930038381	0.127966776	-0.455445083	benign supporting	FALSE	FALSE
D134V	p.Asp134Val	missense	1.186044653	0.08474574	-0.568517125	benign supporting	FALSE	FALSE
D134R	p.Asp134Arg	missense	1.055576796	0.078324888	-0.541384431	benign supporting	FALSE	FALSE
D134D	p.Asp134=	synonymous	NA	NA	NA	NA	NA	NA
D134F	p.Asp134Phe	missense	1.306220798	0.072022637	-0.540947443	benign supporting	FALSE	FALSE
D134T	p.Asp134Thr	missense	NA	NA	NA	NA	NA	NA
D134I	p.Asp134Ile	missense	0.969342633	0.066866707	-0.485764045	benign supporting	FALSE	FALSE
D134L	p.Asp134Leu	missense	1.283550075	0.140756394	-0.551489495	benign supporting	FALSE	FALSE
D134K	p.Asp134Lys	missense	0.784338611	0.142275112	-0.272679732	indeterminate	FALSE	FALSE
D134G	p.Asp134Gly	missense	0.69737879	0.140644531	-0.14251275	indeterminate	FALSE	FALSE
D134Y	p.Asp134Tyr	missense	1.155297774	0.087712214	-0.565462235	benign supporting	FALSE	FALSE
D134N	p.Asp134Asn	missense	1.091013703	0.073008768	-0.556159892	benign supporting	FALSE	FALSE
D134C	p.Asp134Cys	missense	NA	NA	NA	NA	NA	NA
D134P	p.Asp134Pro	missense	1.261075731	0.213425199	-0.559344807	benign supporting	FALSE	FALSE
D134E	p.Asp134Glu	missense	0.76664767	0.055093013	-0.246675538	indeterminate	FALSE	FALSE
D134M	p.Asp134Met	missense	NA	NA	NA	NA	NA	NA
D134W	p.Asp134Trp	missense	1.534498056	0.093827388	NA	NA	FALSE	TRUE
D134H	p.Asp134His	missense	1.341983997	0.090271634	-0.52236769	benign supporting	FALSE	FALSE
D134Q	p.Asp134Gln	missense	0.696307477	0.087949003	-0.140848524	indeterminate	FALSE	FALSE
D134*	p.Asp134*	nonsense	0.154515875	0.956180153	NA	NA	TRUE	FALSE
K135S	p.Lys135Ser	missense	0.711338389	0.137354804	-0.163346001	indeterminate	FALSE	FALSE
K135A	p.Lys135Ala	missense	1.70628256	0.077716524	NA	NA	FALSE	TRUE
K135V	p.Lys135Val	missense	1.489535371	0.1729497	NA	NA	FALSE	TRUE
K135R	p.Lys135Arg	missense	0.88863926	0.626519682	NA	NA	TRUE	FALSE
K135D	p.Lys135Asp	missense	0.356167516	0.949518086	NA	NA	TRUE	FALSE
K135F	p.Lys135Phe	missense	1.343599967	0.052188666	-0.521414597	benign supporting	FALSE	FALSE
K135T	p.Lys135Thr	missense	0.854845852	0.077746247	-0.371526648	benign supporting	FALSE	FALSE
K135I	p.Lys135Ile	missense	NA	NA	NA	NA	NA	NA
K135L	p.Lys135Leu	missense	2.048419247	0.0717974	NA	NA	FALSE	TRUE
K135K	p.Lys135=	synonymous	0.625280986	0.144320378	NA	NA	TRUE	FALSE
K135G	p.Lys135Gly	missense	0.63709888	0.330995424	NA	NA	TRUE	FALSE
K135Y	p.Lys135Tyr	missense	3.062636399	0.061115408	NA	NA	FALSE	TRUE
K135N	p.Lys135Asn	missense	0.84697762	0.487208108	NA	NA	TRUE	FALSE
K135C	p.Lys135Cys	missense	0.881318598	0.173589033	-0.404266507	benign supporting	FALSE	FALSE
K135P	p.Lys135Pro	missense	0.722398397	0.182662379	-0.179681767	indeterminate	FALSE	FALSE
K135E	p.Lys135Glu	missense	0.922845181	0.524772671	NA	NA	TRUE	FALSE
K135M	p.Lys135Met	missense	1.5684332	0.155378087	NA	NA	FALSE	TRUE
K135W	p.Lys135Trp	missense	2.103948995	0.086709965	NA	NA	FALSE	TRUE
K135H	p.Lys135His	missense	0.623426037	0.322114596	NA	NA	TRUE	FALSE
K135Q	p.Lys135Gln	missense	0.587771213	1.133832321	NA	NA	TRUE	FALSE
K135*	p.Lys135*	nonsense	-0.094769775	0.158886706	NA	NA	FALSE	FALSE
Y136S	p.Tyr136Ser	missense	0.212452006	0.118084608	0.584359405	pathogenic supporting	FALSE	FALSE
Y136A	p.Tyr136Ala	missense	0.529951961	0.50454478	NA	NA	TRUE	FALSE
Y136V	p.Tyr136Val	missense	0.73934895	0.154496862	-0.20638618	indeterminate	FALSE	FALSE
Y136R	p.Tyr136Arg	missense	0.524835288	0.229550954	NA	NA	TRUE	FALSE
Y136D	p.Tyr136Asp	missense	1.130491701	0.610291497	-0.562805811	benign supporting	FALSE	FALSE
Y136F	p.Tyr136Phe	missense	1.812888599	0.054167403	NA	NA	FALSE	TRUE
Y136T	p.Tyr136Thr	missense	0.029161714	0.248714078	0.543521116	pathogenic supporting	FALSE	FALSE
Y136I	p.Tyr136Ile	missense	0.366570793	0.334606297	NA	NA	TRUE	FALSE
Y136L	p.Tyr136Leu	missense	0.600680192	0.212225488	NA	NA	TRUE	FALSE
Y136K	p.Tyr136Lys	missense	0.049829576	0.390151233	0.543527341	pathogenic supporting	FALSE	FALSE
Y136G	p.Tyr136Gly	missense	0.506769489	0.515293895	NA	NA	TRUE	FALSE
Y136Y	p.Tyr136=	synonymous	1.609620385	0.123827476	NA	NA	FALSE	TRUE
Y136N	p.Tyr136Asn	missense	1.847736258	0.063463849	NA	NA	FALSE	TRUE
Y136C	p.Tyr136Cys	missense	0.27132622	0.790997202	NA	NA	TRUE	FALSE
Y136P	p.Tyr136Pro	missense	0.20810883	0.232857219	0.584725172	pathogenic supporting	FALSE	FALSE
Y136E	p.Tyr136Glu	missense	-0.352350966	0.262671614	0.986284605	pathogenic moderate	FALSE	FALSE
Y136M	p.Tyr136Met	missense	0.745744509	0.28310047	NA	NA	TRUE	FALSE
Y136W	p.Tyr136Trp	missense	0.810430002	0.274618075	-0.310104838	indeterminate	FALSE	FALSE
Y136H	p.Tyr136His	missense	0.377381713	1.016593095	NA	NA	TRUE	FALSE
Y136Q	p.Tyr136Gln	missense	0.019026207	0.684544931	NA	NA	TRUE	FALSE
Y136*	p.Tyr136*	nonsense	0.54757001	1.529381277	NA	NA	TRUE	FALSE
R137S	p.Arg137Ser	missense	NA	NA	NA	NA	NA	NA
R137A	p.Arg137Ala	missense	NA	NA	NA	NA	NA	NA
R137V	p.Arg137Val	missense	NA	NA	NA	NA	NA	NA
R137R	p.Arg137=	synonymous	0.970400253	0.893144354	NA	NA	TRUE	FALSE
R137D	p.Arg137Asp	missense	NA	NA	NA	NA	NA	NA
R137F	p.Arg137Phe	missense	NA	NA	NA	NA	NA	NA
R137T	p.Arg137Thr	missense	NA	NA	NA	NA	NA	NA
R137I	p.Arg137Ile	missense	NA	NA	NA	NA	NA	NA
R137L	p.Arg137Leu	missense	NA	NA	NA	NA	NA	NA
R137K	p.Arg137Lys	missense	NA	NA	NA	NA	NA	NA
R137G	p.Arg137Gly	missense	NA	NA	NA	NA	NA	NA
R137Y	p.Arg137Tyr	missense	NA	NA	NA	NA	NA	NA
R137N	p.Arg137Asn	missense	NA	NA	NA	NA	NA	NA
R137C	p.Arg137Cys	missense	NA	NA	NA	NA	NA	NA
R137P	p.Arg137Pro	missense	0.853079262	1.306564612	NA	NA	TRUE	FALSE
R137E	p.Arg137Glu	missense	NA	NA	NA	NA	NA	NA
R137M	p.Arg137Met	missense	NA	NA	NA	NA	NA	NA
R137W	p.Arg137Trp	missense	NA	NA	NA	NA	NA	NA
R137H	p.Arg137His	missense	NA	NA	NA	NA	NA	NA
R137Q	p.Arg137Gln	missense	-0.591351355	1.775573439	NA	NA	TRUE	FALSE
R137*	p.Arg137*	nonsense	0.331317056	1.013744349	NA	NA	TRUE	FALSE
T138S	p.Thr138Ser	missense	1.137161072	0.103517467	-0.563385603	benign supporting	FALSE	FALSE
T138A	p.Thr138Ala	missense	0.682750711	0.417843042	NA	NA	TRUE	FALSE
T138V	p.Thr138Val	missense	0.231885618	0.414127278	NA	NA	TRUE	FALSE
T138R	p.Thr138Arg	missense	0.371177909	0.11229311	0.405522439	pathogenic supporting	FALSE	FALSE
T138D	p.Thr138Asp	missense	0.17967593	0.501357679	NA	NA	TRUE	FALSE
T138F	p.Thr138Phe	missense	1.395587064	0.052741568	-0.485954206	benign supporting	FALSE	FALSE
T138T	p.Thr138=	synonymous	1.100463494	0.10275117	NA	NA	FALSE	FALSE
T138I	p.Thr138Ile	missense	0.71061483	0.77235607	NA	NA	TRUE	FALSE
T138L	p.Thr138Leu	missense	0.017856185	0.237469185	0.544031741	pathogenic supporting	FALSE	FALSE
T138K	p.Thr138Lys	missense	0.771428534	1.030830212	NA	NA	TRUE	FALSE
T138G	p.Thr138Gly	missense	0.414740106	0.621610811	NA	NA	TRUE	FALSE
T138Y	p.Thr138Tyr	missense	1.422975485	0.080395249	-0.461299617	benign supporting	FALSE	FALSE
T138N	p.Thr138Asn	missense	-0.003496862	0.36438497	0.546008859	pathogenic supporting	FALSE	FALSE
T138C	p.Thr138Cys	missense	0.55846523	0.094167818	NA	NA	TRUE	FALSE
T138P	p.Thr138Pro	missense	-0.207314561	0.319932713	0.667718217	pathogenic moderate	FALSE	FALSE
T138E	p.Thr138Glu	missense	-0.222547112	0.125029493	0.688980517	pathogenic moderate	FALSE	FALSE
T138M	p.Thr138Met	missense	0.486709303	1.304653641	NA	NA	TRUE	FALSE
T138W	p.Thr138Trp	missense	0.51077081	0.189329043	NA	NA	TRUE	FALSE
T138H	p.Thr138His	missense	0.17173343	0.16818962	0.579298494	pathogenic supporting	FALSE	FALSE
T138Q	p.Thr138Gln	missense	-0.069100783	1.02235359	NA	NA	TRUE	FALSE
T138*	p.Thr138*	nonsense	0.344861269	0.152308751	NA	NA	FALSE	FALSE
Y139S	p.Tyr139Ser	missense	-0.309440038	0.303752075	0.88748412	pathogenic moderate	FALSE	FALSE
Y139A	p.Tyr139Ala	missense	-0.222611078	0.555100496	0.689075422	pathogenic moderate	FALSE	FALSE
Y139V	p.Tyr139Val	missense	-0.495785557	0.392354394	1.817275949	pathogenic strong	FALSE	FALSE
Y139R	p.Tyr139Arg	missense	0.182695537	0.531373908	NA	NA	TRUE	FALSE
Y139D	p.Tyr139Asp	missense	-0.640081842	0.348221296	4.780857827	pathogenic very strong	FALSE	FALSE
Y139F	p.Tyr139Phe	missense	1.087306503	0.520439401	-0.555259429	benign supporting	FALSE	FALSE
Y139T	p.Tyr139Thr	missense	-0.796468596	0.711234077	4.660635379	pathogenic very strong	FALSE	FALSE
Y139I	p.Tyr139Ile	missense	-0.514041058	0.746346771	3.517469778	pathogenic very strong	FALSE	FALSE
Y139L	p.Tyr139Leu	missense	0.240183078	0.474584899	NA	NA	TRUE	FALSE
Y139K	p.Tyr139Lys	missense	0.039394523	0.825104662	NA	NA	TRUE	FALSE
Y139G	p.Tyr139Gly	missense	-0.125456731	0.127660306	0.587656296	pathogenic supporting	FALSE	FALSE
Y139Y	p.Tyr139=	synonymous	1.279884038	0.105135562	NA	NA	FALSE	FALSE
Y139N	p.Tyr139Asn	missense	-0.815414861	0.278256106	4.645467075	pathogenic very strong	FALSE	FALSE
Y139C	p.Tyr139Cys	missense	0.185661301	1.184263508	NA	NA	TRUE	FALSE
Y139P	p.Tyr139Pro	missense	-1.144265198	0.665137473	4.309456453	pathogenic very strong	FALSE	FALSE
Y139E	p.Tyr139Glu	missense	-0.769167594	0.19301903	4.686810405	pathogenic very strong	FALSE	FALSE
Y139M	p.Tyr139Met	missense	-0.124425534	0.12891695	0.586927026	pathogenic supporting	FALSE	FALSE
Y139W	p.Tyr139Trp	missense	0.446313022	0.095880954	NA	NA	TRUE	FALSE
Y139H	p.Tyr139His	missense	-0.249919223	0.702852518	0.734632285	pathogenic moderate	FALSE	FALSE
Y139Q	p.Tyr139Gln	missense	-0.240957107	0.199977935	0.718490711	pathogenic moderate	FALSE	FALSE
Y139*	p.Tyr139*	nonsense	0.341487836	0.400656706	NA	NA	TRUE	FALSE
S140S	p.Ser140=	synonymous	0.913138775	0.432937426	NA	NA	TRUE	FALSE
S140A	p.Ser140Ala	missense	0.188668355	0.25649911	0.58757115	pathogenic supporting	FALSE	FALSE
S140V	p.Ser140Val	missense	0.470259598	0.171879432	NA	NA	TRUE	FALSE
S140R	p.Ser140Arg	missense	-0.599500927	0.346076657	4.802675494	pathogenic very strong	FALSE	FALSE
S140D	p.Ser140Asp	missense	-1.049758534	0.711728016	4.427054713	pathogenic very strong	FALSE	FALSE
S140F	p.Ser140Phe	missense	-0.302992131	0.431299745	0.864998772	pathogenic moderate	FALSE	FALSE
S140T	p.Ser140Thr	missense	0.754507117	0.75569892	NA	NA	TRUE	FALSE
S140I	p.Ser140Ile	missense	0.959893794	0.094049809	-0.479030409	benign supporting	FALSE	FALSE
S140L	p.Ser140Leu	missense	-0.388506509	0.153014405	1.06954846	pathogenic moderate	FALSE	FALSE
S140K	p.Ser140Lys	missense	-0.12990185	0.617951071	0.590865074	pathogenic supporting	FALSE	FALSE
S140G	p.Ser140Gly	missense	-0.219783054	0.153369566	0.684926395	pathogenic moderate	FALSE	FALSE
S140Y	p.Ser140Tyr	missense	-0.657623892	0.299764921	4.77043848	pathogenic very strong	FALSE	FALSE
S140N	p.Ser140Asn	missense	0.261134537	0.912146318	NA	NA	TRUE	FALSE
S140C	p.Ser140Cys	missense	-0.408187521	0.369538272	1.128771431	pathogenic moderate	FALSE	FALSE
S140P	p.Ser140Pro	missense	-0.790271961	0.481368997	4.666781899	pathogenic very strong	FALSE	FALSE
S140E	p.Ser140Glu	missense	-0.575115099	0.373687141	4.814382101	pathogenic very strong	FALSE	FALSE
S140M	p.Ser140Met	missense	-0.954658473	0.239362187	4.518848224	pathogenic very strong	FALSE	FALSE
S140W	p.Ser140Trp	missense	0.809039999	0.27219853	-0.3081699	indeterminate	FALSE	FALSE
S140H	p.Ser140His	missense	-0.21868237	0.459922292	0.683337151	pathogenic moderate	FALSE	FALSE
S140Q	p.Ser140Gln	missense	-0.372319908	0.754461184	1.028894644	pathogenic moderate	FALSE	FALSE
S140*	p.Ser140*	nonsense	-0.615005611	1.004762449	NA	NA	FALSE	FALSE
K141S	p.Lys141Ser	missense	0.792450469	0.214331742	-0.284110408	indeterminate	FALSE	FALSE
K141A	p.Lys141Ala	missense	1.437973008	0.122817016	-0.446165424	benign supporting	FALSE	FALSE
K141V	p.Lys141Val	missense	-0.539510965	0.169756861	4.829761677	pathogenic very strong	FALSE	FALSE
K141R	p.Lys141Arg	missense	2.51515654	0.090604027	NA	NA	FALSE	TRUE
K141D	p.Lys141Asp	missense	-0.915934717	0.44273792	4.555584159	pathogenic very strong	FALSE	FALSE
K141F	p.Lys141Phe	missense	0.24952229	0.963529819	NA	NA	TRUE	FALSE
K141T	p.Lys141Thr	missense	0.116225735	0.244542708	0.555573147	pathogenic supporting	FALSE	FALSE
K141I	p.Lys141Ile	missense	0.572858561	0.112962013	NA	NA	TRUE	FALSE
K141L	p.Lys141Leu	missense	0.424249076	0.107563354	NA	NA	TRUE	FALSE
K141K	p.Lys141=	synonymous	1.003525122	0.14939075	NA	NA	FALSE	FALSE
K141G	p.Lys141Gly	missense	0.755263692	0.642484718	NA	NA	TRUE	FALSE
K141Y	p.Lys141Tyr	missense	0.421283176	0.354772633	NA	NA	TRUE	FALSE
K141N	p.Lys141Asn	missense	0.549266448	0.107652394	NA	NA	TRUE	FALSE
K141C	p.Lys141Cys	missense	0.636906769	0.423535184	NA	NA	TRUE	FALSE
K141P	p.Lys141Pro	missense	-0.239840997	0.520312432	0.716567599	pathogenic moderate	FALSE	FALSE
K141E	p.Lys141Glu	missense	NA	NA	NA	NA	NA	NA
K141M	p.Lys141Met	missense	0.399411924	0.585302063	NA	NA	TRUE	FALSE
K141W	p.Lys141Trp	missense	-0.440648505	0.140186434	1.26263208	pathogenic moderate	FALSE	FALSE
K141H	p.Lys141His	missense	1.597878417	0.103012099	NA	NA	FALSE	TRUE
K141Q	p.Lys141Gln	missense	0.451837482	0.136881886	NA	NA	TRUE	FALSE
K141*	p.Lys141*	nonsense	-0.002106268	0.463736544	NA	NA	FALSE	FALSE
K142S	p.Lys142Ser	missense	1.128457014	0.089931837	-0.562596998	benign supporting	FALSE	FALSE
K142A	p.Lys142Ala	missense	0.475634342	0.157046527	NA	NA	TRUE	FALSE
K142V	p.Lys142Val	missense	0.825711878	0.068582938	-0.331302868	benign supporting	FALSE	FALSE
K142R	p.Lys142Arg	missense	0.990095709	0.136935131	-0.50137158	benign supporting	FALSE	FALSE
K142D	p.Lys142Asp	missense	-0.171710573	0.4192443	0.626834592	pathogenic supporting	FALSE	FALSE
K142F	p.Lys142Phe	missense	0.881510112	0.100457029	-0.404501644	benign supporting	FALSE	FALSE
K142T	p.Lys142Thr	missense	2.052745448	0.12162912	NA	NA	FALSE	TRUE
K142I	p.Lys142Ile	missense	1.246576241	0.06482886	-0.562262317	benign supporting	FALSE	FALSE
K142L	p.Lys142Leu	missense	0.928784323	0.274726815	-0.45437251	benign supporting	FALSE	FALSE
K142K	p.Lys142=	synonymous	1.027753602	0.227844171	NA	NA	FALSE	FALSE
K142G	p.Lys142Gly	missense	1.062765186	0.065901519	-0.544941829	benign supporting	FALSE	FALSE
K142Y	p.Lys142Tyr	missense	1.276098576	0.114284674	-0.554802631	benign supporting	FALSE	FALSE
K142N	p.Lys142Asn	missense	0.539309664	0.286971964	NA	NA	TRUE	FALSE
K142C	p.Lys142Cys	missense	1.019273548	0.219492016	-0.520964421	benign supporting	FALSE	FALSE
K142P	p.Lys142Pro	missense	-0.804935484	0.299572713	4.653984478	pathogenic very strong	FALSE	FALSE
K142E	p.Lys142Glu	missense	1.189741744	0.103542646	-0.568966769	benign supporting	FALSE	FALSE
K142M	p.Lys142Met	missense	1.314504523	0.052878855	-0.536408541	benign supporting	FALSE	FALSE
K142W	p.Lys142Trp	missense	1.347537988	0.054086377	-0.519026086	benign supporting	FALSE	FALSE
K142H	p.Lys142His	missense	0.237581408	0.092885409	0.566336009	pathogenic supporting	FALSE	FALSE
K142Q	p.Lys142Gln	missense	1.045219334	0.086136161	-0.535981917	benign supporting	FALSE	FALSE
K142*	p.Lys142*	nonsense	0.947551399	0.870906002	NA	NA	TRUE	FALSE
H143S	p.His143Ser	missense	0.070634897	0.17031886	0.544749324	pathogenic supporting	FALSE	FALSE
H143A	p.His143Ala	missense	-0.164804157	0.178993065	0.620098919	pathogenic supporting	FALSE	FALSE
H143V	p.His143Val	missense	-0.278592098	0.593542157	0.796235298	pathogenic moderate	FALSE	FALSE
H143R	p.His143Arg	missense	-0.233713522	0.50033428	0.706331337	pathogenic moderate	FALSE	FALSE
H143D	p.His143Asp	missense	-0.446590918	0.160971783	1.294553318	pathogenic strong	FALSE	FALSE
H143F	p.His143Phe	missense	-0.573263924	0.462645396	4.815230589	pathogenic very strong	FALSE	FALSE
H143T	p.His143Thr	missense	-0.639350673	0.51150048	4.781278577	pathogenic very strong	FALSE	FALSE
H143I	p.His143Ile	missense	NA	NA	NA	NA	NA	NA
H143L	p.His143Leu	missense	-0.202250954	0.679443154	0.661200332	pathogenic moderate	FALSE	FALSE
H143K	p.His143Lys	missense	-0.192884285	0.993852654	NA	NA	TRUE	FALSE
H143G	p.His143Gly	missense	-0.216846798	0.557872685	0.680718056	pathogenic moderate	FALSE	FALSE
H143Y	p.His143Tyr	missense	0.2393461	0.689320721	NA	NA	TRUE	FALSE
H143N	p.His143Asn	missense	-0.630179327	0.964288052	4.786467067	pathogenic very strong	FALSE	FALSE
H143C	p.His143Cys	missense	NA	NA	NA	NA	NA	NA
H143P	p.His143Pro	missense	0.113992052	0.747591456	NA	NA	TRUE	FALSE
H143E	p.His143Glu	missense	-0.922740371	0.30825656	4.549510435	pathogenic very strong	FALSE	FALSE
H143M	p.His143Met	missense	1.149946166	0.487018091	-0.56477026	benign supporting	FALSE	FALSE
H143W	p.His143Trp	missense	-0.559930089	0.761237661	4.821180904	pathogenic very strong	FALSE	FALSE
H143H	p.His143=	synonymous	2.006183846	0.056973052	NA	NA	FALSE	TRUE
H143Q	p.His143Gln	missense	NA	NA	NA	NA	NA	NA
H143*	p.His143*	nonsense	0.417457211	0.655910792	NA	NA	TRUE	FALSE
F144S	p.Phe144Ser	missense	-0.256106224	0.40820344	0.746553301	pathogenic moderate	FALSE	FALSE
F144A	p.Phe144Ala	missense	0.283414883	0.102940256	0.518489242	pathogenic supporting	FALSE	FALSE
F144V	p.Phe144Val	missense	-0.24410299	0.199448524	0.724012538	pathogenic moderate	FALSE	FALSE
F144R	p.Phe144Arg	missense	-0.934465171	0.538645851	4.538677503	pathogenic very strong	FALSE	FALSE
F144D	p.Phe144Asp	missense	-0.144302547	0.079677913	0.602019917	pathogenic supporting	FALSE	FALSE
F144F	p.Phe144=	synonymous	0.730389954	0.714644224	NA	NA	TRUE	FALSE
F144T	p.Phe144Thr	missense	-1.448171809	0.33535747	4.000188367	pathogenic very strong	FALSE	FALSE
F144I	p.Phe144Ile	missense	-0.802021654	1.756484405	NA	NA	TRUE	FALSE
F144L	p.Phe144Leu	missense	0.412504747	0.247971159	NA	NA	TRUE	FALSE
F144K	p.Phe144Lys	missense	0.079375065	0.082566278	0.545626589	pathogenic supporting	FALSE	FALSE
F144G	p.Phe144Gly	missense	-0.299918283	0.151836392	0.855259113	pathogenic moderate	FALSE	FALSE
F144Y	p.Phe144Tyr	missense	1.123582776	0.136201091	-0.562036631	benign supporting	FALSE	FALSE
F144N	p.Phe144Asn	missense	-0.134246062	0.267345069	0.59410544	pathogenic supporting	FALSE	FALSE
F144C	p.Phe144Cys	missense	NA	NA	NA	NA	NA	NA
F144P	p.Phe144Pro	missense	-1.531355105	0.711557984	3.950229276	pathogenic very strong	FALSE	FALSE
F144E	p.Phe144Glu	missense	-0.592870427	0.165067495	4.805957807	pathogenic very strong	FALSE	FALSE
F144M	p.Phe144Met	missense	1.411378892	0.050442552	-0.472524476	benign supporting	FALSE	FALSE
F144W	p.Phe144Trp	missense	-0.45570013	0.095385567	1.350166442	pathogenic strong	FALSE	FALSE
F144H	p.Phe144His	missense	0.511814817	0.207404243	NA	NA	TRUE	FALSE
F144Q	p.Phe144Gln	missense	-1.220686686	0.313071722	4.210331829	pathogenic very strong	FALSE	FALSE
F144*	p.Phe144*	nonsense	-0.124468396	0.397848447	NA	NA	FALSE	FALSE
R145S	p.Arg145Ser	missense	1.19960245	0.111296454	-0.568324177	benign supporting	FALSE	FALSE
R145A	p.Arg145Ala	missense	-0.290210853	0.725751633	0.826677295	pathogenic moderate	FALSE	FALSE
R145V	p.Arg145Val	missense	1.361732248	0.196215802	-0.509604169	benign supporting	FALSE	FALSE
R145R	p.Arg145=	synonymous	0.866898413	0.145610225	NA	NA	FALSE	FALSE
R145D	p.Arg145Asp	missense	NA	NA	NA	NA	NA	NA
R145F	p.Arg145Phe	missense	1.448078849	0.079504646	-0.435746921	benign supporting	FALSE	FALSE
R145T	p.Arg145Thr	missense	-1.22864932	0.645056634	4.198938915	pathogenic very strong	FALSE	FALSE
R145I	p.Arg145Ile	missense	0.620167228	0.460549005	NA	NA	TRUE	FALSE
R145L	p.Arg145Leu	missense	1.883424006	0.027822413	NA	NA	FALSE	TRUE
R145K	p.Arg145Lys	missense	NA	NA	NA	NA	NA	NA
R145G	p.Arg145Gly	missense	1.441350047	0.103876972	-0.442796035	benign supporting	FALSE	FALSE
R145Y	p.Arg145Tyr	missense	NA	NA	NA	NA	NA	NA
R145N	p.Arg145Asn	missense	NA	NA	NA	NA	NA	NA
R145C	p.Arg145Cys	missense	1.264864253	0.04016872	-0.558432362	benign supporting	FALSE	FALSE
R145P	p.Arg145Pro	missense	0.223071036	1.078304713	NA	NA	TRUE	FALSE
R145E	p.Arg145Glu	missense	-0.341670119	0.37352393	0.966261434	pathogenic moderate	FALSE	FALSE
R145M	p.Arg145Met	missense	1.291983262	0.099012851	-0.547875623	benign supporting	FALSE	FALSE
R145W	p.Arg145Trp	missense	0.916912893	0.064295141	-0.443866977	benign supporting	FALSE	FALSE
R145H	p.Arg145His	missense	NA	NA	NA	NA	NA	NA
R145Q	p.Arg145Gln	missense	1.347704836	0.083317079	-0.518922798	benign supporting	FALSE	FALSE
R145*	p.Arg145*	nonsense	-0.683791111	0.541992998	NA	NA	FALSE	FALSE
I146S	p.Ile146Ser	missense	0.544370707	0.594340988	NA	NA	TRUE	FALSE
I146A	p.Ile146Ala	missense	NA	NA	NA	NA	NA	NA
I146V	p.Ile146Val	missense	1.129411846	0.333584576	-0.562696838	benign supporting	FALSE	FALSE
I146R	p.Ile146Arg	missense	-0.385035547	0.588648187	1.060293209	pathogenic moderate	FALSE	FALSE
I146D	p.Ile146Asp	missense	NA	NA	NA	NA	NA	NA
I146F	p.Ile146Phe	missense	1.12688305	0.370359155	-0.562425301	benign supporting	FALSE	FALSE
I146T	p.Ile146Thr	missense	-0.470944407	0.214558742	1.468852477	pathogenic strong	FALSE	FALSE
I146I	p.Ile146=	synonymous	NA	NA	NA	NA	NA	NA
I146L	p.Ile146Leu	missense	0.389953406	0.160208124	NA	NA	TRUE	FALSE
I146K	p.Ile146Lys	missense	-0.805433555	0.495930358	4.653586907	pathogenic very strong	FALSE	FALSE
I146G	p.Ile146Gly	missense	0.235594357	0.339706302	NA	NA	TRUE	FALSE
I146Y	p.Ile146Tyr	missense	NA	NA	NA	NA	NA	NA
I146N	p.Ile146Asn	missense	1.670946684	0.384701361	NA	NA	FALSE	TRUE
I146C	p.Ile146Cys	missense	3.293449884	0.051032518	NA	NA	FALSE	TRUE
I146P	p.Ile146Pro	missense	NA	NA	NA	NA	NA	NA
I146E	p.Ile146Glu	missense	NA	NA	NA	NA	NA	NA
I146M	p.Ile146Met	missense	1.080905277	1.093290606	NA	NA	TRUE	FALSE
I146W	p.Ile146Trp	missense	-0.480465222	0.730290599	1.568731639	pathogenic strong	FALSE	FALSE
I146H	p.Ile146His	missense	NA	NA	NA	NA	NA	NA
I146Q	p.Ile146Gln	missense	NA	NA	NA	NA	NA	NA
I146*	p.Ile146*	nonsense	-1.136455104	0.389293414	NA	NA	FALSE	FALSE
F147S	p.Phe147Ser	missense	NA	NA	NA	NA	NA	NA
F147A	p.Phe147Ala	missense	NA	NA	NA	NA	NA	NA
F147V	p.Phe147Val	missense	0.0579883	0.382245571	0.543861405	pathogenic supporting	FALSE	FALSE
F147R	p.Phe147Arg	missense	1.157234076	0.072801301	-0.565688805	benign supporting	FALSE	FALSE
F147D	p.Phe147Asp	missense	NA	NA	NA	NA	NA	NA
F147F	p.Phe147=	synonymous	1.508263183	0.148273423	NA	NA	FALSE	TRUE
F147T	p.Phe147Thr	missense	1.461210877	1.063269795	NA	NA	TRUE	TRUE
F147I	p.Phe147Ile	missense	NA	NA	NA	NA	NA	NA
F147L	p.Phe147Leu	missense	1.282960899	0.205371578	-0.551728934	benign supporting	FALSE	FALSE
F147K	p.Phe147Lys	missense	NA	NA	NA	NA	NA	NA
F147G	p.Phe147Gly	missense	-1.07375594	0.681850823	4.401492205	pathogenic very strong	FALSE	FALSE
F147Y	p.Phe147Tyr	missense	-0.089749414	1.039942537	NA	NA	TRUE	FALSE
F147N	p.Phe147Asn	missense	NA	NA	NA	NA	NA	NA
F147C	p.Phe147Cys	missense	-0.270136418	0.453863398	0.776267658	pathogenic moderate	FALSE	FALSE
F147P	p.Phe147Pro	missense	NA	NA	NA	NA	NA	NA
F147E	p.Phe147Glu	missense	-0.75850633	0.147112939	4.696336122	pathogenic very strong	FALSE	FALSE
F147M	p.Phe147Met	missense	NA	NA	NA	NA	NA	NA
F147W	p.Phe147Trp	missense	0.195760026	0.629476619	NA	NA	TRUE	FALSE
F147H	p.Phe147His	missense	-1.226437211	0.844408179	4.202146724	pathogenic very strong	FALSE	FALSE
F147Q	p.Phe147Gln	missense	NA	NA	NA	NA	NA	NA
F147*	p.Phe147*	nonsense	-1.558277862	0.511291144	NA	NA	FALSE	FALSE
R148S	p.Arg148Ser	missense	1.144271159	0.182476726	-0.563931859	benign supporting	FALSE	FALSE
R148A	p.Arg148Ala	missense	NA	NA	NA	NA	NA	NA
R148V	p.Arg148Val	missense	1.426380943	0.051664163	-0.457762154	benign supporting	FALSE	FALSE
R148R	p.Arg148=	synonymous	0.908356254	0.187943124	NA	NA	FALSE	FALSE
R148D	p.Arg148Asp	missense	NA	NA	NA	NA	NA	NA
R148F	p.Arg148Phe	missense	-0.420995836	0.261572546	1.174968379	pathogenic moderate	FALSE	FALSE
R148T	p.Arg148Thr	missense	1.770539624	0.211673136	NA	NA	FALSE	TRUE
R148I	p.Arg148Ile	missense	0.136779433	0.35165572	0.56317281	pathogenic supporting	FALSE	FALSE
R148L	p.Arg148Leu	missense	0.57296441	0.531312529	NA	NA	TRUE	FALSE
R148K	p.Arg148Lys	missense	1.549904518	0.198632773	NA	NA	FALSE	TRUE
R148G	p.Arg148Gly	missense	1.075122567	0.409078926	-0.550695929	benign supporting	FALSE	FALSE
R148Y	p.Arg148Tyr	missense	0.851959924	0.29670023	-0.367878012	benign supporting	FALSE	FALSE
R148N	p.Arg148Asn	missense	NA	NA	NA	NA	NA	NA
R148C	p.Arg148Cys	missense	1.627311873	0.170301543	NA	NA	FALSE	TRUE
R148P	p.Arg148Pro	missense	NA	NA	NA	NA	NA	NA
R148E	p.Arg148Glu	missense	NA	NA	NA	NA	NA	NA
R148M	p.Arg148Met	missense	1.411687024	0.0687188	-0.472241885	benign supporting	FALSE	FALSE
R148W	p.Arg148Trp	missense	2.141289217	0.081863159	NA	NA	FALSE	TRUE
R148H	p.Arg148His	missense	NA	NA	NA	NA	NA	NA
R148Q	p.Arg148Gln	missense	NA	NA	NA	NA	NA	NA
R148*	p.Arg148*	nonsense	-0.892993354	0.276087578	NA	NA	FALSE	FALSE
E149S	p.Glu149Ser	missense	NA	NA	NA	NA	NA	NA
E149A	p.Glu149Ala	missense	0.729371847	0.217165132	-0.190259219	indeterminate	FALSE	FALSE
E149V	p.Glu149Val	missense	1.637101888	0.318531567	NA	NA	FALSE	TRUE
E149R	p.Glu149Arg	missense	-1.186060324	0.933226816	4.255375108	pathogenic very strong	FALSE	FALSE
E149D	p.Glu149Asp	missense	0.654589504	0.831189215	NA	NA	TRUE	FALSE
E149F	p.Glu149Phe	missense	-0.07624202	0.250650135	0.563535666	pathogenic supporting	FALSE	FALSE
E149T	p.Glu149Thr	missense	NA	NA	NA	NA	NA	NA
E149I	p.Glu149Ile	missense	0.940880718	0.116895935	-0.464434339	benign supporting	FALSE	FALSE
E149L	p.Glu149Leu	missense	-1.286519909	0.346325909	4.147093485	pathogenic very strong	FALSE	FALSE
E149K	p.Glu149Lys	missense	0.99959033	0.079322774	-0.508078176	benign supporting	FALSE	FALSE
E149G	p.Glu149Gly	missense	0.402167439	1.180069345	NA	NA	TRUE	FALSE
E149Y	p.Glu149Tyr	missense	-0.938812465	1.139234685	4.534537428	pathogenic very strong	FALSE	FALSE
E149N	p.Glu149Asn	missense	NA	NA	NA	NA	NA	NA
E149C	p.Glu149Cys	missense	0.202456297	0.224033201	0.585347055	pathogenic supporting	FALSE	FALSE
E149P	p.Glu149Pro	missense	NA	NA	NA	NA	NA	NA
E149E	p.Glu149=	synonymous	0.94353531	0.741983324	NA	NA	TRUE	FALSE
E149M	p.Glu149Met	missense	NA	NA	NA	NA	NA	NA
E149W	p.Glu149Trp	missense	NA	NA	NA	NA	NA	NA
E149H	p.Glu149His	missense	0.055563419	0.128153628	0.543742565	pathogenic supporting	FALSE	FALSE
E149Q	p.Glu149Gln	missense	1.23644592	0.239536343	-0.563783914	benign supporting	FALSE	FALSE
E149*	p.Glu149*	nonsense	-0.36704022	0.473241827	NA	NA	FALSE	FALSE
V150S	p.Val150Ser	missense	1.574462918	0.069621384	NA	NA	FALSE	TRUE
V150A	p.Val150Ala	missense	0.777511656	0.625575937	NA	NA	TRUE	FALSE
V150V	p.Val150=	synonymous	0.606140183	0.187602462	NA	NA	TRUE	FALSE
V150R	p.Val150Arg	missense	0.762765395	0.925002159	NA	NA	TRUE	FALSE
V150D	p.Val150Asp	missense	1.308493712	0.197431654	-0.539740507	benign supporting	FALSE	FALSE
V150F	p.Val150Phe	missense	-0.682620459	0.814139163	4.754455609	pathogenic very strong	FALSE	FALSE
V150T	p.Val150Thr	missense	0.745952314	0.12740983	-0.216603643	indeterminate	FALSE	FALSE
V150I	p.Val150Ile	missense	NA	NA	NA	NA	NA	NA
V150L	p.Val150Leu	missense	-0.247531635	0.778528869	NA	NA	TRUE	FALSE
V150K	p.Val150Lys	missense	-0.774034808	0.380802159	4.682333193	pathogenic very strong	FALSE	FALSE
V150G	p.Val150Gly	missense	0.319990822	0.468181446	NA	NA	TRUE	FALSE
V150Y	p.Val150Tyr	missense	0.435015206	0.22102825	NA	NA	TRUE	FALSE
V150N	p.Val150Asn	missense	NA	NA	NA	NA	NA	NA
V150C	p.Val150Cys	missense	NA	NA	NA	NA	NA	NA
V150P	p.Val150Pro	missense	NA	NA	NA	NA	NA	NA
V150E	p.Val150Glu	missense	1.92410779	0.349306078	NA	NA	FALSE	TRUE
V150M	p.Val150Met	missense	0.333907614	0.363903522	NA	NA	TRUE	FALSE
V150W	p.Val150Trp	missense	-0.498942693	0.156965497	1.895444282	pathogenic strong	FALSE	FALSE
V150H	p.Val150His	missense	-0.951268573	0.231164853	4.522286003	pathogenic very strong	FALSE	FALSE
V150Q	p.Val150Gln	missense	-0.075579968	0.256713167	0.563292988	pathogenic supporting	FALSE	FALSE
V150*	p.Val150*	nonsense	-0.642917758	0.494670893	NA	NA	FALSE	FALSE
G151S	p.Gly151Ser	missense	0.969658378	0.088290308	-0.485983342	benign supporting	FALSE	FALSE
G151A	p.Gly151Ala	missense	-0.139251285	0.366983788	0.597970852	pathogenic supporting	FALSE	FALSE
G151V	p.Gly151Val	missense	1.751619985	0.350879854	NA	NA	FALSE	TRUE
G151R	p.Gly151Arg	missense	0.663095429	0.764680875	NA	NA	TRUE	FALSE
G151D	p.Gly151Asp	missense	0.845107041	0.113418465	-0.35900691	benign supporting	FALSE	FALSE
G151F	p.Gly151Phe	missense	NA	NA	NA	NA	NA	NA
G151T	p.Gly151Thr	missense	2.044929867	0.432606146	NA	NA	FALSE	TRUE
G151I	p.Gly151Ile	missense	NA	NA	NA	NA	NA	NA
G151L	p.Gly151Leu	missense	NA	NA	NA	NA	NA	NA
G151K	p.Gly151Lys	missense	NA	NA	NA	NA	NA	NA
G151G	p.Gly151=	synonymous	2.153001662	0.882212065	NA	NA	FALSE	TRUE
G151Y	p.Gly151Tyr	missense	NA	NA	NA	NA	NA	NA
G151N	p.Gly151Asn	missense	NA	NA	NA	NA	NA	NA
G151C	p.Gly151Cys	missense	1.108767798	0.101495922	-0.55981925	benign supporting	FALSE	FALSE
G151P	p.Gly151Pro	missense	0.198148148	0.442676795	NA	NA	TRUE	FALSE
G151E	p.Gly151Glu	missense	0.53154101	0.089142747	NA	NA	TRUE	FALSE
G151M	p.Gly151Met	missense	-2.224285233	0.691643907	0	indeterminate	FALSE	FALSE
G151W	p.Gly151Trp	missense	1.148525662	0.174813779	-0.56457046	benign supporting	FALSE	FALSE
G151H	p.Gly151His	missense	NA	NA	NA	NA	NA	NA
G151Q	p.Gly151Gln	missense	1.733511418	0.066559264	NA	NA	FALSE	TRUE
G151*	p.Gly151*	nonsense	NA	NA	NA	NA	NA	NA
P152S	p.Pro152Ser	missense	0.266167108	0.475880358	NA	NA	TRUE	FALSE
P152A	p.Pro152Ala	missense	-0.201264013	1.288385172	NA	NA	TRUE	FALSE
P152V	p.Pro152Val	missense	0.888919699	0.253742665	-0.413443637	benign supporting	FALSE	FALSE
P152R	p.Pro152Arg	missense	0.974017853	1.241809414	NA	NA	TRUE	FALSE
P152D	p.Pro152Asp	missense	NA	NA	NA	NA	NA	NA
P152F	p.Pro152Phe	missense	NA	NA	NA	NA	NA	NA
P152T	p.Pro152Thr	missense	1.065576124	0.117439575	-0.546290646	benign supporting	FALSE	FALSE
P152I	p.Pro152Ile	missense	NA	NA	NA	NA	NA	NA
P152L	p.Pro152Leu	missense	1.573550073	0.036886447	NA	NA	FALSE	TRUE
P152K	p.Pro152Lys	missense	NA	NA	NA	NA	NA	NA
P152G	p.Pro152Gly	missense	NA	NA	NA	NA	NA	NA
P152Y	p.Pro152Tyr	missense	NA	NA	NA	NA	NA	NA
P152N	p.Pro152Asn	missense	NA	NA	NA	NA	NA	NA
P152C	p.Pro152Cys	missense	NA	NA	NA	NA	NA	NA
P152P	p.Pro152=	synonymous	1.297816311	0.413503282	NA	NA	FALSE	FALSE
P152E	p.Pro152Glu	missense	NA	NA	NA	NA	NA	NA
P152M	p.Pro152Met	missense	-1.284014762	0.806742964	4.14947253	pathogenic very strong	FALSE	FALSE
P152W	p.Pro152Trp	missense	NA	NA	NA	NA	NA	NA
P152H	p.Pro152His	missense	0.896677111	0.103800218	-0.422492822	benign supporting	FALSE	FALSE
P152Q	p.Pro152Gln	missense	NA	NA	NA	NA	NA	NA
P152*	p.Pro152*	nonsense	NA	NA	NA	NA	NA	NA
K153S	p.Lys153Ser	missense	-0.109248565	0.513161525	0.577888339	pathogenic supporting	FALSE	FALSE
K153A	p.Lys153Ala	missense	NA	NA	NA	NA	NA	NA
K153V	p.Lys153Val	missense	NA	NA	NA	NA	NA	NA
K153R	p.Lys153Arg	missense	-0.193888858	0.73586614	NA	NA	TRUE	FALSE
K153D	p.Lys153Asp	missense	NA	NA	NA	NA	NA	NA
K153F	p.Lys153Phe	missense	0.005369738	0.304806612	0.545025101	pathogenic supporting	FALSE	FALSE
K153T	p.Lys153Thr	missense	1.484109246	1.344722608	NA	NA	TRUE	TRUE
K153I	p.Lys153Ile	missense	1.615329741	0.377309305	NA	NA	FALSE	TRUE
K153L	p.Lys153Leu	missense	0.612088559	0.41825284	NA	NA	TRUE	FALSE
K153K	p.Lys153=	synonymous	1.440658896	1.136816238	NA	NA	TRUE	FALSE
K153G	p.Lys153Gly	missense	-0.909767701	0.723170473	4.560957565	pathogenic very strong	FALSE	FALSE
K153Y	p.Lys153Tyr	missense	-0.407083237	0.367710871	1.125104028	pathogenic moderate	FALSE	FALSE
K153N	p.Lys153Asn	missense	NA	NA	NA	NA	NA	NA
K153C	p.Lys153Cys	missense	-2.032800003	0.68982872	0	indeterminate	FALSE	FALSE
K153P	p.Lys153Pro	missense	-0.128166262	0.626342505	0.589599522	pathogenic supporting	FALSE	FALSE
K153E	p.Lys153Glu	missense	0.097855154	1.668793542	NA	NA	TRUE	FALSE
K153M	p.Lys153Met	missense	NA	NA	NA	NA	NA	NA
K153W	p.Lys153Trp	missense	NA	NA	NA	NA	NA	NA
K153H	p.Lys153His	missense	-0.543455594	0.13594586	4.828152802	pathogenic very strong	FALSE	FALSE
K153Q	p.Lys153Gln	missense	NA	NA	NA	NA	NA	NA
K153*	p.Lys153*	nonsense	-0.984879029	0.958198921	NA	NA	FALSE	FALSE
N154S	p.Asn154Ser	missense	1.013633614	0.262895844	-0.517408298	benign supporting	FALSE	FALSE
N154A	p.Asn154Ala	missense	1.562641596	0.152121396	NA	NA	FALSE	TRUE
N154V	p.Asn154Val	missense	-0.292586965	0.77741164	0.833386705	pathogenic moderate	FALSE	FALSE
N154R	p.Asn154Arg	missense	0.374410743	0.369334314	NA	NA	TRUE	FALSE
N154D	p.Asn154Asp	missense	-0.663055504	1.19494907	NA	NA	TRUE	FALSE
N154F	p.Asn154Phe	missense	1.289112142	0.145963537	-0.549145593	benign supporting	FALSE	FALSE
N154T	p.Asn154Thr	missense	-0.153799213	0.598514984	0.610054335	pathogenic supporting	FALSE	FALSE
N154I	p.Asn154Ile	missense	NA	NA	NA	NA	NA	NA
N154L	p.Asn154Leu	missense	0.139346695	0.49960888	NA	NA	TRUE	FALSE
N154K	p.Asn154Lys	missense	2.401246163	0.55760289	NA	NA	FALSE	TRUE
N154G	p.Asn154Gly	missense	0.523202369	0.089467022	NA	NA	TRUE	FALSE
N154Y	p.Asn154Tyr	missense	1.687352607	0.198545333	NA	NA	FALSE	TRUE
N154N	p.Asn154=	synonymous	0.672847187	0.081815196	NA	NA	FALSE	FALSE
N154C	p.Asn154Cys	missense	-0.439361831	0.788623809	1.256105444	pathogenic moderate	FALSE	FALSE
N154P	p.Asn154Pro	missense	NA	NA	NA	NA	NA	NA
N154E	p.Asn154Glu	missense	-0.117927318	0.102950537	0.582459102	pathogenic supporting	FALSE	FALSE
N154M	p.Asn154Met	missense	1.201093746	0.112416309	-0.568168883	benign supporting	FALSE	FALSE
N154W	p.Asn154Trp	missense	1.687828272	0.254317612	NA	NA	FALSE	TRUE
N154H	p.Asn154His	missense	0.515852407	0.716511956	NA	NA	TRUE	FALSE
N154Q	p.Asn154Gln	missense	2.173159592	0.066034057	NA	NA	FALSE	TRUE
N154*	p.Asn154*	nonsense	-0.484767662	0.113634532	NA	NA	FALSE	FALSE
S155S	p.Ser155=	synonymous	0.173242132	0.121625574	NA	NA	FALSE	FALSE
S155A	p.Ser155Ala	missense	1.217679068	0.037920521	-0.565842145	benign supporting	FALSE	FALSE
S155V	p.Ser155Val	missense	0.961179507	0.284034116	-0.479966352	benign supporting	FALSE	FALSE
S155R	p.Ser155Arg	missense	0.460050894	0.481034178	NA	NA	TRUE	FALSE
S155D	p.Ser155Asp	missense	0.004088288	0.065601284	0.54515287	pathogenic supporting	FALSE	FALSE
S155F	p.Ser155Phe	missense	NA	NA	NA	NA	NA	NA
S155T	p.Ser155Thr	missense	0.684958102	0.152605965	-0.122596992	indeterminate	FALSE	FALSE
S155I	p.Ser155Ile	missense	0.58981019	0.089185856	0.042714829	indeterminate	FALSE	FALSE
S155L	p.Ser155Leu	missense	2.20255055	0.137368147	NA	NA	FALSE	TRUE
S155K	p.Ser155Lys	missense	1.615965742	0.03295428	NA	NA	FALSE	TRUE
S155G	p.Ser155Gly	missense	1.153044221	0.045530814	-0.565182585	benign supporting	FALSE	FALSE
S155Y	p.Ser155Tyr	missense	1.732368667	0.03116113	NA	NA	FALSE	TRUE
S155N	p.Ser155Asn	missense	1.389122312	0.076582458	-0.490893772	benign supporting	FALSE	FALSE
S155C	p.Ser155Cys	missense	1.130992121	0.064852375	-0.562854891	benign supporting	FALSE	FALSE
S155P	p.Ser155Pro	missense	1.633844599	0.183265454	NA	NA	FALSE	TRUE
S155E	p.Ser155Glu	missense	0.368034571	0.268040608	NA	NA	TRUE	FALSE
S155M	p.Ser155Met	missense	1.929977082	0.119034584	NA	NA	FALSE	TRUE
S155W	p.Ser155Trp	missense	0.994560123	0.119862462	-0.504566099	benign supporting	FALSE	FALSE
S155H	p.Ser155His	missense	2.087716175	0.070849005	NA	NA	FALSE	TRUE
S155Q	p.Ser155Gln	missense	0.975244136	0.221496067	-0.490201893	benign supporting	FALSE	FALSE
S155*	p.Ser155*	nonsense	0.655579014	0.099664109	NA	NA	FALSE	FALSE
Y156S	p.Tyr156Ser	missense	0.631371681	0.773894467	NA	NA	TRUE	FALSE
Y156A	p.Tyr156Ala	missense	0.597659202	0.205152828	NA	NA	TRUE	FALSE
Y156V	p.Tyr156Val	missense	1.617099126	0.381533255	NA	NA	FALSE	TRUE
Y156R	p.Tyr156Arg	missense	0.34886813	0.38743938	NA	NA	TRUE	FALSE
Y156D	p.Tyr156Asp	missense	0.958304813	0.369804454	-0.477864994	benign supporting	FALSE	FALSE
Y156F	p.Tyr156Phe	missense	1.471698659	0.140822765	NA	NA	FALSE	TRUE
Y156T	p.Tyr156Thr	missense	1.041266038	0.184505033	-0.533832364	benign supporting	FALSE	FALSE
Y156I	p.Tyr156Ile	missense	0.407550595	0.458212566	NA	NA	TRUE	FALSE
Y156L	p.Tyr156Leu	missense	0.586633634	0.378634117	NA	NA	TRUE	FALSE
Y156K	p.Tyr156Lys	missense	0.406550335	0.156518329	NA	NA	TRUE	FALSE
Y156G	p.Tyr156Gly	missense	0.519914783	0.13780267	NA	NA	TRUE	FALSE
Y156Y	p.Tyr156=	synonymous	2.239294204	0.028203174	NA	NA	FALSE	TRUE
Y156N	p.Tyr156Asn	missense	1.034758147	0.512933379	-0.530186748	benign supporting	FALSE	FALSE
Y156C	p.Tyr156Cys	missense	1.250124063	0.4531182	-0.561630618	benign supporting	FALSE	FALSE
Y156P	p.Tyr156Pro	missense	0.677199202	0.078565567	-0.108767047	indeterminate	FALSE	FALSE
Y156E	p.Tyr156Glu	missense	0.034565939	0.220155678	0.543405993	pathogenic supporting	FALSE	FALSE
Y156M	p.Tyr156Met	missense	0.132608076	0.198740534	0.561522081	pathogenic supporting	FALSE	FALSE
Y156W	p.Tyr156Trp	missense	1.298954404	0.116531297	-0.544616997	benign supporting	FALSE	FALSE
Y156H	p.Tyr156His	missense	0.665107788	0.496960112	NA	NA	TRUE	FALSE
Y156Q	p.Tyr156Gln	missense	-0.43312149	0.242320317	1.226173449	pathogenic moderate	FALSE	FALSE
Y156*	p.Tyr156*	nonsense	0.312662487	0.176857012	NA	NA	FALSE	FALSE
I157S	p.Ile157Ser	missense	-0.196897545	0.302035576	0.654583167	pathogenic moderate	FALSE	FALSE
I157A	p.Ile157Ala	missense	0.78082427	0.155606727	-0.26768738	indeterminate	FALSE	FALSE
I157V	p.Ile157Val	missense	0.28795065	0.196821524	0.512980439	pathogenic supporting	FALSE	FALSE
I157R	p.Ile157Arg	missense	-0.113434609	0.140802527	0.580046389	pathogenic supporting	FALSE	FALSE
I157D	p.Ile157Asp	missense	0.727957058	0.138345545	-0.188103366	indeterminate	FALSE	FALSE
I157F	p.Ile157Phe	missense	0.675488631	0.231951632	NA	NA	TRUE	FALSE
I157T	p.Ile157Thr	missense	0.34667516	0.468444026	NA	NA	TRUE	FALSE
I157I	p.Ile157=	synonymous	1.178876938	1.119576139	NA	NA	TRUE	FALSE
I157L	p.Ile157Leu	missense	1.401145357	0.0932864	-0.481455635	benign supporting	FALSE	FALSE
I157K	p.Ile157Lys	missense	-0.483064789	0.135189883	1.60127836	pathogenic strong	FALSE	FALSE
I157G	p.Ile157Gly	missense	0.435202031	0.27745983	NA	NA	TRUE	FALSE
I157Y	p.Ile157Tyr	missense	0.380051763	0.263273375	NA	NA	TRUE	FALSE
I157N	p.Ile157Asn	missense	NA	NA	NA	NA	NA	NA
I157C	p.Ile157Cys	missense	0.616796432	0.092245645	-0.00840892	indeterminate	FALSE	FALSE
I157P	p.Ile157Pro	missense	1.462952314	0.212806952	NA	NA	FALSE	TRUE
I157E	p.Ile157Glu	missense	-0.623037338	0.156052105	4.79039533	pathogenic very strong	FALSE	FALSE
I157M	p.Ile157Met	missense	-0.213580596	0.256354575	0.676152134	pathogenic moderate	FALSE	FALSE
I157W	p.Ile157Trp	missense	1.775110065	0.034443606	NA	NA	FALSE	TRUE
I157H	p.Ile157His	missense	0.767178517	0.174746324	-0.247488847	indeterminate	FALSE	FALSE
I157Q	p.Ile157Gln	missense	-0.05019016	0.068942756	0.555207486	pathogenic supporting	FALSE	FALSE
I157*	p.Ile157*	nonsense	-0.42868286	0.089936705	NA	NA	FALSE	FALSE
A158S	p.Ala158Ser	missense	0.394464317	0.431571121	NA	NA	TRUE	FALSE
A158A	p.Ala158=	synonymous	3.477357205	0.283630973	NA	NA	FALSE	TRUE
A158V	p.Ala158Val	missense	0.931888135	0.828493812	NA	NA	TRUE	FALSE
A158R	p.Ala158Arg	missense	-0.77840548	0.7831828	4.678241764	pathogenic very strong	FALSE	FALSE
A158D	p.Ala158Asp	missense	NA	NA	NA	NA	NA	NA
A158F	p.Ala158Phe	missense	0.656185227	0.14723768	-0.073549489	indeterminate	FALSE	FALSE
A158T	p.Ala158Thr	missense	0.574008716	0.291989952	NA	NA	TRUE	FALSE
A158I	p.Ala158Ile	missense	2.07284718	0.048763378	NA	NA	FALSE	TRUE
A158L	p.Ala158Leu	missense	-0.72726477	0.805073664	4.722189066	pathogenic very strong	FALSE	FALSE
A158K	p.Ala158Lys	missense	1.489925058	0.179208118	NA	NA	FALSE	TRUE
A158G	p.Ala158Gly	missense	1.104478935	0.156525935	-0.559034637	benign supporting	FALSE	FALSE
A158Y	p.Ala158Tyr	missense	NA	NA	NA	NA	NA	NA
A158N	p.Ala158Asn	missense	0.449721951	0.136175026	NA	NA	TRUE	FALSE
A158C	p.Ala158Cys	missense	0.818007171	0.094627943	-0.32044795	benign supporting	FALSE	FALSE
A158P	p.Ala158Pro	missense	0.324920425	1.987134581	NA	NA	TRUE	FALSE
A158E	p.Ala158Glu	missense	0.372800488	1.570479622	NA	NA	TRUE	FALSE
A158M	p.Ala158Met	missense	NA	NA	NA	NA	NA	NA
A158W	p.Ala158Trp	missense	NA	NA	NA	NA	NA	NA
A158H	p.Ala158His	missense	NA	NA	NA	NA	NA	NA
A158Q	p.Ala158Gln	missense	0.13650522	0.78043093	NA	NA	TRUE	FALSE
A158*	p.Ala158*	nonsense	-0.976403643	0.843469594	NA	NA	FALSE	FALSE
Y159S	p.Tyr159Ser	missense	0.762416887	0.53025934	NA	NA	TRUE	FALSE
Y159A	p.Tyr159Ala	missense	-1.417798717	0.722631663	4.015335192	pathogenic very strong	FALSE	FALSE
Y159V	p.Tyr159Val	missense	1.628713715	0.39244296	NA	NA	FALSE	TRUE
Y159R	p.Tyr159Arg	missense	-0.587665756	0.341630313	4.80848169	pathogenic very strong	FALSE	FALSE
Y159D	p.Tyr159Asp	missense	NA	NA	NA	NA	NA	NA
Y159F	p.Tyr159Phe	missense	0.835262614	0.095300205	-0.345386039	benign supporting	FALSE	FALSE
Y159T	p.Tyr159Thr	missense	0.962071755	0.613577697	NA	NA	TRUE	FALSE
Y159I	p.Tyr159Ile	missense	1.350433307	0.074491444	-0.517209221	benign supporting	FALSE	FALSE
Y159L	p.Tyr159Leu	missense	1.900592386	0.111078903	NA	NA	FALSE	TRUE
Y159K	p.Tyr159Lys	missense	0.813296748	0.129287441	-0.314058231	indeterminate	FALSE	FALSE
Y159G	p.Tyr159Gly	missense	1.563658401	0.059971837	NA	NA	FALSE	TRUE
Y159Y	p.Tyr159=	synonymous	1.244560904	0.148227641	NA	NA	FALSE	FALSE
Y159N	p.Tyr159Asn	missense	1.926540256	0.664648718	NA	NA	FALSE	TRUE
Y159C	p.Tyr159Cys	missense	1.782595011	0.384713604	NA	NA	FALSE	TRUE
Y159P	p.Tyr159Pro	missense	-1.005513261	0.200726171	4.468410473	pathogenic very strong	FALSE	FALSE
Y159E	p.Tyr159Glu	missense	1.495768615	0.130452672	NA	NA	FALSE	TRUE
Y159M	p.Tyr159Met	missense	NA	NA	NA	NA	NA	NA
Y159W	p.Tyr159Trp	missense	2.222162169	0.236962197	NA	NA	FALSE	TRUE
Y159H	p.Tyr159His	missense	0.377854873	0.421776825	NA	NA	TRUE	FALSE
Y159Q	p.Tyr159Gln	missense	0.161861215	0.893643372	NA	NA	TRUE	FALSE
Y159*	p.Tyr159*	nonsense	0.380799453	0.576847242	NA	NA	TRUE	FALSE
I160S	p.Ile160Ser	missense	-0.391322697	0.239486097	1.077295493	pathogenic moderate	FALSE	FALSE
I160A	p.Ile160Ala	missense	1.401877446	0.064176185	-0.48084515	benign supporting	FALSE	FALSE
I160V	p.Ile160Val	missense	0.456885655	0.478652709	NA	NA	TRUE	FALSE
I160R	p.Ile160Arg	missense	-0.084581987	0.631613925	NA	NA	TRUE	FALSE
I160D	p.Ile160Asp	missense	-0.460270943	0.127705686	1.381820631	pathogenic strong	FALSE	FALSE
I160F	p.Ile160Phe	missense	-0.848241637	0.223958391	4.616564815	pathogenic very strong	FALSE	FALSE
I160T	p.Ile160Thr	missense	0.502113744	0.391499736	NA	NA	TRUE	FALSE
I160I	p.Ile160=	synonymous	1.060074242	0.090929868	NA	NA	FALSE	FALSE
I160L	p.Ile160Leu	missense	1.065939678	0.1606788	-0.54646337	benign supporting	FALSE	FALSE
I160K	p.Ile160Lys	missense	-0.332833952	0.414629889	0.950934644	pathogenic moderate	FALSE	FALSE
I160G	p.Ile160Gly	missense	0.221252043	0.305364497	NA	NA	TRUE	FALSE
I160Y	p.Ile160Tyr	missense	-0.058658733	0.300488764	0.557646383	pathogenic supporting	FALSE	FALSE
I160N	p.Ile160Asn	missense	-0.246982723	0.135074216	0.729202255	pathogenic moderate	FALSE	FALSE
I160C	p.Ile160Cys	missense	NA	NA	NA	NA	NA	NA
I160P	p.Ile160Pro	missense	-0.37110397	0.266294034	1.026081313	pathogenic moderate	FALSE	FALSE
I160E	p.Ile160Glu	missense	-0.633580056	0.622089642	4.784562296	pathogenic very strong	FALSE	FALSE
I160M	p.Ile160Met	missense	1.208413185	0.107504223	-0.56727921	benign supporting	FALSE	FALSE
I160W	p.Ile160Trp	missense	1.571085452	0.119665264	NA	NA	FALSE	TRUE
I160H	p.Ile160His	missense	-0.934810744	0.977270465	4.538350897	pathogenic very strong	FALSE	FALSE
I160Q	p.Ile160Gln	missense	-0.693334046	0.207056016	4.747168386	pathogenic very strong	FALSE	FALSE
I160*	p.Ile160*	nonsense	0.097048184	0.341932443	NA	NA	FALSE	FALSE
E161S	p.Glu161Ser	missense	0.996069729	0.093942956	-0.505629738	benign supporting	FALSE	FALSE
E161A	p.Glu161Ala	missense	1.52394009	0.134252137	NA	NA	FALSE	TRUE
E161V	p.Glu161Val	missense	1.887737128	0.657902575	NA	NA	FALSE	TRUE
E161R	p.Glu161Arg	missense	0.384799399	0.427656962	NA	NA	TRUE	FALSE
E161D	p.Glu161Asp	missense	2.348613871	0.043033071	NA	NA	FALSE	TRUE
E161F	p.Glu161Phe	missense	0.140259387	0.186975661	0.564593096	pathogenic supporting	FALSE	FALSE
E161T	p.Glu161Thr	missense	1.840597835	0.098581878	NA	NA	FALSE	TRUE
E161I	p.Glu161Ile	missense	2.642718177	0.268686174	NA	NA	FALSE	TRUE
E161L	p.Glu161Leu	missense	1.50008768	0.08773032	NA	NA	FALSE	TRUE
E161K	p.Glu161Lys	missense	1.49965467	0.069420011	NA	NA	FALSE	TRUE
E161G	p.Glu161Gly	missense	1.22688061	0.068081565	-0.564849483	benign supporting	FALSE	FALSE
E161Y	p.Glu161Tyr	missense	1.304437589	0.03089614	-0.541874404	benign supporting	FALSE	FALSE
E161N	p.Glu161Asn	missense	0.791399955	0.086731813	-0.282523433	indeterminate	FALSE	FALSE
E161C	p.Glu161Cys	missense	NA	NA	NA	NA	NA	NA
E161P	p.Glu161Pro	missense	0.463615352	0.161560678	NA	NA	TRUE	FALSE
E161E	p.Glu161=	synonymous	0.95446052	0.11100329	NA	NA	FALSE	FALSE
E161M	p.Glu161Met	missense	NA	NA	NA	NA	NA	NA
E161W	p.Glu161Trp	missense	0.70972944	0.051755008	-0.161022334	indeterminate	FALSE	FALSE
E161H	p.Glu161His	missense	NA	NA	NA	NA	NA	NA
E161Q	p.Glu161Gln	missense	1.603787511	0.364394405	NA	NA	FALSE	TRUE
E161*	p.Glu161*	nonsense	0.685370029	0.166514199	NA	NA	FALSE	FALSE
D162S	p.Asp162Ser	missense	1.547559311	0.149484315	NA	NA	FALSE	TRUE
D162A	p.Asp162Ala	missense	0.733369183	0.210787158	-0.196824055	indeterminate	FALSE	FALSE
D162V	p.Asp162Val	missense	0.169176787	0.076494973	0.577974225	pathogenic supporting	FALSE	FALSE
D162R	p.Asp162Arg	missense	-0.210624325	0.174038181	0.672120874	pathogenic moderate	FALSE	FALSE
D162D	p.Asp162=	synonymous	NA	NA	NA	NA	NA	NA
D162F	p.Asp162Phe	missense	0.014770022	0.688686677	NA	NA	TRUE	FALSE
D162T	p.Asp162Thr	missense	1.698822039	0.092257322	NA	NA	FALSE	TRUE
D162I	p.Asp162Ile	missense	-0.356772773	0.218139354	0.995101325	pathogenic moderate	FALSE	FALSE
D162L	p.Asp162Leu	missense	-0.680828989	0.732058464	4.755647784	pathogenic very strong	FALSE	FALSE
D162K	p.Asp162Lys	missense	-0.498032671	0.629844112	1.871335537	pathogenic strong	FALSE	FALSE
D162G	p.Asp162Gly	missense	0.716340833	0.145150712	-0.170448601	indeterminate	FALSE	FALSE
D162Y	p.Asp162Tyr	missense	0.859436164	0.19846756	-0.377227485	benign supporting	FALSE	FALSE
D162N	p.Asp162Asn	missense	0.821379184	0.221460667	-0.325022174	benign supporting	FALSE	FALSE
D162C	p.Asp162Cys	missense	1.185871899	0.105485096	-0.568495041	benign supporting	FALSE	FALSE
D162P	p.Asp162Pro	missense	0.901812424	0.174569841	-0.428315802	benign supporting	FALSE	FALSE
D162E	p.Asp162Glu	missense	1.390879393	0.109666398	-0.489581489	benign supporting	FALSE	FALSE
D162M	p.Asp162Met	missense	NA	NA	NA	NA	NA	NA
D162W	p.Asp162Trp	missense	-0.844464418	0.143009346	4.62007333	pathogenic very strong	FALSE	FALSE
D162H	p.Asp162His	missense	0.46505479	0.767083434	NA	NA	TRUE	FALSE
D162Q	p.Asp162Gln	missense	0.461759853	0.369754789	NA	NA	TRUE	FALSE
D162*	p.Asp162*	nonsense	0.25969862	0.434535838	NA	NA	TRUE	FALSE
H163S	p.His163Ser	missense	1.018454268	0.2230552	-0.520454491	benign supporting	FALSE	FALSE
H163A	p.His163Ala	missense	1.147271897	0.054867909	-0.564388521	benign supporting	FALSE	FALSE
H163V	p.His163Val	missense	0.596447484	0.171714235	NA	NA	TRUE	FALSE
H163R	p.His163Arg	missense	0.791021284	0.401668272	NA	NA	TRUE	FALSE
H163D	p.His163Asp	missense	1.380965463	0.171556299	-0.496701348	benign supporting	FALSE	FALSE
H163F	p.His163Phe	missense	0.66314447	1.319638496	NA	NA	TRUE	FALSE
H163T	p.His163Thr	missense	-0.034808487	0.512459548	0.551403628	pathogenic supporting	FALSE	FALSE
H163I	p.His163Ile	missense	1.237185671	0.162681216	-0.563686682	benign supporting	FALSE	FALSE
H163L	p.His163Leu	missense	0.481212796	0.927255913	NA	NA	TRUE	FALSE
H163K	p.His163Lys	missense	0.86193152	0.453273438	NA	NA	TRUE	FALSE
H163G	p.His163Gly	missense	1.636385356	0.531501315	NA	NA	FALSE	TRUE
H163Y	p.His163Tyr	missense	0.512994104	0.083891325	NA	NA	TRUE	FALSE
H163N	p.His163Asn	missense	1.369051624	0.208725328	-0.504389031	benign supporting	FALSE	FALSE
H163C	p.His163Cys	missense	NA	NA	NA	NA	NA	NA
H163P	p.His163Pro	missense	1.222720558	0.281628568	-0.565203922	benign supporting	FALSE	FALSE
H163E	p.His163Glu	missense	0.095775356	0.162628889	0.549303304	pathogenic supporting	FALSE	FALSE
H163M	p.His163Met	missense	NA	NA	NA	NA	NA	NA
H163W	p.His163Trp	missense	1.032216397	0.552491663	NA	NA	TRUE	FALSE
H163H	p.His163=	synonymous	1.26497347	0.112874987	NA	NA	FALSE	FALSE
H163Q	p.His163Gln	missense	1.226006035	0.210007878	-0.564929411	benign supporting	FALSE	FALSE
H163*	p.His163*	nonsense	0.512597473	0.065052202	NA	NA	TRUE	FALSE
S164S	p.Ser164=	synonymous	0.695972553	0.067818209	NA	NA	FALSE	FALSE
S164A	p.Ser164Ala	missense	0.466839958	0.199819194	NA	NA	TRUE	FALSE
S164V	p.Ser164Val	missense	0.755127327	0.189871535	-0.23024272	indeterminate	FALSE	FALSE
S164R	p.Ser164Arg	missense	0.022823593	0.175014319	0.54376223	pathogenic supporting	FALSE	FALSE
S164D	p.Ser164Asp	missense	-0.719895348	0.127959977	4.727872985	pathogenic very strong	FALSE	FALSE
S164F	p.Ser164Phe	missense	-0.365996539	0.290362028	1.014593147	pathogenic moderate	FALSE	FALSE
S164T	p.Ser164Thr	missense	-0.036557085	0.570004843	NA	NA	TRUE	FALSE
S164I	p.Ser164Ile	missense	-0.265710151	1.409380262	NA	NA	TRUE	FALSE
S164L	p.Ser164Leu	missense	0.022872457	0.365113745	0.543759931	pathogenic supporting	FALSE	FALSE
S164K	p.Ser164Lys	missense	2.05625355	0.089066316	NA	NA	FALSE	TRUE
S164G	p.Ser164Gly	missense	1.362299193	0.068397677	-0.509200177	benign supporting	FALSE	FALSE
S164Y	p.Ser164Tyr	missense	-0.37988162	0.734885567	1.047112482	pathogenic moderate	FALSE	FALSE
S164N	p.Ser164Asn	missense	0.39016216	0.375712459	NA	NA	TRUE	FALSE
S164C	p.Ser164Cys	missense	0.096323081	0.155308126	0.54945491	pathogenic supporting	FALSE	FALSE
S164P	p.Ser164Pro	missense	-1.116604839	0.48132447	4.349038303	pathogenic very strong	FALSE	FALSE
S164E	p.Ser164Glu	missense	-1.425533378	0.229865305	4.011617713	pathogenic very strong	FALSE	FALSE
S164M	p.Ser164Met	missense	-0.214922567	0.165279034	0.678013668	pathogenic moderate	FALSE	FALSE
S164W	p.Ser164Trp	missense	-0.905162105	0.148693216	4.564891943	pathogenic very strong	FALSE	FALSE
S164H	p.Ser164His	missense	0.588739276	0.282521215	NA	NA	TRUE	FALSE
S164Q	p.Ser164Gln	missense	0.644352033	0.087330645	-0.053971515	indeterminate	FALSE	FALSE
S164*	p.Ser164*	nonsense	-1.067481162	0.209351532	NA	NA	FALSE	FALSE
G165S	p.Gly165Ser	missense	1.448762474	0.088808241	-0.435108106	benign supporting	FALSE	FALSE
G165A	p.Gly165Ala	missense	-0.374587896	0.112772066	1.034225902	pathogenic moderate	FALSE	FALSE
G165V	p.Gly165Val	missense	0.855783964	0.178774059	-0.372701861	benign supporting	FALSE	FALSE
G165R	p.Gly165Arg	missense	NA	NA	NA	NA	NA	NA
G165D	p.Gly165Asp	missense	1.026017281	0.334248015	-0.525077121	benign supporting	FALSE	FALSE
G165F	p.Gly165Phe	missense	1.31208214	0.30463961	-0.537776114	benign supporting	FALSE	FALSE
G165T	p.Gly165Thr	missense	1.987675473	0.810038344	NA	NA	FALSE	TRUE
G165I	p.Gly165Ile	missense	1.259116887	0.310773588	-0.559791673	benign supporting	FALSE	FALSE
G165L	p.Gly165Leu	missense	1.801655343	0.925239266	NA	NA	FALSE	TRUE
G165K	p.Gly165Lys	missense	NA	NA	NA	NA	NA	NA
G165G	p.Gly165=	synonymous	0.64203474	0.143671823	NA	NA	TRUE	FALSE
G165Y	p.Gly165Tyr	missense	1.108125257	0.166356133	-0.559705755	benign supporting	FALSE	FALSE
G165N	p.Gly165Asn	missense	2.949865442	0.150001426	NA	NA	FALSE	TRUE
G165C	p.Gly165Cys	missense	0.697242464	0.145491734	-0.142301515	indeterminate	FALSE	FALSE
G165P	p.Gly165Pro	missense	-0.79149839	0.889523735	4.665567269	pathogenic very strong	FALSE	FALSE
G165E	p.Gly165Glu	missense	NA	NA	NA	NA	NA	NA
G165M	p.Gly165Met	missense	0.913014646	0.07218083	-0.440273884	benign supporting	FALSE	FALSE
G165W	p.Gly165Trp	missense	0.484343364	0.141735258	NA	NA	TRUE	FALSE
G165H	p.Gly165His	missense	NA	NA	NA	NA	NA	NA
G165Q	p.Gly165Gln	missense	NA	NA	NA	NA	NA	NA
G165*	p.Gly165*	nonsense	-0.033716172	0.182228621	NA	NA	FALSE	FALSE
N166S	p.Asn166Ser	missense	-0.104443562	0.696029811	NA	NA	TRUE	FALSE
N166A	p.Asn166Ala	missense	0.782629222	0.087375454	-0.270261682	indeterminate	FALSE	FALSE
N166V	p.Asn166Val	missense	0.096447277	0.20545884	0.54948941	pathogenic supporting	FALSE	FALSE
N166R	p.Asn166Arg	missense	0.096666317	0.711092669	NA	NA	TRUE	FALSE
N166D	p.Asn166Asp	missense	-0.341294145	0.738048328	0.965587429	pathogenic moderate	FALSE	FALSE
N166F	p.Asn166Phe	missense	0.55632004	0.05847843	NA	NA	TRUE	FALSE
N166T	p.Asn166Thr	missense	-0.087685645	0.529397621	0.568001064	pathogenic supporting	FALSE	FALSE
N166I	p.Asn166Ile	missense	0.597889338	0.119795748	NA	NA	TRUE	FALSE
N166L	p.Asn166Leu	missense	0.209863835	0.24611631	0.584565718	pathogenic supporting	FALSE	FALSE
N166K	p.Asn166Lys	missense	0.723592862	0.175112906	-0.181512163	indeterminate	FALSE	FALSE
N166G	p.Asn166Gly	missense	0.507945678	0.584786486	NA	NA	TRUE	FALSE
N166Y	p.Asn166Tyr	missense	-0.111472302	0.585104848	0.579024646	pathogenic supporting	FALSE	FALSE
N166N	p.Asn166=	synonymous	1.207575585	0.181588089	NA	NA	FALSE	FALSE
N166C	p.Asn166Cys	missense	-0.08149658	0.075231514	0.565521885	pathogenic supporting	FALSE	FALSE
N166P	p.Asn166Pro	missense	NA	NA	NA	NA	NA	NA
N166E	p.Asn166Glu	missense	-0.33554848	0.163714383	0.955531404	pathogenic moderate	FALSE	FALSE
N166M	p.Asn166Met	missense	-1.094958889	0.271719281	4.376734147	pathogenic very strong	FALSE	FALSE
N166W	p.Asn166Trp	missense	2.293405714	0.066438415	NA	NA	FALSE	TRUE
N166H	p.Asn166His	missense	NA	NA	NA	NA	NA	NA
N166Q	p.Asn166Gln	missense	0.21848431	0.088053686	0.584010921	pathogenic supporting	FALSE	FALSE
N166*	p.Asn166*	nonsense	-0.573955034	0.183281906	NA	NA	FALSE	FALSE
G167S	p.Gly167Ser	missense	-1.404642181	0.830086553	4.02144847	pathogenic very strong	FALSE	FALSE
G167A	p.Gly167Ala	missense	0.314700255	0.185064831	0.484964706	pathogenic supporting	FALSE	FALSE
G167V	p.Gly167Val	missense	0.867309635	0.379194172	NA	NA	TRUE	FALSE
G167R	p.Gly167Arg	missense	0.335881835	1.060851725	NA	NA	TRUE	FALSE
G167D	p.Gly167Asp	missense	-0.943596547	0.293178109	4.52990131	pathogenic very strong	FALSE	FALSE
G167F	p.Gly167Phe	missense	NA	NA	NA	NA	NA	NA
G167T	p.Gly167Thr	missense	0.360517031	0.991650861	NA	NA	TRUE	FALSE
G167I	p.Gly167Ile	missense	NA	NA	NA	NA	NA	NA
G167L	p.Gly167Leu	missense	-0.965295002	0.635294048	4.507759202	pathogenic very strong	FALSE	FALSE
G167K	p.Gly167Lys	missense	NA	NA	NA	NA	NA	NA
G167G	p.Gly167=	synonymous	0.609641494	0.143138066	NA	NA	TRUE	FALSE
G167Y	p.Gly167Tyr	missense	NA	NA	NA	NA	NA	NA
G167N	p.Gly167Asn	missense	NA	NA	NA	NA	NA	NA
G167C	p.Gly167Cys	missense	-0.83621887	0.361783308	4.627561312	pathogenic very strong	FALSE	FALSE
G167P	p.Gly167Pro	missense	NA	NA	NA	NA	NA	NA
G167E	p.Gly167Glu	missense	0.549518751	0.557977444	NA	NA	TRUE	FALSE
G167M	p.Gly167Met	missense	NA	NA	NA	NA	NA	NA
G167W	p.Gly167Trp	missense	-0.177672211	0.198788832	0.632934467	pathogenic supporting	FALSE	FALSE
G167H	p.Gly167His	missense	-0.859073863	1.113405635	4.60621913	pathogenic very strong	FALSE	FALSE
G167Q	p.Gly167Gln	missense	-0.733045057	0.389862083	4.717624433	pathogenic very strong	FALSE	FALSE
G167*	p.Gly167*	nonsense	-0.18852767	2.502400333	NA	NA	TRUE	FALSE
T168S	p.Thr168Ser	missense	1.21492262	0.198808934	-0.566306602	benign supporting	FALSE	FALSE
T168A	p.Thr168Ala	missense	0.003860535	0.33958874	0.545176086	pathogenic supporting	FALSE	FALSE
T168V	p.Thr168Val	missense	0.46110789	0.330124617	NA	NA	TRUE	FALSE
T168R	p.Thr168Arg	missense	-0.098962134	0.430589037	0.572921839	pathogenic supporting	FALSE	FALSE
T168D	p.Thr168Asp	missense	-0.473678358	0.238359736	1.494919999	pathogenic strong	FALSE	FALSE
T168F	p.Thr168Phe	missense	-1.272391742	0.419712603	4.160223399	pathogenic very strong	FALSE	FALSE
T168T	p.Thr168=	synonymous	0.863775779	0.081356387	NA	NA	FALSE	FALSE
T168I	p.Thr168Ile	missense	-0.291457648	0.156532215	0.830175847	pathogenic moderate	FALSE	FALSE
T168L	p.Thr168Leu	missense	1.059223153	0.452820608	-0.543208437	benign supporting	FALSE	FALSE
T168K	p.Thr168Lys	missense	-0.443532458	1.160409501	NA	NA	TRUE	FALSE
T168G	p.Thr168Gly	missense	-0.629863532	0.384372197	4.786642815	pathogenic very strong	FALSE	FALSE
T168Y	p.Thr168Tyr	missense	-1.516276878	0.279300873	3.960315645	pathogenic very strong	FALSE	FALSE
T168N	p.Thr168Asn	missense	0.262770269	1.067275236	NA	NA	TRUE	FALSE
T168C	p.Thr168Cys	missense	-0.805874095	0.502526457	4.653234665	pathogenic very strong	FALSE	FALSE
T168P	p.Thr168Pro	missense	-0.000860927	0.521964632	NA	NA	TRUE	FALSE
T168E	p.Thr168Glu	missense	NA	NA	NA	NA	NA	NA
T168M	p.Thr168Met	missense	-0.355337825	0.301692921	0.992204381	pathogenic moderate	FALSE	FALSE
T168W	p.Thr168Trp	missense	-0.654691153	0.184516443	4.772224633	pathogenic very strong	FALSE	FALSE
T168H	p.Thr168His	missense	1.074915592	0.224195576	-0.550603278	benign supporting	FALSE	FALSE
T168Q	p.Thr168Gln	missense	-0.128925312	0.110922107	0.590150989	pathogenic supporting	FALSE	FALSE
T168*	p.Thr168*	nonsense	-2.419994145	0.634983226	NA	NA	FALSE	FALSE
F169S	p.Phe169Ser	missense	0.2881005	0.755821838	NA	NA	TRUE	FALSE
F169A	p.Phe169Ala	missense	-0.526148548	0.297262136	4.8350431	pathogenic very strong	FALSE	FALSE
F169V	p.Phe169Val	missense	-0.136381054	0.093027358	0.595736703	pathogenic supporting	FALSE	FALSE
F169R	p.Phe169Arg	missense	-0.521994308	0.39587517	4.83663292	pathogenic very strong	FALSE	FALSE
F169D	p.Phe169Asp	missense	-0.218147569	0.081297842	0.68257006	pathogenic moderate	FALSE	FALSE
F169F	p.Phe169=	synonymous	1.540193298	0.877401675	NA	NA	FALSE	TRUE
F169T	p.Phe169Thr	missense	-0.258402615	0.132388369	0.751152242	pathogenic moderate	FALSE	FALSE
F169I	p.Phe169Ile	missense	2.058741697	0.029623513	NA	NA	FALSE	TRUE
F169L	p.Phe169Leu	missense	1.236060314	0.100904872	-0.563833744	benign supporting	FALSE	FALSE
F169K	p.Phe169Lys	missense	-1.385910232	1.012281524	4.030496334	pathogenic very strong	FALSE	FALSE
F169G	p.Phe169Gly	missense	0.296878031	0.105275285	0.502812372	pathogenic supporting	FALSE	FALSE
F169Y	p.Phe169Tyr	missense	0.515848989	0.076742404	NA	NA	TRUE	FALSE
F169N	p.Phe169Asn	missense	0.345267968	0.092627073	0.444271063	pathogenic supporting	FALSE	FALSE
F169C	p.Phe169Cys	missense	0.284968875	0.047209926	0.516574945	pathogenic supporting	FALSE	FALSE
F169P	p.Phe169Pro	missense	-0.751431385	0.245029775	4.702452231	pathogenic very strong	FALSE	FALSE
F169E	p.Phe169Glu	missense	-0.24626115	0.120427033	0.727889481	pathogenic moderate	FALSE	FALSE
F169M	p.Phe169Met	missense	0.889166284	0.42953276	NA	NA	TRUE	FALSE
F169W	p.Phe169Trp	missense	0.8186218	0.041855665	-0.321272178	benign supporting	FALSE	FALSE
F169H	p.Phe169His	missense	-0.759005808	0.226120854	4.695898251	pathogenic very strong	FALSE	FALSE
F169Q	p.Phe169Gln	missense	-0.543881092	0.102854323	4.82797788	pathogenic very strong	FALSE	FALSE
F169*	p.Phe169*	nonsense	1.724768886	0.042120565	NA	NA	FALSE	TRUE
V170S	p.Val170Ser	missense	1.528378684	0.12750473	NA	NA	FALSE	TRUE
V170A	p.Val170Ala	missense	1.671819278	0.228626905	NA	NA	FALSE	TRUE
V170V	p.Val170=	synonymous	0.643226593	0.167060859	NA	NA	TRUE	FALSE
V170R	p.Val170Arg	missense	-0.205461195	0.437646396	0.665302529	pathogenic moderate	FALSE	FALSE
V170D	p.Val170Asp	missense	-0.417827688	0.126835602	1.162867988	pathogenic moderate	FALSE	FALSE
V170F	p.Val170Phe	missense	1.392767692	0.052467944	-0.488146218	benign supporting	FALSE	FALSE
V170T	p.Val170Thr	missense	0.376574097	0.606991645	NA	NA	TRUE	FALSE
V170I	p.Val170Ile	missense	1.005521622	0.105088147	-0.512102953	benign supporting	FALSE	FALSE
V170L	p.Val170Leu	missense	0.351372942	0.94176339	NA	NA	TRUE	FALSE
V170K	p.Val170Lys	missense	1.301531272	0.254907262	-0.54334815	benign supporting	FALSE	FALSE
V170G	p.Val170Gly	missense	-0.834261338	0.17817086	4.629305356	pathogenic very strong	FALSE	FALSE
V170Y	p.Val170Tyr	missense	1.157557061	0.289117507	-0.56572536	benign supporting	FALSE	FALSE
V170N	p.Val170Asn	missense	-0.280405447	0.139416738	0.80074477	pathogenic moderate	FALSE	FALSE
V170C	p.Val170Cys	missense	0.660219782	0.130294629	-0.079957143	indeterminate	FALSE	FALSE
V170P	p.Val170Pro	missense	NA	NA	NA	NA	NA	NA
V170E	p.Val170Glu	missense	-0.148252449	0.130618834	0.60529326	pathogenic supporting	FALSE	FALSE
V170M	p.Val170Met	missense	1.230492709	1.419690828	NA	NA	TRUE	FALSE
V170W	p.Val170Trp	missense	0.994318473	0.10631838	-0.504395064	benign supporting	FALSE	FALSE
V170H	p.Val170His	missense	1.558869147	0.093355277	NA	NA	FALSE	TRUE
V170Q	p.Val170Gln	missense	0.862209657	0.13707123	-0.380612455	benign supporting	FALSE	FALSE
V170*	p.Val170*	nonsense	1.523666037	0.129577338	NA	NA	FALSE	TRUE
N171S	p.Asn171Ser	missense	1.428677168	0.164520822	-0.455311538	benign supporting	FALSE	FALSE
N171A	p.Asn171Ala	missense	1.484298958	0.089224773	NA	NA	FALSE	TRUE
N171V	p.Asn171Val	missense	-0.743574309	0.154875552	4.709060434	pathogenic very strong	FALSE	FALSE
N171R	p.Asn171Arg	missense	1.010526727	0.088437216	-0.515403184	benign supporting	FALSE	FALSE
N171D	p.Asn171Asp	missense	0.51846645	0.133722766	NA	NA	TRUE	FALSE
N171F	p.Asn171Phe	missense	0.472891395	0.066731166	NA	NA	TRUE	FALSE
N171T	p.Asn171Thr	missense	0.919811316	0.053829776	-0.446491795	benign supporting	FALSE	FALSE
N171I	p.Asn171Ile	missense	0.82478384	0.775183956	NA	NA	TRUE	FALSE
N171L	p.Asn171Leu	missense	0.410387939	0.105445617	NA	NA	TRUE	FALSE
N171K	p.Asn171Lys	missense	1.254894345	0.085085964	-0.560698174	benign supporting	FALSE	FALSE
N171G	p.Asn171Gly	missense	0.894231003	0.164116766	-0.419672844	benign supporting	FALSE	FALSE
N171Y	p.Asn171Tyr	missense	0.660144342	0.12404788	-0.079838516	indeterminate	FALSE	FALSE
N171N	p.Asn171=	synonymous	NA	NA	NA	NA	NA	NA
N171C	p.Asn171Cys	missense	1.176004756	0.133238695	-0.567215887	benign supporting	FALSE	FALSE
N171P	p.Asn171Pro	missense	-0.915876381	0.768191399	4.555635563	pathogenic very strong	FALSE	FALSE
N171E	p.Asn171Glu	missense	1.274491752	0.071562534	-0.55559551	benign supporting	FALSE	FALSE
N171M	p.Asn171Met	missense	1.127871529	0.053136484	-0.562534164	benign supporting	FALSE	FALSE
N171W	p.Asn171Trp	missense	-0.018320488	0.060302997	0.548182442	pathogenic supporting	FALSE	FALSE
N171H	p.Asn171His	missense	0.814288564	0.073430805	-0.315414492	indeterminate	FALSE	FALSE
N171Q	p.Asn171Gln	missense	1.051571508	0.054239536	-0.539334294	benign supporting	FALSE	FALSE
N171*	p.Asn171*	nonsense	-0.016917114	0.103236189	NA	NA	FALSE	FALSE
T172S	p.Thr172Ser	missense	0.274307632	0.111813813	0.530296978	pathogenic supporting	FALSE	FALSE
T172A	p.Thr172Ala	missense	0.313474166	0.466424981	NA	NA	TRUE	FALSE
T172V	p.Thr172Val	missense	1.375838988	0.147932602	-0.500121106	benign supporting	FALSE	FALSE
T172R	p.Thr172Arg	missense	0.87061546	0.137568598	-0.390788582	benign supporting	FALSE	FALSE
T172D	p.Thr172Asp	missense	0.149461531	0.075503876	0.568541227	pathogenic supporting	FALSE	FALSE
T172F	p.Thr172Phe	missense	1.577166854	0.070275297	NA	NA	FALSE	TRUE
T172T	p.Thr172=	synonymous	0.991326126	0.052888958	NA	NA	FALSE	FALSE
T172I	p.Thr172Ile	missense	0.745786055	0.122038765	-0.216350626	indeterminate	FALSE	FALSE
T172L	p.Thr172Leu	missense	1.511204868	0.117614761	NA	NA	FALSE	TRUE
T172K	p.Thr172Lys	missense	3.318431886	0.61298429	NA	NA	FALSE	TRUE
T172G	p.Thr172Gly	missense	0.123809646	0.193964683	0.558222464	pathogenic supporting	FALSE	FALSE
T172Y	p.Thr172Tyr	missense	1.416859692	0.03644813	-0.467372781	benign supporting	FALSE	FALSE
T172N	p.Thr172Asn	missense	NA	NA	NA	NA	NA	NA
T172C	p.Thr172Cys	missense	1.306086367	0.070150603	-0.541017932	benign supporting	FALSE	FALSE
T172P	p.Thr172Pro	missense	1.12902779	0.099161298	-0.562657072	benign supporting	FALSE	FALSE
T172E	p.Thr172Glu	missense	-0.220702439	0.216904186	0.686264778	pathogenic moderate	FALSE	FALSE
T172M	p.Thr172Met	missense	1.240452605	0.035631869	-0.563231352	benign supporting	FALSE	FALSE
T172W	p.Thr172Trp	missense	0.564928782	0.065940972	NA	NA	TRUE	FALSE
T172H	p.Thr172His	missense	0.390559397	0.055478559	0.377149968	pathogenic supporting	FALSE	FALSE
T172Q	p.Thr172Gln	missense	3.439775286	0.129039109	NA	NA	FALSE	TRUE
T172*	p.Thr172*	nonsense	1.308437994	0.113597948	NA	NA	FALSE	FALSE
E173S	p.Glu173Ser	missense	0.835266129	0.329191574	-0.345391351	benign supporting	FALSE	FALSE
E173A	p.Glu173Ala	missense	0.999694028	0.108777755	-0.508149617	benign supporting	FALSE	FALSE
E173V	p.Glu173Val	missense	1.051917451	0.08633689	-0.539513301	benign supporting	FALSE	FALSE
E173R	p.Glu173Arg	missense	0.014066257	0.248576276	0.54428527	pathogenic supporting	FALSE	FALSE
E173D	p.Glu173Asp	missense	1.222510885	0.749483531	NA	NA	TRUE	FALSE
E173F	p.Glu173Phe	missense	1.423413015	0.221987983	-0.460851499	benign supporting	FALSE	FALSE
E173T	p.Glu173Thr	missense	-0.268926347	0.306662993	0.773544791	pathogenic moderate	FALSE	FALSE
E173I	p.Glu173Ile	missense	2.4691484	0.104011071	NA	NA	FALSE	TRUE
E173L	p.Glu173Leu	missense	1.480782472	0.060561819	NA	NA	FALSE	TRUE
E173K	p.Glu173Lys	missense	0.996087072	0.169082641	-0.505641909	benign supporting	FALSE	FALSE
E173G	p.Glu173Gly	missense	1.817890679	0.037674074	NA	NA	FALSE	TRUE
E173Y	p.Glu173Tyr	missense	3.279244267	0.036539291	NA	NA	FALSE	TRUE
E173N	p.Glu173Asn	missense	0.786890423	0.302111024	NA	NA	TRUE	FALSE
E173C	p.Glu173Cys	missense	2.248411013	0.040339004	NA	NA	FALSE	TRUE
E173P	p.Glu173Pro	missense	-0.634686069	0.58627746	4.78393798	pathogenic very strong	FALSE	FALSE
E173E	p.Glu173=	synonymous	1.301658238	0.041443072	NA	NA	FALSE	FALSE
E173M	p.Glu173Met	missense	0.844501713	0.052517904	-0.358208915	benign supporting	FALSE	FALSE
E173W	p.Glu173Trp	missense	1.30997639	0.075679252	-0.538937666	benign supporting	FALSE	FALSE
E173H	p.Glu173His	missense	1.430280044	0.10804188	-0.453568902	benign supporting	FALSE	FALSE
E173Q	p.Glu173Gln	missense	0.813112111	0.055102952	-0.313805101	indeterminate	FALSE	FALSE
E173*	p.Glu173*	nonsense	0.596935724	0.117304827	NA	NA	TRUE	FALSE
L174S	p.Leu174Ser	missense	0.62820489	0.400264618	NA	NA	TRUE	FALSE
L174A	p.Leu174Ala	missense	1.292979147	0.071275664	-0.5474254	benign supporting	FALSE	FALSE
L174V	p.Leu174Val	missense	1.016416319	0.044027311	-0.519176275	benign supporting	FALSE	FALSE
L174R	p.Leu174Arg	missense	0.572695829	0.058602357	0.075900006	indeterminate	FALSE	FALSE
L174D	p.Leu174Asp	missense	0.940241863	0.11867608	-0.463918512	benign supporting	FALSE	FALSE
L174F	p.Leu174Phe	missense	1.200117675	0.045676511	-0.568271509	benign supporting	FALSE	FALSE
L174T	p.Leu174Thr	missense	-0.392662973	0.137428095	1.081060377	pathogenic moderate	FALSE	FALSE
L174I	p.Leu174Ile	missense	0.882685076	0.20837614	-0.405939743	benign supporting	FALSE	FALSE
L174L	p.Leu174=	synonymous	0.807475624	0.545731057	NA	NA	TRUE	FALSE
L174K	p.Leu174Lys	missense	0.747777978	0.06690893	-0.219367947	indeterminate	FALSE	FALSE
L174G	p.Leu174Gly	missense	1.306905164	0.061366028	-0.540587051	benign supporting	FALSE	FALSE
L174Y	p.Leu174Tyr	missense	0.123381738	0.101471149	0.558068216	pathogenic supporting	FALSE	FALSE
L174N	p.Leu174Asn	missense	0.69104316	1.204874484	NA	NA	TRUE	FALSE
L174C	p.Leu174Cys	missense	0.021076689	0.256756226	0.543848915	pathogenic supporting	FALSE	FALSE
L174P	p.Leu174Pro	missense	0.581833785	0.119257002	NA	NA	TRUE	FALSE
L174E	p.Leu174Glu	missense	0.732635914	0.064831264	-0.195630396	indeterminate	FALSE	FALSE
L174M	p.Leu174Met	missense	0.263797887	0.1871283	0.545263248	pathogenic supporting	FALSE	FALSE
L174W	p.Leu174Trp	missense	1.229697671	0.091687357	-0.564572271	benign supporting	FALSE	FALSE
L174H	p.Leu174His	missense	0.807254215	1.109497178	NA	NA	TRUE	FALSE
L174Q	p.Leu174Gln	missense	0.479617014	0.095715021	NA	NA	TRUE	FALSE
L174*	p.Leu174*	nonsense	0.263162691	0.159714899	NA	NA	FALSE	FALSE
V175S	p.Val175Ser	missense	1.126278773	0.153917486	-0.562357034	benign supporting	FALSE	FALSE
V175A	p.Val175Ala	missense	-0.124702663	0.500709063	0.587122461	pathogenic supporting	FALSE	FALSE
V175V	p.Val175=	synonymous	1.095824447	0.20617284	NA	NA	FALSE	FALSE
V175R	p.Val175Arg	missense	-0.321247356	0.30042169	0.932347772	pathogenic moderate	FALSE	FALSE
V175D	p.Val175Asp	missense	-0.760549195	0.19233107	4.694540083	pathogenic very strong	FALSE	FALSE
V175F	p.Val175Phe	missense	0.608530456	0.066930983	0.006311225	indeterminate	FALSE	FALSE
V175T	p.Val175Thr	missense	-1.068098985	0.749388393	4.407740618	pathogenic very strong	FALSE	FALSE
V175I	p.Val175Ile	missense	1.027745751	0.172147976	-0.526107155	benign supporting	FALSE	FALSE
V175L	p.Val175Leu	missense	0.517915672	0.367519324	NA	NA	TRUE	FALSE
V175K	p.Val175Lys	missense	-1.080863712	0.871053396	4.393434335	pathogenic very strong	FALSE	FALSE
V175G	p.Val175Gly	missense	0.264048112	0.4478916	NA	NA	TRUE	FALSE
V175Y	p.Val175Tyr	missense	-0.813218182	0.177993585	4.647279343	pathogenic very strong	FALSE	FALSE
V175N	p.Val175Asn	missense	-0.519101643	1.193620353	NA	NA	TRUE	FALSE
V175C	p.Val175Cys	missense	1.11130489	0.056149817	-0.560253393	benign supporting	FALSE	FALSE
V175P	p.Val175Pro	missense	-1.063258952	0.254511526	4.412974851	pathogenic very strong	FALSE	FALSE
V175E	p.Val175Glu	missense	-1.094880496	0.209351482	4.376829799	pathogenic very strong	FALSE	FALSE
V175M	p.Val175Met	missense	1.327773512	0.084260227	-0.530100881	benign supporting	FALSE	FALSE
V175W	p.Val175Trp	missense	-0.53473632	0.533710633	4.831678509	pathogenic very strong	FALSE	FALSE
V175H	p.Val175His	missense	NA	NA	NA	NA	NA	NA
V175Q	p.Val175Gln	missense	NA	NA	NA	NA	NA	NA
V175*	p.Val175*	nonsense	-0.237365317	0.464473774	NA	NA	FALSE	FALSE
G176S	p.Gly176Ser	missense	1.196646914	0.345560323	-0.568606333	benign supporting	FALSE	FALSE
G176A	p.Gly176Ala	missense	0.962920968	0.117789531	-0.481224078	benign supporting	FALSE	FALSE
G176V	p.Gly176Val	missense	0.817409278	0.142853082	-0.31964408	benign supporting	FALSE	FALSE
G176R	p.Gly176Arg	missense	1.224873241	0.10692931	-0.565028642	benign supporting	FALSE	FALSE
G176D	p.Gly176Asp	missense	0.104262106	1.331476797	NA	NA	TRUE	FALSE
G176F	p.Gly176Phe	missense	1.601218893	0.08774332	NA	NA	FALSE	TRUE
G176T	p.Gly176Thr	missense	0.436828927	0.118308603	NA	NA	TRUE	FALSE
G176I	p.Gly176Ile	missense	NA	NA	NA	NA	NA	NA
G176L	p.Gly176Leu	missense	-0.122028629	0.336844046	0.585253544	pathogenic supporting	FALSE	FALSE
G176K	p.Gly176Lys	missense	0.961891822	0.312082008	-0.480482187	benign supporting	FALSE	FALSE
G176G	p.Gly176=	synonymous	1.204530041	0.098284331	NA	NA	FALSE	FALSE
G176Y	p.Gly176Tyr	missense	1.20199818	0.052247287	-0.568070451	benign supporting	FALSE	FALSE
G176N	p.Gly176Asn	missense	-0.998924967	0.28564634	4.474007976	pathogenic very strong	FALSE	FALSE
G176C	p.Gly176Cys	missense	-0.404247923	0.362802729	1.115893254	pathogenic moderate	FALSE	FALSE
G176P	p.Gly176Pro	missense	1.521070083	0.142278071	NA	NA	FALSE	TRUE
G176E	p.Gly176Glu	missense	0.784208965	0.072934956	-0.272497012	indeterminate	FALSE	FALSE
G176M	p.Gly176Met	missense	1.338761563	0.059579809	-0.524222242	benign supporting	FALSE	FALSE
G176W	p.Gly176Trp	missense	0.178435672	0.12760945	0.58357061	pathogenic supporting	FALSE	FALSE
G176H	p.Gly176His	missense	0.430326618	0.087535055	NA	NA	TRUE	FALSE
G176Q	p.Gly176Gln	missense	0.708077722	0.080991476	-0.158616551	indeterminate	FALSE	FALSE
G176*	p.Gly176*	nonsense	-0.543132615	0.300356359	NA	NA	FALSE	FALSE
K177S	p.Lys177Ser	missense	0.637637801	0.119502034	-0.042401194	indeterminate	FALSE	FALSE
K177A	p.Lys177Ala	missense	0.452746802	0.38889951	NA	NA	TRUE	FALSE
K177V	p.Lys177Val	missense	0.234784635	0.211587136	0.568722973	pathogenic supporting	FALSE	FALSE
K177R	p.Lys177Arg	missense	1.243634177	0.234506541	-0.562746869	benign supporting	FALSE	FALSE
K177D	p.Lys177Asp	missense	1.595812349	0.122362762	NA	NA	FALSE	TRUE
K177F	p.Lys177Phe	missense	NA	NA	NA	NA	NA	NA
K177T	p.Lys177Thr	missense	0.712987668	0.265446445	NA	NA	TRUE	FALSE
K177I	p.Lys177Ile	missense	1.04281295	0.036642669	-0.534679291	benign supporting	FALSE	FALSE
K177L	p.Lys177Leu	missense	1.039677749	0.26132531	-0.532954972	benign supporting	FALSE	FALSE
K177K	p.Lys177=	synonymous	1.176664889	0.135860593	NA	NA	FALSE	FALSE
K177G	p.Lys177Gly	missense	1.249596607	0.144065995	-0.561727841	benign supporting	FALSE	FALSE
K177Y	p.Lys177Tyr	missense	3.406264903	0.015771112	NA	NA	FALSE	TRUE
K177N	p.Lys177Asn	missense	1.639991389	0.100710815	NA	NA	FALSE	TRUE
K177C	p.Lys177Cys	missense	1.351501253	0.032992265	-0.516525818	benign supporting	FALSE	FALSE
K177P	p.Lys177Pro	missense	0.571966178	0.095576317	NA	NA	TRUE	FALSE
K177E	p.Lys177Glu	missense	0.611720717	0.131779917	NA	NA	TRUE	FALSE
K177M	p.Lys177Met	missense	0.800335428	0.051809684	-0.295774665	indeterminate	FALSE	FALSE
K177W	p.Lys177Trp	missense	1.593854235	0.038352024	NA	NA	FALSE	TRUE
K177H	p.Lys177His	missense	1.973894707	0.025394991	NA	NA	FALSE	TRUE
K177Q	p.Lys177Gln	missense	0.947856144	0.15513329	-0.469957013	benign supporting	FALSE	FALSE
K177*	p.Lys177*	nonsense	0.653871085	0.179949956	NA	NA	TRUE	FALSE
G178S	p.Gly178Ser	missense	1.990967127	0.155533903	NA	NA	FALSE	TRUE
G178A	p.Gly178Ala	missense	1.512054188	0.4546447	NA	NA	FALSE	TRUE
G178V	p.Gly178Val	missense	1.340849026	0.337417006	-0.523027831	benign supporting	FALSE	FALSE
G178R	p.Gly178Arg	missense	1.392636617	0.514735725	-0.48824669	benign supporting	FALSE	FALSE
G178D	p.Gly178Asp	missense	0.625825576	0.071341705	-0.023653533	indeterminate	FALSE	FALSE
G178F	p.Gly178Phe	missense	0.174106245	0.188853983	0.580548956	pathogenic supporting	FALSE	FALSE
G178T	p.Gly178Thr	missense	-0.069918774	0.486444503	0.561285868	pathogenic supporting	FALSE	FALSE
G178I	p.Gly178Ile	missense	2.130889599	0.135036734	NA	NA	FALSE	TRUE
G178L	p.Gly178Leu	missense	1.332313947	0.22673075	-0.527753441	benign supporting	FALSE	FALSE
G178K	p.Gly178Lys	missense	-0.150531457	0.425381267	0.607225854	pathogenic supporting	FALSE	FALSE
G178G	p.Gly178=	synonymous	0.984397855	0.484801392	NA	NA	TRUE	FALSE
G178Y	p.Gly178Tyr	missense	0.166732578	0.10360708	0.576730349	pathogenic supporting	FALSE	FALSE
G178N	p.Gly178Asn	missense	0.503275143	1.087400973	NA	NA	TRUE	FALSE
G178C	p.Gly178Cys	missense	1.466439923	0.050347844	NA	NA	FALSE	TRUE
G178P	p.Gly178Pro	missense	1.545885407	0.153395603	NA	NA	FALSE	TRUE
G178E	p.Gly178Glu	missense	1.252632342	0.459251574	-0.56115232	benign supporting	FALSE	FALSE
G178M	p.Gly178Met	missense	0.418796339	0.499346273	NA	NA	TRUE	FALSE
G178W	p.Gly178Trp	missense	1.224054157	0.070827368	-0.565097383	benign supporting	FALSE	FALSE
G178H	p.Gly178His	missense	1.138579789	0.055075781	-0.563488088	benign supporting	FALSE	FALSE
G178Q	p.Gly178Gln	missense	1.70958464	0.139591412	NA	NA	FALSE	TRUE
G178*	p.Gly178*	nonsense	-0.07796352	1.011974882	NA	NA	TRUE	FALSE
K179S	p.Lys179Ser	missense	1.017019689	0.286600736	-0.519556169	benign supporting	FALSE	FALSE
K179A	p.Lys179Ala	missense	0.563849046	0.462384917	NA	NA	TRUE	FALSE
K179V	p.Lys179Val	missense	0.768357325	0.167482304	-0.249287244	indeterminate	FALSE	FALSE
K179R	p.Lys179Arg	missense	-0.41740598	0.162015328	1.161292832	pathogenic moderate	FALSE	FALSE
K179D	p.Lys179Asp	missense	0.463638981	0.125025166	NA	NA	TRUE	FALSE
K179F	p.Lys179Phe	missense	0.584306635	0.053222845	0.053446417	indeterminate	FALSE	FALSE
K179T	p.Lys179Thr	missense	0.84177722	0.266913335	-0.354587543	benign supporting	FALSE	FALSE
K179I	p.Lys179Ile	missense	0.647747742	0.067958395	-0.059714284	indeterminate	FALSE	FALSE
K179L	p.Lys179Leu	missense	0.885278577	0.201082087	-0.409086956	benign supporting	FALSE	FALSE
K179K	p.Lys179=	synonymous	1.037716697	0.070774014	NA	NA	FALSE	FALSE
K179G	p.Lys179Gly	missense	-1.239076593	0.74534019	4.188619914	pathogenic very strong	FALSE	FALSE
K179Y	p.Lys179Tyr	missense	0.571809186	0.195463703	NA	NA	TRUE	FALSE
K179N	p.Lys179Asn	missense	1.782525612	0.076763397	NA	NA	FALSE	TRUE
K179C	p.Lys179Cys	missense	NA	NA	NA	NA	NA	NA
K179P	p.Lys179Pro	missense	NA	NA	NA	NA	NA	NA
K179E	p.Lys179Glu	missense	-0.163958814	1.434567691	NA	NA	TRUE	FALSE
K179M	p.Lys179Met	missense	-0.670347342	0.88884063	4.762476177	pathogenic very strong	FALSE	FALSE
K179W	p.Lys179Trp	missense	0.836765506	1.131751289	NA	NA	TRUE	FALSE
K179H	p.Lys179His	missense	NA	NA	NA	NA	NA	NA
K179Q	p.Lys179Gln	missense	-0.747361956	0.236365813	4.705898576	pathogenic very strong	FALSE	FALSE
K179*	p.Lys179*	nonsense	0.779412826	0.812102148	NA	NA	TRUE	FALSE
R180S	p.Arg180Ser	missense	1.915793195	0.204871283	NA	NA	FALSE	TRUE
R180A	p.Arg180Ala	missense	0.230095312	0.929376033	NA	NA	TRUE	FALSE
R180V	p.Arg180Val	missense	0.10788114	0.407767372	NA	NA	TRUE	FALSE
R180R	p.Arg180=	synonymous	0.502103192	0.120636663	NA	NA	TRUE	FALSE
R180D	p.Arg180Asp	missense	-1.443259997	0.61368166	4.002739463	pathogenic very strong	FALSE	FALSE
R180F	p.Arg180Phe	missense	3.91565	0.168438009	NA	NA	FALSE	TRUE
R180T	p.Arg180Thr	missense	0.125383285	0.32246092	0.558794649	pathogenic supporting	FALSE	FALSE
R180I	p.Arg180Ile	missense	NA	NA	NA	NA	NA	NA
R180L	p.Arg180Leu	missense	0.786086902	0.622042708	NA	NA	TRUE	FALSE
R180K	p.Arg180Lys	missense	1.951174687	0.175197773	NA	NA	FALSE	TRUE
R180G	p.Arg180Gly	missense	1.140680807	0.094305985	-0.563626313	benign supporting	FALSE	FALSE
R180Y	p.Arg180Tyr	missense	NA	NA	NA	NA	NA	NA
R180N	p.Arg180Asn	missense	-1.560064959	0.735500126	3.929572643	pathogenic very strong	FALSE	FALSE
R180C	p.Arg180Cys	missense	1.891052569	0.105501789	NA	NA	FALSE	TRUE
R180P	p.Arg180Pro	missense	-0.514072552	0.731933661	3.557347873	pathogenic very strong	FALSE	FALSE
R180E	p.Arg180Glu	missense	NA	NA	NA	NA	NA	NA
R180M	p.Arg180Met	missense	-1.203241935	0.327504013	4.233884887	pathogenic very strong	FALSE	FALSE
R180W	p.Arg180Trp	missense	1.691202611	0.166469913	NA	NA	FALSE	TRUE
R180H	p.Arg180His	missense	1.687934554	0.055684753	NA	NA	FALSE	TRUE
R180Q	p.Arg180Gln	missense	0.671212577	0.586784004	NA	NA	TRUE	FALSE
R180*	p.Arg180*	nonsense	-0.321544682	0.16834435	NA	NA	FALSE	FALSE
R181S	p.Arg181Ser	missense	0.778109562	0.100613651	-0.263774051	indeterminate	FALSE	FALSE
R181A	p.Arg181Ala	missense	0.930212963	0.333131403	-0.45559385	benign supporting	FALSE	FALSE
R181V	p.Arg181Val	missense	0.133014195	1.165970799	NA	NA	TRUE	FALSE
R181R	p.Arg181=	synonymous	0.587680928	0.077116807	NA	NA	FALSE	FALSE
R181D	p.Arg181Asp	missense	0.543730954	1.241559112	NA	NA	TRUE	FALSE
R181F	p.Arg181Phe	missense	1.794988359	0.154932852	NA	NA	FALSE	TRUE
R181T	p.Arg181Thr	missense	-1.04E-05	0.125117945	0.545594149	pathogenic supporting	FALSE	FALSE
R181I	p.Arg181Ile	missense	0.47983856	0.061854154	NA	NA	TRUE	FALSE
R181L	p.Arg181Leu	missense	0.17193135	0.170725532	0.579402006	pathogenic supporting	FALSE	FALSE
R181K	p.Arg181Lys	missense	0.329732674	0.428261187	NA	NA	TRUE	FALSE
R181G	p.Arg181Gly	missense	1.980674896	0.046851558	NA	NA	FALSE	TRUE
R181Y	p.Arg181Tyr	missense	NA	NA	NA	NA	NA	NA
R181N	p.Arg181Asn	missense	NA	NA	NA	NA	NA	NA
R181C	p.Arg181Cys	missense	0.399060787	0.072203932	0.366142894	pathogenic supporting	FALSE	FALSE
R181P	p.Arg181Pro	missense	-0.229648209	0.663166097	0.699827243	pathogenic moderate	FALSE	FALSE
R181E	p.Arg181Glu	missense	-0.14429951	0.241052109	0.602017437	pathogenic supporting	FALSE	FALSE
R181M	p.Arg181Met	missense	-1.081390024	0.404033448	4.392828254	pathogenic very strong	FALSE	FALSE
R181W	p.Arg181Trp	missense	NA	NA	NA	NA	NA	NA
R181H	p.Arg181His	missense	1.066703124	0.416788143	-0.5468248	benign supporting	FALSE	FALSE
R181Q	p.Arg181Gln	missense	1.186968041	0.050896985	-0.568633543	benign supporting	FALSE	FALSE
R181*	p.Arg181*	nonsense	0.034641217	0.116792117	NA	NA	FALSE	FALSE
P182S	p.Pro182Ser	missense	1.363813485	0.353722264	-0.508110278	benign supporting	FALSE	FALSE
P182A	p.Pro182Ala	missense	0.695756769	0.202351372	NA	NA	TRUE	FALSE
P182V	p.Pro182Val	missense	-0.473150005	0.630795152	1.489737864	pathogenic strong	FALSE	FALSE
P182R	p.Pro182Arg	missense	-1.084165225	0.468331137	4.389610493	pathogenic very strong	FALSE	FALSE
P182D	p.Pro182Asp	missense	-0.801942042	0.367150045	4.656358975	pathogenic very strong	FALSE	FALSE
P182F	p.Pro182Phe	missense	1.029554033	0.586295946	NA	NA	TRUE	FALSE
P182T	p.Pro182Thr	missense	0.434127082	0.120465544	NA	NA	TRUE	FALSE
P182I	p.Pro182Ile	missense	NA	NA	NA	NA	NA	NA
P182L	p.Pro182Leu	missense	0.032226918	0.466277104	0.543445629	pathogenic supporting	FALSE	FALSE
P182K	p.Pro182Lys	missense	0.559482833	0.492216917	NA	NA	TRUE	FALSE
P182G	p.Pro182Gly	missense	-0.177530094	0.741602682	NA	NA	TRUE	FALSE
P182Y	p.Pro182Tyr	missense	2.549696418	0.098002984	NA	NA	FALSE	TRUE
P182N	p.Pro182Asn	missense	0.971989697	0.075293874	-0.487639038	benign supporting	FALSE	FALSE
P182C	p.Pro182Cys	missense	NA	NA	NA	NA	NA	NA
P182P	p.Pro182=	synonymous	0.983526186	0.198957145	NA	NA	FALSE	FALSE
P182E	p.Pro182Glu	missense	NA	NA	NA	NA	NA	NA
P182M	p.Pro182Met	missense	NA	NA	NA	NA	NA	NA
P182W	p.Pro182Trp	missense	NA	NA	NA	NA	NA	NA
P182H	p.Pro182His	missense	1.069663806	0.083257344	-0.54821003	benign supporting	FALSE	FALSE
P182Q	p.Pro182Gln	missense	0.211606418	0.110118965	0.58442304	pathogenic supporting	FALSE	FALSE
P182*	p.Pro182*	nonsense	-1.389102503	1.008360851	NA	NA	FALSE	FALSE
L183S	p.Leu183Ser	missense	-0.16699153	0.281650781	0.6221949	pathogenic supporting	FALSE	FALSE
L183A	p.Leu183Ala	missense	-0.00771107	0.141003371	0.5465588	pathogenic supporting	FALSE	FALSE
L183V	p.Leu183Val	missense	1.46972804	0.088681031	NA	NA	FALSE	TRUE
L183R	p.Leu183Arg	missense	-0.124985968	0.356514648	0.58732267	pathogenic supporting	FALSE	FALSE
L183D	p.Leu183Asp	missense	-0.262634922	0.151597626	0.759889968	pathogenic moderate	FALSE	FALSE
L183F	p.Leu183Phe	missense	0.731314143	0.045245896	-0.193466793	indeterminate	FALSE	FALSE
L183T	p.Leu183Thr	missense	-0.744944782	0.427470161	4.707921439	pathogenic very strong	FALSE	FALSE
L183I	p.Leu183Ile	missense	-0.48432833	0.40177052	1.618147506	pathogenic strong	FALSE	FALSE
L183L	p.Leu183=	synonymous	0.972500747	0.452981133	NA	NA	FALSE	FALSE
L183K	p.Leu183Lys	missense	1.112755282	0.143141491	-0.560491531	benign supporting	FALSE	FALSE
L183G	p.Leu183Gly	missense	-0.080243733	0.235021831	0.565038539	pathogenic supporting	FALSE	FALSE
L183Y	p.Leu183Tyr	missense	0.527176486	0.081195451	NA	NA	TRUE	FALSE
L183N	p.Leu183Asn	missense	-1.328284452	0.401228067	4.103849759	pathogenic very strong	FALSE	FALSE
L183C	p.Leu183Cys	missense	1.137542462	0.182832195	-0.563413876	benign supporting	FALSE	FALSE
L183P	p.Leu183Pro	missense	-1.798084261	0.837939428	3.633299103	pathogenic very strong	FALSE	FALSE
L183E	p.Leu183Glu	missense	1.402466012	0.031283174	-0.480351254	benign supporting	FALSE	FALSE
L183M	p.Leu183Met	missense	NA	NA	NA	NA	NA	NA
L183W	p.Leu183Trp	missense	-0.118465963	0.242401925	0.582821201	pathogenic supporting	FALSE	FALSE
L183H	p.Leu183His	missense	NA	NA	NA	NA	NA	NA
L183Q	p.Leu183Gln	missense	-0.864120376	0.176147529	4.601250336	pathogenic very strong	FALSE	FALSE
L183*	p.Leu183*	nonsense	-0.735904768	1.327749912	NA	NA	TRUE	FALSE
N184S	p.Asn184Ser	missense	0.478127759	0.146501005	NA	NA	TRUE	FALSE
N184A	p.Asn184Ala	missense	0.56709192	0.110205303	NA	NA	TRUE	FALSE
N184V	p.Asn184Val	missense	0.822057432	0.053282664	-0.326013332	benign supporting	FALSE	FALSE
N184R	p.Asn184Arg	missense	0.027819866	0.423478103	0.543562583	pathogenic supporting	FALSE	FALSE
N184D	p.Asn184Asp	missense	0.948263191	0.094127939	-0.470273173	benign supporting	FALSE	FALSE
N184F	p.Asn184Phe	missense	0.943919524	0.028997595	-0.466864767	benign supporting	FALSE	FALSE
N184T	p.Asn184Thr	missense	0.667388506	0.075554566	-0.09120483	indeterminate	FALSE	FALSE
N184I	p.Asn184Ile	missense	1.686533286	0.068668119	NA	NA	FALSE	TRUE
N184L	p.Asn184Leu	missense	1.452544291	0.044096472	-0.431673033	benign supporting	FALSE	FALSE
N184K	p.Asn184Lys	missense	0.886219827	1.104403482	NA	NA	TRUE	FALSE
N184G	p.Asn184Gly	missense	0.636269257	0.038498526	-0.040294349	indeterminate	FALSE	FALSE
N184Y	p.Asn184Tyr	missense	0.740024311	0.066415086	-0.207447307	indeterminate	FALSE	FALSE
N184N	p.Asn184=	synonymous	NA	NA	NA	NA	NA	NA
N184C	p.Asn184Cys	missense	0.931024561	0.030519158	-0.456283679	benign supporting	FALSE	FALSE
N184P	p.Asn184Pro	missense	-0.469136709	0.279236475	1.452572494	pathogenic strong	FALSE	FALSE
N184E	p.Asn184Glu	missense	0.34906354	0.065729509	0.439484958	pathogenic supporting	FALSE	FALSE
N184M	p.Asn184Met	missense	0.650571317	0.039601295	-0.064411726	indeterminate	FALSE	FALSE
N184W	p.Asn184Trp	missense	0.402775416	0.100527278	NA	NA	TRUE	FALSE
N184H	p.Asn184His	missense	1.700838495	0.02981594	NA	NA	FALSE	TRUE
N184Q	p.Asn184Gln	missense	1.528060979	0.141281157	NA	NA	FALSE	TRUE
N184*	p.Asn184*	nonsense	NA	NA	NA	NA	NA	NA
N185S	p.Asn185Ser	missense	1.125001074	0.097789017	-0.562208407	benign supporting	FALSE	FALSE
N185A	p.Asn185Ala	missense	1.14877023	0.081316855	-0.56460534	benign supporting	FALSE	FALSE
N185V	p.Asn185Val	missense	1.274250551	0.07092901	-0.555713347	benign supporting	FALSE	FALSE
N185R	p.Asn185Arg	missense	1.438755315	0.090212805	-0.445394596	benign supporting	FALSE	FALSE
N185D	p.Asn185Asp	missense	0.626126696	0.57568707	NA	NA	TRUE	FALSE
N185F	p.Asn185Phe	missense	1.400166323	0.08613871	-0.482265422	benign supporting	FALSE	FALSE
N185T	p.Asn185Thr	missense	0.797150159	0.080156005	-0.291114333	indeterminate	FALSE	FALSE
N185I	p.Asn185Ile	missense	1.141418737	0.082871802	-0.563671009	benign supporting	FALSE	FALSE
N185L	p.Asn185Leu	missense	1.383868121	0.085980962	-0.494687335	benign supporting	FALSE	FALSE
N185K	p.Asn185Lys	missense	NA	NA	NA	NA	NA	NA
N185G	p.Asn185Gly	missense	0.940957737	0.094897187	-0.464496411	benign supporting	FALSE	FALSE
N185Y	p.Asn185Tyr	missense	0.601635635	0.815098605	NA	NA	TRUE	FALSE
N185N	p.Asn185=	synonymous	1.228886887	0.030406833	NA	NA	FALSE	FALSE
N185C	p.Asn185Cys	missense	1.635019857	0.061938089	NA	NA	FALSE	TRUE
N185P	p.Asn185Pro	missense	0.819195501	0.184332996	-0.32203957	benign supporting	FALSE	FALSE
N185E	p.Asn185Glu	missense	0.264233074	0.132492589	0.544613136	pathogenic supporting	FALSE	FALSE
N185M	p.Asn185Met	missense	2.194535689	0.038643157	NA	NA	FALSE	TRUE
N185W	p.Asn185Trp	missense	1.203671472	0.021641883	-0.567879841	benign supporting	FALSE	FALSE
N185H	p.Asn185His	missense	1.485929175	0.115625851	NA	NA	FALSE	TRUE
N185Q	p.Asn185Gln	missense	1.568748994	0.026021576	NA	NA	FALSE	TRUE
N185*	p.Asn185*	nonsense	0.926101667	0.195982522	NA	NA	FALSE	FALSE
N186S	p.Asn186Ser	missense	0.888143742	0.088478254	-0.41252116	benign supporting	FALSE	FALSE
N186A	p.Asn186Ala	missense	0.629962888	0.095132843	-0.03036782	indeterminate	FALSE	FALSE
N186V	p.Asn186Val	missense	0.59605381	0.090603227	0.030064011	indeterminate	FALSE	FALSE
N186R	p.Asn186Arg	missense	-0.347527214	0.515070392	0.977026879	pathogenic moderate	FALSE	FALSE
N186D	p.Asn186Asp	missense	0.5892381	0.516031316	NA	NA	TRUE	FALSE
N186F	p.Asn186Phe	missense	0.581682536	0.433193702	NA	NA	TRUE	FALSE
N186T	p.Asn186Thr	missense	0.477311497	0.086205831	NA	NA	TRUE	FALSE
N186I	p.Asn186Ile	missense	0.669021228	0.417714073	NA	NA	TRUE	FALSE
N186L	p.Asn186Leu	missense	-0.169396837	0.14102175	0.624539391	pathogenic supporting	FALSE	FALSE
N186K	p.Asn186Lys	missense	0.636740001	0.211109624	NA	NA	TRUE	FALSE
N186G	p.Asn186Gly	missense	-0.053859416	0.601165366	NA	NA	TRUE	FALSE
N186Y	p.Asn186Tyr	missense	0.101473205	0.346107078	0.550923962	pathogenic supporting	FALSE	FALSE
N186N	p.Asn186=	synonymous	1.38841657	1.447723069	NA	NA	TRUE	FALSE
N186C	p.Asn186Cys	missense	0.014144818	0.078489145	0.544279592	pathogenic supporting	FALSE	FALSE
N186P	p.Asn186Pro	missense	1.213235424	0.062979057	-0.56657535	benign supporting	FALSE	FALSE
N186E	p.Asn186Glu	missense	0.20190233	0.089586312	0.585416958	pathogenic supporting	FALSE	FALSE
N186M	p.Asn186Met	missense	0.642373055	0.082767822	-0.050576324	indeterminate	FALSE	FALSE
N186W	p.Asn186Trp	missense	0.586992296	0.113366109	NA	NA	TRUE	FALSE
N186H	p.Asn186His	missense	-0.035072243	0.187846058	0.55146224	pathogenic supporting	FALSE	FALSE
N186Q	p.Asn186Gln	missense	0.213622216	0.106555377	0.584277359	pathogenic supporting	FALSE	FALSE
N186*	p.Asn186*	nonsense	-0.209158964	0.220828239	NA	NA	FALSE	FALSE
S187S	p.Ser187=	synonymous	1.11066493	0.101320333	NA	NA	FALSE	FALSE
S187A	p.Ser187Ala	missense	0.335097949	0.240987325	NA	NA	TRUE	FALSE
S187V	p.Ser187Val	missense	0.417449238	0.413432814	NA	NA	TRUE	FALSE
S187R	p.Ser187Arg	missense	0.573313753	0.322854213	NA	NA	TRUE	FALSE
S187D	p.Ser187Asp	missense	0.164172092	0.175025417	0.575450301	pathogenic supporting	FALSE	FALSE
S187F	p.Ser187Phe	missense	0.914434265	0.122272843	-0.441590806	benign supporting	FALSE	FALSE
S187T	p.Ser187Thr	missense	0.348436855	0.112825462	0.440263841	pathogenic supporting	FALSE	FALSE
S187I	p.Ser187Ile	missense	0.880100457	0.201450823	-0.402766057	benign supporting	FALSE	FALSE
S187L	p.Ser187Leu	missense	0.055986559	0.478041188	NA	NA	TRUE	FALSE
S187K	p.Ser187Lys	missense	0.751863941	1.227669339	NA	NA	TRUE	FALSE
S187G	p.Ser187Gly	missense	1.421856406	0.273450883	-0.462437357	benign supporting	FALSE	FALSE
S187Y	p.Ser187Tyr	missense	1.351831682	0.036189742	-0.516312907	benign supporting	FALSE	FALSE
S187N	p.Ser187Asn	missense	-0.460211534	0.530208452	1.381390501	pathogenic strong	FALSE	FALSE
S187C	p.Ser187Cys	missense	0.58881293	0.824302951	NA	NA	TRUE	FALSE
S187P	p.Ser187Pro	missense	1.026205377	0.908190823	NA	NA	TRUE	FALSE
S187E	p.Ser187Glu	missense	-0.11425053	0.399590596	0.580476529	pathogenic supporting	FALSE	FALSE
S187M	p.Ser187Met	missense	1.104897133	1.231056486	NA	NA	TRUE	FALSE
S187W	p.Ser187Trp	missense	NA	NA	NA	NA	NA	NA
S187H	p.Ser187His	missense	NA	NA	NA	NA	NA	NA
S187Q	p.Ser187Gln	missense	NA	NA	NA	NA	NA	NA
S187*	p.Ser187*	nonsense	NA	NA	NA	NA	NA	NA
E188S	p.Glu188Ser	missense	0.739162616	0.398762606	NA	NA	TRUE	FALSE
E188A	p.Glu188Ala	missense	3.606009012	0.130032528	NA	NA	FALSE	TRUE
E188V	p.Glu188Val	missense	-0.766397727	0.410378983	4.689321906	pathogenic very strong	FALSE	FALSE
E188R	p.Glu188Arg	missense	1.162738218	0.066459178	-0.566263123	benign supporting	FALSE	FALSE
E188D	p.Glu188Asp	missense	NA	NA	NA	NA	NA	NA
E188F	p.Glu188Phe	missense	1.011343189	0.070762571	-0.515933314	benign supporting	FALSE	FALSE
E188T	p.Glu188Thr	missense	NA	NA	NA	NA	NA	NA
E188I	p.Glu188Ile	missense	NA	NA	NA	NA	NA	NA
E188L	p.Glu188Leu	missense	0.498685804	0.425655949	NA	NA	TRUE	FALSE
E188K	p.Glu188Lys	missense	0.996572353	0.094566921	-0.505982035	benign supporting	FALSE	FALSE
E188G	p.Glu188Gly	missense	-0.556968016	0.143018796	4.822464946	pathogenic very strong	FALSE	FALSE
E188Y	p.Glu188Tyr	missense	1.853115035	0.113233564	NA	NA	FALSE	TRUE
E188N	p.Glu188Asn	missense	0.833384198	0.170700312	-0.342535752	benign supporting	FALSE	FALSE
E188C	p.Glu188Cys	missense	-0.357653802	0.220757118	0.996897407	pathogenic moderate	FALSE	FALSE
E188P	p.Glu188Pro	missense	0.559533186	0.364598568	NA	NA	TRUE	FALSE
E188E	p.Glu188=	synonymous	0.713520999	1.889268737	NA	NA	TRUE	FALSE
E188M	p.Glu188Met	missense	NA	NA	NA	NA	NA	NA
E188W	p.Glu188Trp	missense	NA	NA	NA	NA	NA	NA
E188H	p.Glu188His	missense	0.628182495	0.074636472	-0.027498606	indeterminate	FALSE	FALSE
E188Q	p.Glu188Gln	missense	NA	NA	NA	NA	NA	NA
E188*	p.Glu188*	nonsense	0.432189264	0.159911275	NA	NA	TRUE	FALSE
I189S	p.Ile189Ser	missense	0.811727771	1.014946893	NA	NA	TRUE	FALSE
I189A	p.Ile189Ala	missense	-0.213351944	0.94466116	NA	NA	TRUE	FALSE
I189V	p.Ile189Val	missense	-0.379841882	0.59821887	1.047013351	pathogenic moderate	FALSE	FALSE
I189R	p.Ile189Arg	missense	-0.245591374	0.582498903	0.726678403	pathogenic moderate	FALSE	FALSE
I189D	p.Ile189Asp	missense	NA	NA	NA	NA	NA	NA
I189F	p.Ile189Phe	missense	2.311621425	0.323674492	NA	NA	FALSE	TRUE
I189T	p.Ile189Thr	missense	NA	NA	NA	NA	NA	NA
I189I	p.Ile189=	synonymous	NA	NA	NA	NA	NA	NA
I189L	p.Ile189Leu	missense	NA	NA	NA	NA	NA	NA
I189K	p.Ile189Lys	missense	NA	NA	NA	NA	NA	NA
I189G	p.Ile189Gly	missense	-0.541881706	0.884646538	4.828797493	pathogenic very strong	FALSE	FALSE
I189Y	p.Ile189Tyr	missense	NA	NA	NA	NA	NA	NA
I189N	p.Ile189Asn	missense	NA	NA	NA	NA	NA	NA
I189C	p.Ile189Cys	missense	0.017671169	0.233086985	0.544043153	pathogenic supporting	FALSE	FALSE
I189P	p.Ile189Pro	missense	NA	NA	NA	NA	NA	NA
I189E	p.Ile189Glu	missense	NA	NA	NA	NA	NA	NA
I189M	p.Ile189Met	missense	0.470000204	0.235630401	NA	NA	TRUE	FALSE
I189W	p.Ile189Trp	missense	NA	NA	NA	NA	NA	NA
I189H	p.Ile189His	missense	NA	NA	NA	NA	NA	NA
I189Q	p.Ile189Gln	missense	NA	NA	NA	NA	NA	NA
I189*	p.Ile189*	nonsense	-1.393205616	0.735697312	NA	NA	FALSE	FALSE
A190S	p.Ala190Ser	missense	0.667701475	0.22939816	NA	NA	TRUE	FALSE
A190A	p.Ala190=	synonymous	NA	NA	NA	NA	NA	NA
A190V	p.Ala190Val	missense	0.665146462	0.1706302	NA	NA	TRUE	FALSE
A190R	p.Ala190Arg	missense	NA	NA	NA	NA	NA	NA
A190D	p.Ala190Asp	missense	1.154551239	0.249646138	-0.565371493	benign supporting	FALSE	FALSE
A190F	p.Ala190Phe	missense	-0.821909499	0.343282284	4.640023413	pathogenic very strong	FALSE	FALSE
A190T	p.Ala190Thr	missense	0.903549836	0.102871335	-0.430256696	benign supporting	FALSE	FALSE
A190I	p.Ala190Ile	missense	NA	NA	NA	NA	NA	NA
A190L	p.Ala190Leu	missense	-1.571286967	0.619576264	3.920940278	pathogenic very strong	FALSE	FALSE
A190K	p.Ala190Lys	missense	NA	NA	NA	NA	NA	NA
A190G	p.Ala190Gly	missense	NA	NA	NA	NA	NA	NA
A190Y	p.Ala190Tyr	missense	-1.319545966	0.742640241	4.113495211	pathogenic very strong	FALSE	FALSE
A190N	p.Ala190Asn	missense	2.68198104	0.127548839	NA	NA	FALSE	TRUE
A190C	p.Ala190Cys	missense	NA	NA	NA	NA	NA	NA
A190P	p.Ala190Pro	missense	NA	NA	NA	NA	NA	NA
A190E	p.Ala190Glu	missense	2.257530359	0.354271954	NA	NA	FALSE	TRUE
A190M	p.Ala190Met	missense	1.275408104	0.312299915	-0.555145023	benign supporting	FALSE	FALSE
A190W	p.Ala190Trp	missense	NA	NA	NA	NA	NA	NA
A190H	p.Ala190His	missense	2.05024415	0.081144057	NA	NA	FALSE	TRUE
A190Q	p.Ala190Gln	missense	NA	NA	NA	NA	NA	NA
A190*	p.Ala190*	nonsense	NA	NA	NA	NA	NA	NA
L191S	p.Leu191Ser	missense	-1.196988723	0.560585207	4.241891766	pathogenic very strong	FALSE	FALSE
L191A	p.Leu191Ala	missense	-1.849925753	0.890432748	3.505164663	pathogenic very strong	FALSE	FALSE
L191V	p.Leu191Val	missense	1.399120738	0.797406622	-0.48312195	benign supporting	FALSE	FALSE
L191R	p.Leu191Arg	missense	1.161591784	0.881891603	NA	NA	TRUE	FALSE
L191D	p.Leu191Asp	missense	0.009516076	0.284750639	0.544644778	pathogenic supporting	FALSE	FALSE
L191F	p.Leu191Phe	missense	NA	NA	NA	NA	NA	NA
L191T	p.Leu191Thr	missense	NA	NA	NA	NA	NA	NA
L191I	p.Leu191Ile	missense	-0.180330799	1.412084721	NA	NA	TRUE	FALSE
L191L	p.Leu191=	synonymous	1.097098681	0.1791108	NA	NA	FALSE	FALSE
L191K	p.Leu191Lys	missense	NA	NA	NA	NA	NA	NA
L191G	p.Leu191Gly	missense	0.635106797	0.147991465	NA	NA	TRUE	FALSE
L191Y	p.Leu191Tyr	missense	-0.254885501	0.51013321	0.744147843	pathogenic moderate	FALSE	FALSE
L191N	p.Leu191Asn	missense	NA	NA	NA	NA	NA	NA
L191C	p.Leu191Cys	missense	NA	NA	NA	NA	NA	NA
L191P	p.Leu191Pro	missense	0.093225233	0.704326488	NA	NA	TRUE	FALSE
L191E	p.Leu191Glu	missense	NA	NA	NA	NA	NA	NA
L191M	p.Leu191Met	missense	1.376827552	0.062322806	-0.499475054	benign supporting	FALSE	FALSE
L191W	p.Leu191Trp	missense	-0.782037602	0.449995695	4.674789443	pathogenic very strong	FALSE	FALSE
L191H	p.Leu191His	missense	-1.948231635	0.712732145	2.972388912	pathogenic very strong	FALSE	FALSE
L191Q	p.Leu191Gln	missense	NA	NA	NA	NA	NA	NA
L191*	p.Leu191*	nonsense	-0.513976968	1.05340806	NA	NA	TRUE	FALSE
S192S	p.Ser192=	synonymous	NA	NA	NA	NA	NA	NA
S192A	p.Ser192Ala	missense	1.363359379	0.132145606	-0.508438781	benign supporting	FALSE	FALSE
S192V	p.Ser192Val	missense	0.700060883	0.146254655	-0.146636946	indeterminate	FALSE	FALSE
S192R	p.Ser192Arg	missense	NA	NA	NA	NA	NA	NA
S192D	p.Ser192Asp	missense	NA	NA	NA	NA	NA	NA
S192F	p.Ser192Phe	missense	NA	NA	NA	NA	NA	NA
S192T	p.Ser192Thr	missense	-0.415033073	0.142829764	1.152578812	pathogenic moderate	FALSE	FALSE
S192I	p.Ser192Ile	missense	NA	NA	NA	NA	NA	NA
S192L	p.Ser192Leu	missense	0.018426159	0.223387739	0.543997206	pathogenic supporting	FALSE	FALSE
S192K	p.Ser192Lys	missense	NA	NA	NA	NA	NA	NA
S192G	p.Ser192Gly	missense	0.414596263	0.207108812	NA	NA	TRUE	FALSE
S192Y	p.Ser192Tyr	missense	0.004924149	0.141546296	0.54506898	pathogenic supporting	FALSE	FALSE
S192N	p.Ser192Asn	missense	1.077866709	0.689653565	NA	NA	TRUE	FALSE
S192C	p.Ser192Cys	missense	2.20806863	0.09516142	NA	NA	FALSE	TRUE
S192P	p.Ser192Pro	missense	1.872662326	1.511090462	NA	NA	TRUE	TRUE
S192E	p.Ser192Glu	missense	-1.338374637	0.878354396	4.09227717	pathogenic very strong	FALSE	FALSE
S192M	p.Ser192Met	missense	-0.064970556	0.410240027	0.559629583	pathogenic supporting	FALSE	FALSE
S192W	p.Ser192Trp	missense	NA	NA	NA	NA	NA	NA
S192H	p.Ser192His	missense	NA	NA	NA	NA	NA	NA
S192Q	p.Ser192Gln	missense	NA	NA	NA	NA	NA	NA
S192*	p.Ser192*	nonsense	1.117380279	0.910336697	NA	NA	TRUE	FALSE
L193S	p.Leu193Ser	missense	0.213326354	0.136621549	0.584297443	pathogenic supporting	FALSE	FALSE
L193A	p.Leu193Ala	missense	-0.888827301	0.528967166	4.578327553	pathogenic very strong	FALSE	FALSE
L193V	p.Leu193Val	missense	0.011254249	1.61478047	NA	NA	TRUE	FALSE
L193R	p.Leu193Arg	missense	NA	NA	NA	NA	NA	NA
L193D	p.Leu193Asp	missense	-1.552838433	0.528277946	3.934960439	pathogenic very strong	FALSE	FALSE
L193F	p.Leu193Phe	missense	-0.163975908	0.139318768	0.61931412	pathogenic supporting	FALSE	FALSE
L193T	p.Leu193Thr	missense	0.007118497	0.138561315	0.544858541	pathogenic supporting	FALSE	FALSE
L193I	p.Leu193Ile	missense	0.803334854	0.219550798	-0.300101091	indeterminate	FALSE	FALSE
L193L	p.Leu193=	synonymous	1.248235906	0.257582035	NA	NA	FALSE	FALSE
L193K	p.Leu193Lys	missense	0.10759576	0.091767526	0.552773508	pathogenic supporting	FALSE	FALSE
L193G	p.Leu193Gly	missense	0.060004708	1.002477822	NA	NA	TRUE	FALSE
L193Y	p.Leu193Tyr	missense	NA	NA	NA	NA	NA	NA
L193N	p.Leu193Asn	missense	NA	NA	NA	NA	NA	NA
L193C	p.Leu193Cys	missense	0.892827692	0.11565855	-0.418041266	benign supporting	FALSE	FALSE
L193P	p.Leu193Pro	missense	NA	NA	NA	NA	NA	NA
L193E	p.Leu193Glu	missense	NA	NA	NA	NA	NA	NA
L193M	p.Leu193Met	missense	-0.131356366	0.83924572	NA	NA	TRUE	FALSE
L193W	p.Leu193Trp	missense	-0.438126055	0.801894221	1.249956297	pathogenic moderate	FALSE	FALSE
L193H	p.Leu193His	missense	NA	NA	NA	NA	NA	NA
L193Q	p.Leu193Gln	missense	NA	NA	NA	NA	NA	NA
L193*	p.Leu193*	nonsense	NA	NA	NA	NA	NA	NA
S194S	p.Ser194=	synonymous	0.13236974	0.542862087	NA	NA	TRUE	FALSE
S194A	p.Ser194Ala	missense	NA	NA	NA	NA	NA	NA
S194V	p.Ser194Val	missense	0.898476149	0.990321816	NA	NA	TRUE	FALSE
S194R	p.Ser194Arg	missense	0.688292044	0.248094946	NA	NA	TRUE	FALSE
S194D	p.Ser194Asp	missense	NA	NA	NA	NA	NA	NA
S194F	p.Ser194Phe	missense	NA	NA	NA	NA	NA	NA
S194T	p.Ser194Thr	missense	NA	NA	NA	NA	NA	NA
S194I	p.Ser194Ile	missense	0.665088131	0.121204028	-0.087519466	indeterminate	FALSE	FALSE
S194L	p.Ser194Leu	missense	1.770367911	0.063825881	NA	NA	FALSE	TRUE
S194K	p.Ser194Lys	missense	NA	NA	NA	NA	NA	NA
S194G	p.Ser194Gly	missense	NA	NA	NA	NA	NA	NA
S194Y	p.Ser194Tyr	missense	NA	NA	NA	NA	NA	NA
S194N	p.Ser194Asn	missense	2.700213489	0.059175844	NA	NA	FALSE	TRUE
S194C	p.Ser194Cys	missense	0.158726446	0.108000594	0.572805126	pathogenic supporting	FALSE	FALSE
S194P	p.Ser194Pro	missense	NA	NA	NA	NA	NA	NA
S194E	p.Ser194Glu	missense	NA	NA	NA	NA	NA	NA
S194M	p.Ser194Met	missense	-0.608958641	0.580000769	4.797860841	pathogenic very strong	FALSE	FALSE
S194W	p.Ser194Trp	missense	NA	NA	NA	NA	NA	NA
S194H	p.Ser194His	missense	NA	NA	NA	NA	NA	NA
S194Q	p.Ser194Gln	missense	NA	NA	NA	NA	NA	NA
S194*	p.Ser194*	nonsense	-1.841504269	0.888802745	NA	NA	FALSE	FALSE
R195S	p.Arg195Ser	missense	0.673728151	1.345455517	NA	NA	TRUE	FALSE
R195A	p.Arg195Ala	missense	NA	NA	NA	NA	NA	NA
R195V	p.Arg195Val	missense	-1.07794721	0.912759628	4.396769133	pathogenic very strong	FALSE	FALSE
R195R	p.Arg195=	synonymous	0.323052755	0.348151417	NA	NA	TRUE	FALSE
R195D	p.Arg195Asp	missense	-1.125803341	0.243437811	4.336436566	pathogenic very strong	FALSE	FALSE
R195F	p.Arg195Phe	missense	-1.031305827	1.107888021	4.445143683	pathogenic very strong	FALSE	FALSE
R195T	p.Arg195Thr	missense	NA	NA	NA	NA	NA	NA
R195I	p.Arg195Ile	missense	1.160676961	0.075364895	-0.56606018	benign supporting	FALSE	FALSE
R195L	p.Arg195Leu	missense	-0.287543664	0.902199667	NA	NA	TRUE	FALSE
R195K	p.Arg195Lys	missense	0.727153603	0.250177428	NA	NA	TRUE	FALSE
R195G	p.Arg195Gly	missense	NA	NA	NA	NA	NA	NA
R195Y	p.Arg195Tyr	missense	1.090100643	0.163278678	-0.555942471	benign supporting	FALSE	FALSE
R195N	p.Arg195Asn	missense	NA	NA	NA	NA	NA	NA
R195C	p.Arg195Cys	missense	NA	NA	NA	NA	NA	NA
R195P	p.Arg195Pro	missense	0.113109572	0.182581224	0.554536033	pathogenic supporting	FALSE	FALSE
R195E	p.Arg195Glu	missense	NA	NA	NA	NA	NA	NA
R195M	p.Arg195Met	missense	NA	NA	NA	NA	NA	NA
R195W	p.Arg195Trp	missense	1.449769219	0.131390563	-0.434206027	benign supporting	FALSE	FALSE
R195H	p.Arg195His	missense	NA	NA	NA	NA	NA	NA
R195Q	p.Arg195Gln	missense	NA	NA	NA	NA	NA	NA
R195*	p.Arg195*	nonsense	NA	NA	NA	NA	NA	NA
N196S	p.Asn196Ser	missense	1.326528369	0.556412658	-0.530725042	benign supporting	FALSE	FALSE
N196A	p.Asn196Ala	missense	2.301278826	0.266929479	NA	NA	FALSE	TRUE
N196V	p.Asn196Val	missense	0.26523611	0.823759954	NA	NA	TRUE	FALSE
N196R	p.Asn196Arg	missense	-0.792172458	0.230057399	4.664897213	pathogenic very strong	FALSE	FALSE
N196D	p.Asn196Asp	missense	NA	NA	NA	NA	NA	NA
N196F	p.Asn196Phe	missense	NA	NA	NA	NA	NA	NA
N196T	p.Asn196Thr	missense	NA	NA	NA	NA	NA	NA
N196I	p.Asn196Ile	missense	1.057664601	1.435042063	NA	NA	TRUE	FALSE
N196L	p.Asn196Leu	missense	NA	NA	NA	NA	NA	NA
N196K	p.Asn196Lys	missense	1.331649057	0.03944986	-0.528104276	benign supporting	FALSE	FALSE
N196G	p.Asn196Gly	missense	1.956065491	0.341243233	NA	NA	FALSE	TRUE
N196Y	p.Asn196Tyr	missense	NA	NA	NA	NA	NA	NA
N196N	p.Asn196=	synonymous	NA	NA	NA	NA	NA	NA
N196C	p.Asn196Cys	missense	NA	NA	NA	NA	NA	NA
N196P	p.Asn196Pro	missense	NA	NA	NA	NA	NA	NA
N196E	p.Asn196Glu	missense	-0.279605161	0.220594844	0.798744211	pathogenic moderate	FALSE	FALSE
N196M	p.Asn196Met	missense	2.482834421	0.0247454	NA	NA	FALSE	TRUE
N196W	p.Asn196Trp	missense	1.160616455	0.192210176	-0.566054003	benign supporting	FALSE	FALSE
N196H	p.Asn196His	missense	-0.009334433	0.298807633	0.546784953	pathogenic supporting	FALSE	FALSE
N196Q	p.Asn196Gln	missense	-0.281838835	0.175513388	0.804369723	pathogenic moderate	FALSE	FALSE
N196*	p.Asn196*	nonsense	0.122171337	0.406071922	NA	NA	TRUE	FALSE
K197S	p.Lys197Ser	missense	0.153083238	0.272424879	0.570173012	pathogenic supporting	FALSE	FALSE
K197A	p.Lys197Ala	missense	1.05561075	0.612725859	NA	NA	TRUE	FALSE
K197V	p.Lys197Val	missense	-0.071746296	0.11723654	0.561920578	pathogenic supporting	FALSE	FALSE
K197R	p.Lys197Arg	missense	-0.036349966	0.608039977	NA	NA	TRUE	FALSE
K197D	p.Lys197Asp	missense	-0.951366656	0.614983002	4.522187172	pathogenic very strong	FALSE	FALSE
K197F	p.Lys197Phe	missense	1.089267814	0.074239148	-0.555741671	benign supporting	FALSE	FALSE
K197T	p.Lys197Thr	missense	NA	NA	NA	NA	NA	NA
K197I	p.Lys197Ile	missense	-0.957306869	0.62532625	4.516130514	pathogenic very strong	FALSE	FALSE
K197L	p.Lys197Leu	missense	0.19119839	0.18541521	0.587086605	pathogenic supporting	FALSE	FALSE
K197K	p.Lys197=	synonymous	NA	NA	NA	NA	NA	NA
K197G	p.Lys197Gly	missense	1.242212012	0.167554294	-0.562968476	benign supporting	FALSE	FALSE
K197Y	p.Lys197Tyr	missense	NA	NA	NA	NA	NA	NA
K197N	p.Lys197Asn	missense	-0.103267319	1.615661353	NA	NA	TRUE	FALSE
K197C	p.Lys197Cys	missense	NA	NA	NA	NA	NA	NA
K197P	p.Lys197Pro	missense	NA	NA	NA	NA	NA	NA
K197E	p.Lys197Glu	missense	NA	NA	NA	NA	NA	NA
K197M	p.Lys197Met	missense	NA	NA	NA	NA	NA	NA
K197W	p.Lys197Trp	missense	-0.548268053	1.08253754	NA	NA	TRUE	FALSE
K197H	p.Lys197His	missense	NA	NA	NA	NA	NA	NA
K197Q	p.Lys197Gln	missense	-0.269056708	0.947496887	NA	NA	TRUE	FALSE
K197*	p.Lys197*	nonsense	3.897687861	0.175634037	NA	NA	FALSE	TRUE
V198S	p.Val198Ser	missense	-1.243035046	0.538815195	4.185421442	pathogenic very strong	FALSE	FALSE
V198A	p.Val198Ala	missense	NA	NA	NA	NA	NA	NA
V198V	p.Val198=	synonymous	0.888365637	0.166812424	NA	NA	FALSE	FALSE
V198R	p.Val198Arg	missense	NA	NA	NA	NA	NA	NA
V198D	p.Val198Asp	missense	NA	NA	NA	NA	NA	NA
V198F	p.Val198Phe	missense	0.94659148	0.250201504	-0.468970468	benign supporting	FALSE	FALSE
V198T	p.Val198Thr	missense	0.745730446	0.241313517	-0.216265951	indeterminate	FALSE	FALSE
V198I	p.Val198Ile	missense	0.86945643	0.083840675	-0.389288112	benign supporting	FALSE	FALSE
V198L	p.Val198Leu	missense	-0.086954496	0.983684402	NA	NA	TRUE	FALSE
V198K	p.Val198Lys	missense	NA	NA	NA	NA	NA	NA
V198G	p.Val198Gly	missense	1.110087907	1.966503561	NA	NA	TRUE	FALSE
V198Y	p.Val198Tyr	missense	NA	NA	NA	NA	NA	NA
V198N	p.Val198Asn	missense	-0.982014495	0.738781411	4.489344536	pathogenic very strong	FALSE	FALSE
V198C	p.Val198Cys	missense	NA	NA	NA	NA	NA	NA
V198P	p.Val198Pro	missense	-0.61460242	0.662959613	4.794911681	pathogenic very strong	FALSE	FALSE
V198E	p.Val198Glu	missense	0.732945658	0.215077783	-0.19613519	indeterminate	FALSE	FALSE
V198M	p.Val198Met	missense	NA	NA	NA	NA	NA	NA
V198W	p.Val198Trp	missense	NA	NA	NA	NA	NA	NA
V198H	p.Val198His	missense	-0.39776769	0.187963157	1.095884168	pathogenic moderate	FALSE	FALSE
V198Q	p.Val198Gln	missense	1.968008574	0.090051038	NA	NA	FALSE	TRUE
V198*	p.Val198*	nonsense	0.750673567	0.868106386	NA	NA	TRUE	FALSE
F199S	p.Phe199Ser	missense	0.077349201	0.271721822	0.545404004	pathogenic supporting	FALSE	FALSE
F199A	p.Phe199Ala	missense	0.51546394	0.55281192	NA	NA	TRUE	FALSE
F199V	p.Phe199Val	missense	-0.144163385	0.674038375	NA	NA	TRUE	FALSE
F199R	p.Phe199Arg	missense	-0.339594514	0.283958813	0.962565385	pathogenic moderate	FALSE	FALSE
F199D	p.Phe199Asp	missense	-1.257099556	0.740352328	4.173683618	pathogenic very strong	FALSE	FALSE
F199F	p.Phe199=	synonymous	NA	NA	NA	NA	NA	NA
F199T	p.Phe199Thr	missense	-0.46689073	1.158413627	NA	NA	TRUE	FALSE
F199I	p.Phe199Ile	missense	NA	NA	NA	NA	NA	NA
F199L	p.Phe199Leu	missense	0.049458781	0.552190374	NA	NA	TRUE	FALSE
F199K	p.Phe199Lys	missense	-0.026865866	0.561957997	NA	NA	TRUE	FALSE
F199G	p.Phe199Gly	missense	-0.65287278	0.170536128	4.773323042	pathogenic very strong	FALSE	FALSE
F199Y	p.Phe199Tyr	missense	NA	NA	NA	NA	NA	NA
F199N	p.Phe199Asn	missense	NA	NA	NA	NA	NA	NA
F199C	p.Phe199Cys	missense	0.868079075	0.164705118	-0.387632903	benign supporting	FALSE	FALSE
F199P	p.Phe199Pro	missense	1.376681826	0.144135128	-0.499570687	benign supporting	FALSE	FALSE
F199E	p.Phe199Glu	missense	NA	NA	NA	NA	NA	NA
F199M	p.Phe199Met	missense	1.563879274	0.142971174	NA	NA	FALSE	TRUE
F199W	p.Phe199Trp	missense	-0.844710728	0.485851045	4.619846064	pathogenic very strong	FALSE	FALSE
F199H	p.Phe199His	missense	0.176982694	0.17698315	0.58245221	pathogenic supporting	FALSE	FALSE
F199Q	p.Phe199Gln	missense	NA	NA	NA	NA	NA	NA
F199*	p.Phe199*	nonsense	NA	NA	NA	NA	NA	NA
V200S	p.Val200Ser	missense	NA	NA	NA	NA	NA	NA
V200A	p.Val200Ala	missense	1.372111668	0.250442978	-0.502500703	benign supporting	FALSE	FALSE
V200V	p.Val200=	synonymous	0.673122454	0.092090737	NA	NA	FALSE	FALSE
V200R	p.Val200Arg	missense	1.194606188	0.115628511	-0.568781428	benign supporting	FALSE	FALSE
V200D	p.Val200Asp	missense	0.658928831	0.824595437	NA	NA	TRUE	FALSE
V200F	p.Val200Phe	missense	NA	NA	NA	NA	NA	NA
V200T	p.Val200Thr	missense	1.269934754	0.224264239	-0.557109855	benign supporting	FALSE	FALSE
V200I	p.Val200Ile	missense	0.689747844	0.22824562	NA	NA	TRUE	FALSE
V200L	p.Val200Leu	missense	0.935429561	0.299726392	-0.459977755	benign supporting	FALSE	FALSE
V200K	p.Val200Lys	missense	NA	NA	NA	NA	NA	NA
V200G	p.Val200Gly	missense	1.470220571	0.215139144	NA	NA	FALSE	TRUE
V200Y	p.Val200Tyr	missense	-0.488938201	0.57999152	1.686735319	pathogenic strong	FALSE	FALSE
V200N	p.Val200Asn	missense	NA	NA	NA	NA	NA	NA
V200C	p.Val200Cys	missense	0.001986371	0.479115104	0.54537295	pathogenic supporting	FALSE	FALSE
V200P	p.Val200Pro	missense	NA	NA	NA	NA	NA	NA
V200E	p.Val200Glu	missense	1.005899076	0.05237423	-0.512354877	benign supporting	FALSE	FALSE
V200M	p.Val200Met	missense	NA	NA	NA	NA	NA	NA
V200W	p.Val200Trp	missense	NA	NA	NA	NA	NA	NA
V200H	p.Val200His	missense	NA	NA	NA	NA	NA	NA
V200Q	p.Val200Gln	missense	NA	NA	NA	NA	NA	NA
V200*	p.Val200*	nonsense	-0.752566814	0.397324198	NA	NA	FALSE	FALSE
F201S	p.Phe201Ser	missense	0.852582326	0.144073148	-0.368669193	benign supporting	FALSE	FALSE
F201A	p.Phe201Ala	missense	-0.583118764	0.316488767	4.8106494	pathogenic very strong	FALSE	FALSE
F201V	p.Phe201Val	missense	NA	NA	NA	NA	NA	NA
F201R	p.Phe201Arg	missense	-0.624370525	0.193646079	4.789669376	pathogenic very strong	FALSE	FALSE
F201D	p.Phe201Asp	missense	0.669995576	0.926641442	NA	NA	TRUE	FALSE
F201F	p.Phe201=	synonymous	NA	NA	NA	NA	NA	NA
F201T	p.Phe201Thr	missense	-1.037558708	0.521075067	4.4391566	pathogenic very strong	FALSE	FALSE
F201I	p.Phe201Ile	missense	NA	NA	NA	NA	NA	NA
F201L	p.Phe201Leu	missense	1.121398377	0.173442502	-0.561758128	benign supporting	FALSE	FALSE
F201K	p.Phe201Lys	missense	NA	NA	NA	NA	NA	NA
F201G	p.Phe201Gly	missense	-0.041851348	0.180055808	0.553047135	pathogenic supporting	FALSE	FALSE
F201Y	p.Phe201Tyr	missense	1.46242942	0.666637251	NA	NA	FALSE	TRUE
F201N	p.Phe201Asn	missense	-0.751699002	0.534137409	4.702223778	pathogenic very strong	FALSE	FALSE
F201C	p.Phe201Cys	missense	0.308015442	0.167536662	0.491296532	pathogenic supporting	FALSE	FALSE
F201P	p.Phe201Pro	missense	-0.686054716	0.182039087	4.752149293	pathogenic very strong	FALSE	FALSE
F201E	p.Phe201Glu	missense	NA	NA	NA	NA	NA	NA
F201M	p.Phe201Met	missense	1.862977327	0.217153852	NA	NA	FALSE	TRUE
F201W	p.Phe201Trp	missense	3.997358942	0.078872262	NA	NA	FALSE	TRUE
F201H	p.Phe201His	missense	NA	NA	NA	NA	NA	NA
F201Q	p.Phe201Gln	missense	NA	NA	NA	NA	NA	NA
F201*	p.Phe201*	nonsense	0.165675372	0.438358761	NA	NA	TRUE	FALSE
F202S	p.Phe202Ser	missense	0.844571673	0.43614036	NA	NA	TRUE	FALSE
F202A	p.Phe202Ala	missense	0.774844814	0.240289171	-0.259000302	indeterminate	FALSE	FALSE
F202V	p.Phe202Val	missense	NA	NA	NA	NA	NA	NA
F202R	p.Phe202Arg	missense	-0.928726198	0.501006208	4.544039573	pathogenic very strong	FALSE	FALSE
F202D	p.Phe202Asp	missense	0.110109774	0.122795498	0.553565677	pathogenic supporting	FALSE	FALSE
F202F	p.Phe202=	synonymous	1.912700413	0.117893216	NA	NA	FALSE	TRUE
F202T	p.Phe202Thr	missense	NA	NA	NA	NA	NA	NA
F202I	p.Phe202Ile	missense	NA	NA	NA	NA	NA	NA
F202L	p.Phe202Leu	missense	0.768659731	1.033115662	NA	NA	TRUE	FALSE
F202K	p.Phe202Lys	missense	NA	NA	NA	NA	NA	NA
F202G	p.Phe202Gly	missense	NA	NA	NA	NA	NA	NA
F202Y	p.Phe202Tyr	missense	NA	NA	NA	NA	NA	NA
F202N	p.Phe202Asn	missense	NA	NA	NA	NA	NA	NA
F202C	p.Phe202Cys	missense	0.372697637	1.275240695	NA	NA	TRUE	FALSE
F202P	p.Phe202Pro	missense	NA	NA	NA	NA	NA	NA
F202E	p.Phe202Glu	missense	NA	NA	NA	NA	NA	NA
F202M	p.Phe202Met	missense	NA	NA	NA	NA	NA	NA
F202W	p.Phe202Trp	missense	NA	NA	NA	NA	NA	NA
F202H	p.Phe202His	missense	-0.700028615	1.276619432	NA	NA	TRUE	FALSE
F202Q	p.Phe202Gln	missense	NA	NA	NA	NA	NA	NA
F202*	p.Phe202*	nonsense	2.545109076	0.114402027	NA	NA	FALSE	TRUE
D203S	p.Asp203Ser	missense	1.795175777	0.153221237	NA	NA	FALSE	TRUE
D203A	p.Asp203Ala	missense	NA	NA	NA	NA	NA	NA
D203V	p.Asp203Val	missense	0.696071197	0.229692336	NA	NA	TRUE	FALSE
D203R	p.Asp203Arg	missense	NA	NA	NA	NA	NA	NA
D203D	p.Asp203=	synonymous	NA	NA	NA	NA	NA	NA
D203F	p.Asp203Phe	missense	NA	NA	NA	NA	NA	NA
D203T	p.Asp203Thr	missense	-0.314924411	0.119387028	0.908114821	pathogenic moderate	FALSE	FALSE
D203I	p.Asp203Ile	missense	0.923030734	0.51680945	NA	NA	TRUE	FALSE
D203L	p.Asp203Leu	missense	-0.781938583	0.840171901	4.674884198	pathogenic very strong	FALSE	FALSE
D203K	p.Asp203Lys	missense	NA	NA	NA	NA	NA	NA
D203G	p.Asp203Gly	missense	1.487104044	0.242882032	NA	NA	FALSE	TRUE
D203Y	p.Asp203Tyr	missense	1.889464296	0.125837784	NA	NA	FALSE	TRUE
D203N	p.Asp203Asn	missense	0.828807722	0.236278678	-0.335718138	benign supporting	FALSE	FALSE
D203C	p.Asp203Cys	missense	1.439752655	0.041479977	-0.444403448	benign supporting	FALSE	FALSE
D203P	p.Asp203Pro	missense	-2.220526763	0.695782887	0	indeterminate	FALSE	FALSE
D203E	p.Asp203Glu	missense	NA	NA	NA	NA	NA	NA
D203M	p.Asp203Met	missense	NA	NA	NA	NA	NA	NA
D203W	p.Asp203Trp	missense	-0.840860763	0.361094187	4.623374385	pathogenic very strong	FALSE	FALSE
D203H	p.Asp203His	missense	NA	NA	NA	NA	NA	NA
D203Q	p.Asp203Gln	missense	NA	NA	NA	NA	NA	NA
D203*	p.Asp203*	nonsense	NA	NA	NA	NA	NA	NA
L204S	p.Leu204Ser	missense	1.314574421	0.160572001	-0.536368576	benign supporting	FALSE	FALSE
L204A	p.Leu204Ala	missense	NA	NA	NA	NA	NA	NA
L204V	p.Leu204Val	missense	2.049600559	0.113827832	NA	NA	FALSE	TRUE
L204R	p.Leu204Arg	missense	-0.129010883	0.554419377	0.590213354	pathogenic supporting	FALSE	FALSE
L204D	p.Leu204Asp	missense	NA	NA	NA	NA	NA	NA
L204F	p.Leu204Phe	missense	NA	NA	NA	NA	NA	NA
L204T	p.Leu204Thr	missense	-0.732500233	0.726245279	4.718058743	pathogenic very strong	FALSE	FALSE
L204I	p.Leu204Ile	missense	2.464151526	0.054076334	NA	NA	FALSE	TRUE
L204L	p.Leu204=	synonymous	1.129541008	0.050439291	NA	NA	FALSE	FALSE
L204K	p.Leu204Lys	missense	-1.254203321	0.545698595	4.17614954	pathogenic very strong	FALSE	FALSE
L204G	p.Leu204Gly	missense	0.688543653	0.582350894	NA	NA	TRUE	FALSE
L204Y	p.Leu204Tyr	missense	0.58384343	0.341524161	NA	NA	TRUE	FALSE
L204N	p.Leu204Asn	missense	NA	NA	NA	NA	NA	NA
L204C	p.Leu204Cys	missense	-0.006382876	0.706965927	NA	NA	TRUE	FALSE
L204P	p.Leu204Pro	missense	NA	NA	NA	NA	NA	NA
L204E	p.Leu204Glu	missense	NA	NA	NA	NA	NA	NA
L204M	p.Leu204Met	missense	2.220036424	0.093521098	NA	NA	FALSE	TRUE
L204W	p.Leu204Trp	missense	-1.271404639	0.9446693	4.161115233	pathogenic very strong	FALSE	FALSE
L204H	p.Leu204His	missense	NA	NA	NA	NA	NA	NA
L204Q	p.Leu204Gln	missense	0.753267071	0.264591288	NA	NA	TRUE	FALSE
L204*	p.Leu204*	nonsense	NA	NA	NA	NA	NA	NA
T205S	p.Thr205Ser	missense	0.387703689	1.553642255	NA	NA	TRUE	FALSE
T205A	p.Thr205Ala	missense	NA	NA	NA	NA	NA	NA
T205V	p.Thr205Val	missense	NA	NA	NA	NA	NA	NA
T205R	p.Thr205Arg	missense	0.251351439	1.010987161	NA	NA	TRUE	FALSE
T205D	p.Thr205Asp	missense	NA	NA	NA	NA	NA	NA
T205F	p.Thr205Phe	missense	-0.572449441	0.908631122	4.815602159	pathogenic very strong	FALSE	FALSE
T205T	p.Thr205=	synonymous	0.827784226	0.244653304	NA	NA	FALSE	FALSE
T205I	p.Thr205Ile	missense	1.060999231	0.464768755	-0.544082328	benign supporting	FALSE	FALSE
T205L	p.Thr205Leu	missense	0.620120848	0.271604839	NA	NA	TRUE	FALSE
T205K	p.Thr205Lys	missense	NA	NA	NA	NA	NA	NA
T205G	p.Thr205Gly	missense	0.397963848	0.319277155	NA	NA	TRUE	FALSE
T205Y	p.Thr205Tyr	missense	NA	NA	NA	NA	NA	NA
T205N	p.Thr205Asn	missense	0.334643849	1.251934321	NA	NA	TRUE	FALSE
T205C	p.Thr205Cys	missense	NA	NA	NA	NA	NA	NA
T205P	p.Thr205Pro	missense	1.37033449	1.228243014	NA	NA	TRUE	FALSE
T205E	p.Thr205Glu	missense	NA	NA	NA	NA	NA	NA
T205M	p.Thr205Met	missense	NA	NA	NA	NA	NA	NA
T205W	p.Thr205Trp	missense	NA	NA	NA	NA	NA	NA
T205H	p.Thr205His	missense	0.478259278	0.120646746	NA	NA	TRUE	FALSE
T205Q	p.Thr205Gln	missense	NA	NA	NA	NA	NA	NA
T205*	p.Thr205*	nonsense	NA	NA	NA	NA	NA	NA
V206S	p.Val206Ser	missense	NA	NA	NA	NA	NA	NA
V206A	p.Val206Ala	missense	0.110487274	0.664534734	NA	NA	TRUE	FALSE
V206V	p.Val206=	synonymous	1.064550346	0.538819085	NA	NA	FALSE	FALSE
V206R	p.Val206Arg	missense	NA	NA	NA	NA	NA	NA
V206D	p.Val206Asp	missense	1.203429312	0.067844113	-0.567908111	benign supporting	FALSE	FALSE
V206F	p.Val206Phe	missense	0.713467746	0.074074653	-0.166391643	indeterminate	FALSE	FALSE
V206T	p.Val206Thr	missense	-0.230832899	0.285576744	0.701699793	pathogenic moderate	FALSE	FALSE
V206I	p.Val206Ile	missense	1.941787758	0.187505841	NA	NA	FALSE	TRUE
V206L	p.Val206Leu	missense	2.200150961	0.062515166	NA	NA	FALSE	TRUE
V206K	p.Val206Lys	missense	NA	NA	NA	NA	NA	NA
V206G	p.Val206Gly	missense	NA	NA	NA	NA	NA	NA
V206Y	p.Val206Tyr	missense	-1.402421047	0.616138038	4.022454999	pathogenic very strong	FALSE	FALSE
V206N	p.Val206Asn	missense	NA	NA	NA	NA	NA	NA
V206C	p.Val206Cys	missense	NA	NA	NA	NA	NA	NA
V206P	p.Val206Pro	missense	NA	NA	NA	NA	NA	NA
V206E	p.Val206Glu	missense	NA	NA	NA	NA	NA	NA
V206M	p.Val206Met	missense	NA	NA	NA	NA	NA	NA
V206W	p.Val206Trp	missense	NA	NA	NA	NA	NA	NA
V206H	p.Val206His	missense	0.954493647	0.10933217	-0.475030136	benign supporting	FALSE	FALSE
V206Q	p.Val206Gln	missense	1.31962939	0.089706518	-0.534034499	benign supporting	FALSE	FALSE
V206*	p.Val206*	nonsense	NA	NA	NA	NA	NA	NA
D207S	p.Asp207Ser	missense	0.426519233	0.610031075	NA	NA	TRUE	FALSE
D207A	p.Asp207Ala	missense	-0.234978848	0.987932781	NA	NA	TRUE	FALSE
D207V	p.Asp207Val	missense	1.013867338	1.342671537	NA	NA	TRUE	FALSE
D207R	p.Asp207Arg	missense	NA	NA	NA	NA	NA	NA
D207D	p.Asp207=	synonymous	NA	NA	NA	NA	NA	NA
D207F	p.Asp207Phe	missense	NA	NA	NA	NA	NA	NA
D207T	p.Asp207Thr	missense	NA	NA	NA	NA	NA	NA
D207I	p.Asp207Ile	missense	NA	NA	NA	NA	NA	NA
D207L	p.Asp207Leu	missense	-0.13463603	0.795804526	NA	NA	TRUE	FALSE
D207K	p.Asp207Lys	missense	NA	NA	NA	NA	NA	NA
D207G	p.Asp207Gly	missense	1.255891075	1.409614095	NA	NA	TRUE	FALSE
D207Y	p.Asp207Tyr	missense	0.788665718	0.107734363	-0.278715859	indeterminate	FALSE	FALSE
D207N	p.Asp207Asn	missense	1.037516723	0.155539287	-0.531748425	benign supporting	FALSE	FALSE
D207C	p.Asp207Cys	missense	NA	NA	NA	NA	NA	NA
D207P	p.Asp207Pro	missense	NA	NA	NA	NA	NA	NA
D207E	p.Asp207Glu	missense	1.060808921	0.22140932	-0.543989144	benign supporting	FALSE	FALSE
D207M	p.Asp207Met	missense	NA	NA	NA	NA	NA	NA
D207W	p.Asp207Trp	missense	-1.820772609	0.742048658	3.582713281	pathogenic very strong	FALSE	FALSE
D207H	p.Asp207His	missense	1.201113616	0.058862591	-0.568166755	benign supporting	FALSE	FALSE
D207Q	p.Asp207Gln	missense	NA	NA	NA	NA	NA	NA
D207*	p.Asp207*	nonsense	-0.344319656	0.371287654	NA	NA	FALSE	FALSE
D208S	p.Asp208Ser	missense	-0.63900005	1.006085184	4.781479965	pathogenic very strong	FALSE	FALSE
D208A	p.Asp208Ala	missense	1.384382266	0.09951789	-0.494324606	benign supporting	FALSE	FALSE
D208V	p.Asp208Val	missense	NA	NA	NA	NA	NA	NA
D208R	p.Asp208Arg	missense	NA	NA	NA	NA	NA	NA
D208D	p.Asp208=	synonymous	1.520295822	0.752144859	NA	NA	FALSE	TRUE
D208F	p.Asp208Phe	missense	NA	NA	NA	NA	NA	NA
D208T	p.Asp208Thr	missense	NA	NA	NA	NA	NA	NA
D208I	p.Asp208Ile	missense	NA	NA	NA	NA	NA	NA
D208L	p.Asp208Leu	missense	1.238034545	0.255694343	-0.563572444	benign supporting	FALSE	FALSE
D208K	p.Asp208Lys	missense	-1.163031952	0.291982109	4.281840766	pathogenic very strong	FALSE	FALSE
D208G	p.Asp208Gly	missense	-0.076586727	0.366869739	0.563662686	pathogenic supporting	FALSE	FALSE
D208Y	p.Asp208Tyr	missense	0.862891362	0.144238928	-0.381437731	benign supporting	FALSE	FALSE
D208N	p.Asp208Asn	missense	0.711474738	0.120060769	-0.163542028	indeterminate	FALSE	FALSE
D208C	p.Asp208Cys	missense	-0.531445573	0.381261184	4.832980318	pathogenic very strong	FALSE	FALSE
D208P	p.Asp208Pro	missense	1.249034672	0.226055101	-0.561830144	benign supporting	FALSE	FALSE
D208E	p.Asp208Glu	missense	NA	NA	NA	NA	NA	NA
D208M	p.Asp208Met	missense	NA	NA	NA	NA	NA	NA
D208W	p.Asp208Trp	missense	-0.283030966	1.006401157	NA	NA	TRUE	FALSE
D208H	p.Asp208His	missense	NA	NA	NA	NA	NA	NA
D208Q	p.Asp208Gln	missense	NA	NA	NA	NA	NA	NA
D208*	p.Asp208*	nonsense	NA	NA	NA	NA	NA	NA
Q209S	p.Gln209Ser	missense	0.802548814	0.270130651	-0.298973018	indeterminate	FALSE	FALSE
Q209A	p.Gln209Ala	missense	NA	NA	NA	NA	NA	NA
Q209V	p.Gln209Val	missense	1.035326247	0.646513937	NA	NA	TRUE	FALSE
Q209R	p.Gln209Arg	missense	1.031915825	0.293029925	-0.528552258	benign supporting	FALSE	FALSE
Q209D	p.Gln209Asp	missense	1.022673477	0.140595204	-0.523056678	benign supporting	FALSE	FALSE
Q209F	p.Gln209Phe	missense	1.233842192	0.210280082	-0.564109061	benign supporting	FALSE	FALSE
Q209T	p.Gln209Thr	missense	1.186012526	0.178462727	-0.568513025	benign supporting	FALSE	FALSE
Q209I	p.Gln209Ile	missense	1.049203889	0.818712009	NA	NA	TRUE	FALSE
Q209L	p.Gln209Leu	missense	2.033367242	0.118914226	NA	NA	FALSE	TRUE
Q209K	p.Gln209Lys	missense	1.413420031	0.072244186	-0.470637072	benign supporting	FALSE	FALSE
Q209G	p.Gln209Gly	missense	0.120249932	0.202075599	0.556956701	pathogenic supporting	FALSE	FALSE
Q209Y	p.Gln209Tyr	missense	1.44301809	0.055665336	-0.441090952	benign supporting	FALSE	FALSE
Q209N	p.Gln209Asn	missense	1.784058697	0.996016115	NA	NA	FALSE	TRUE
Q209C	p.Gln209Cys	missense	-0.503825424	0.140807899	2.056359078	pathogenic strong	FALSE	FALSE
Q209P	p.Gln209Pro	missense	1.80660161	0.09409378	NA	NA	FALSE	TRUE
Q209E	p.Gln209Glu	missense	1.240285576	0.030475234	-0.563255662	benign supporting	FALSE	FALSE
Q209M	p.Gln209Met	missense	-0.535895525	0.131195413	4.831216192	pathogenic very strong	FALSE	FALSE
Q209W	p.Gln209Trp	missense	1.57559945	0.279259402	NA	NA	FALSE	TRUE
Q209H	p.Gln209His	missense	1.110634088	0.317945528	-0.56014078	benign supporting	FALSE	FALSE
Q209Q	p.Gln209=	synonymous	1.816122726	0.129242062	NA	NA	FALSE	TRUE
Q209*	p.Gln209*	nonsense	0.449478663	0.168522846	NA	NA	TRUE	FALSE
S210S	p.Ser210=	synonymous	0.324232387	0.535652656	NA	NA	TRUE	FALSE
S210A	p.Ser210Ala	missense	0.97643688	0.151218207	-0.491130583	benign supporting	FALSE	FALSE
S210V	p.Ser210Val	missense	-0.81035269	1.110740222	4.649621792	pathogenic very strong	FALSE	FALSE
S210R	p.Ser210Arg	missense	0.122710571	0.665416272	NA	NA	TRUE	FALSE
S210D	p.Ser210Asp	missense	0.3636235	0.207850206	NA	NA	TRUE	FALSE
S210F	p.Ser210Phe	missense	0.539270798	0.219043164	NA	NA	TRUE	FALSE
S210T	p.Ser210Thr	missense	0.336161139	0.19867129	NA	NA	TRUE	FALSE
S210I	p.Ser210Ile	missense	0.442758617	0.059868333	NA	NA	TRUE	FALSE
S210L	p.Ser210Leu	missense	1.58004165	0.063466313	NA	NA	FALSE	TRUE
S210K	p.Ser210Lys	missense	-0.627607521	1.012406424	4.787892787	pathogenic very strong	FALSE	FALSE
S210G	p.Ser210Gly	missense	-0.487213652	0.858814523	1.659652425	pathogenic strong	FALSE	FALSE
S210Y	p.Ser210Tyr	missense	2.273532032	0.081709283	NA	NA	FALSE	TRUE
S210N	p.Ser210Asn	missense	-1.096412929	0.921989316	4.374954156	pathogenic very strong	FALSE	FALSE
S210C	p.Ser210Cys	missense	0.766328465	0.069619603	-0.246185448	indeterminate	FALSE	FALSE
S210P	p.Ser210Pro	missense	0.27438301	0.992225257	NA	NA	TRUE	FALSE
S210E	p.Ser210Glu	missense	0.526278998	0.333503868	NA	NA	TRUE	FALSE
S210M	p.Ser210Met	missense	0.319786955	0.201512652	NA	NA	TRUE	FALSE
S210W	p.Ser210Trp	missense	NA	NA	NA	NA	NA	NA
S210H	p.Ser210His	missense	-0.902247127	0.718063912	4.567348151	pathogenic very strong	FALSE	FALSE
S210Q	p.Ser210Gln	missense	-1.071419999	0.937799705	4.404089736	pathogenic very strong	FALSE	FALSE
S210*	p.Ser210*	nonsense	0.005434978	0.329630297	NA	NA	FALSE	FALSE
V211S	p.Val211Ser	missense	0.516826054	0.096975739	NA	NA	TRUE	FALSE
V211A	p.Val211Ala	missense	1.408625029	0.452858469	-0.475013775	benign supporting	FALSE	FALSE
V211V	p.Val211=	synonymous	-0.173139794	0.174918518	NA	NA	FALSE	FALSE
V211R	p.Val211Arg	missense	0.472560615	0.363811708	NA	NA	TRUE	FALSE
V211D	p.Val211Asp	missense	0.837780113	0.854907404	NA	NA	TRUE	FALSE
V211F	p.Val211Phe	missense	0.825517979	0.258885746	-0.331024345	benign supporting	FALSE	FALSE
V211T	p.Val211Thr	missense	NA	NA	NA	NA	NA	NA
V211I	p.Val211Ile	missense	1.412753478	0.211154655	-0.471257438	benign supporting	FALSE	FALSE
V211L	p.Val211Leu	missense	0.017436883	0.656296697	NA	NA	TRUE	FALSE
V211K	p.Val211Lys	missense	NA	NA	NA	NA	NA	NA
V211G	p.Val211Gly	missense	-0.266928	0.199548937	0.769117774	pathogenic moderate	FALSE	FALSE
V211Y	p.Val211Tyr	missense	NA	NA	NA	NA	NA	NA
V211N	p.Val211Asn	missense	1.857427097	0.129334028	NA	NA	FALSE	TRUE
V211C	p.Val211Cys	missense	1.086175593	0.935146203	NA	NA	TRUE	FALSE
V211P	p.Val211Pro	missense	0.571283071	0.114640211	NA	NA	TRUE	FALSE
V211E	p.Val211Glu	missense	0.140290154	0.827294431	NA	NA	TRUE	FALSE
V211M	p.Val211Met	missense	0.393325252	0.200276418	NA	NA	TRUE	FALSE
V211W	p.Val211Trp	missense	0.139190275	0.141238542	0.56415255	pathogenic supporting	FALSE	FALSE
V211H	p.Val211His	missense	NA	NA	NA	NA	NA	NA
V211Q	p.Val211Gln	missense	1.551559823	0.146956401	NA	NA	FALSE	TRUE
V211*	p.Val211*	nonsense	-0.730538186	0.94650621	NA	NA	FALSE	FALSE
Y212S	p.Tyr212Ser	missense	-1.498552685	0.84139509	3.971552884	pathogenic very strong	FALSE	FALSE
Y212A	p.Tyr212Ala	missense	NA	NA	NA	NA	NA	NA
Y212V	p.Tyr212Val	missense	0.335488812	0.174466255	NA	NA	TRUE	FALSE
Y212R	p.Tyr212Arg	missense	NA	NA	NA	NA	NA	NA
Y212D	p.Tyr212Asp	missense	0.327973873	0.122630683	0.468301052	pathogenic supporting	FALSE	FALSE
Y212F	p.Tyr212Phe	missense	NA	NA	NA	NA	NA	NA
Y212T	p.Tyr212Thr	missense	NA	NA	NA	NA	NA	NA
Y212I	p.Tyr212Ile	missense	-0.178288052	0.153785661	0.633580244	pathogenic supporting	FALSE	FALSE
Y212L	p.Tyr212Leu	missense	-1.509188	0.881031228	3.96488808	pathogenic very strong	FALSE	FALSE
Y212K	p.Tyr212Lys	missense	NA	NA	NA	NA	NA	NA
Y212G	p.Tyr212Gly	missense	NA	NA	NA	NA	NA	NA
Y212Y	p.Tyr212=	synonymous	NA	NA	NA	NA	NA	NA
Y212N	p.Tyr212Asn	missense	NA	NA	NA	NA	NA	NA
Y212C	p.Tyr212Cys	missense	0.884388864	0.145540335	-0.408011464	benign supporting	FALSE	FALSE
Y212P	p.Tyr212Pro	missense	NA	NA	NA	NA	NA	NA
Y212E	p.Tyr212Glu	missense	NA	NA	NA	NA	NA	NA
Y212M	p.Tyr212Met	missense	NA	NA	NA	NA	NA	NA
Y212W	p.Tyr212Trp	missense	1.694944929	0.330442486	NA	NA	FALSE	TRUE
Y212H	p.Tyr212His	missense	1.233919018	0.652406686	-0.564099846	benign supporting	FALSE	FALSE
Y212Q	p.Tyr212Gln	missense	-0.875237871	0.433254403	4.589953152	pathogenic very strong	FALSE	FALSE
Y212*	p.Tyr212*	nonsense	-0.490954936	0.275872738	NA	NA	FALSE	FALSE
P213S	p.Pro213Ser	missense	0.574113315	0.312135486	NA	NA	TRUE	FALSE
P213A	p.Pro213Ala	missense	0.018806551	1.151676818	NA	NA	TRUE	FALSE
P213V	p.Pro213Val	missense	1.423153088	0.099718905	-0.461117941	benign supporting	FALSE	FALSE
P213R	p.Pro213Arg	missense	-0.078158431	0.562819966	0.564247641	pathogenic supporting	FALSE	FALSE
P213D	p.Pro213Asp	missense	-0.327653501	0.559195818	0.942423135	pathogenic moderate	FALSE	FALSE
P213F	p.Pro213Phe	missense	1.35894036	0.199943931	-0.511561716	benign supporting	FALSE	FALSE
P213T	p.Pro213Thr	missense	0.33894326	0.150137053	0.452622856	pathogenic supporting	FALSE	FALSE
P213I	p.Pro213Ile	missense	1.765277609	0.232059579	NA	NA	FALSE	TRUE
P213L	p.Pro213Leu	missense	1.435587104	0.099283948	-0.448480847	benign supporting	FALSE	FALSE
P213K	p.Pro213Lys	missense	0.573840809	0.457297298	NA	NA	TRUE	FALSE
P213G	p.Pro213Gly	missense	0.402724797	0.103321743	NA	NA	TRUE	FALSE
P213Y	p.Pro213Tyr	missense	NA	NA	NA	NA	NA	NA
P213N	p.Pro213Asn	missense	0.590324404	0.131310642	NA	NA	TRUE	FALSE
P213C	p.Pro213Cys	missense	-0.669700297	0.379423339	4.762889616	pathogenic very strong	FALSE	FALSE
P213P	p.Pro213=	synonymous	0.852430627	0.571415314	NA	NA	TRUE	FALSE
P213E	p.Pro213Glu	missense	NA	NA	NA	NA	NA	NA
P213M	p.Pro213Met	missense	NA	NA	NA	NA	NA	NA
P213W	p.Pro213Trp	missense	0.559536929	0.140150916	NA	NA	TRUE	FALSE
P213H	p.Pro213His	missense	0.772318246	0.11251992	-0.255254047	indeterminate	FALSE	FALSE
P213Q	p.Pro213Gln	missense	0.923001094	0.311751317	-0.449335275	benign supporting	FALSE	FALSE
P213*	p.Pro213*	nonsense	-0.069164891	0.138911267	NA	NA	FALSE	FALSE
K214S	p.Lys214Ser	missense	-0.489050439	0.465211361	1.68856413	pathogenic strong	FALSE	FALSE
K214A	p.Lys214Ala	missense	1.291167583	0.860907075	NA	NA	TRUE	FALSE
K214V	p.Lys214Val	missense	-0.190569564	0.685125132	0.64710531	pathogenic moderate	FALSE	FALSE
K214R	p.Lys214Arg	missense	1.152008497	0.179378707	-0.565048323	benign supporting	FALSE	FALSE
K214D	p.Lys214Asp	missense	NA	NA	NA	NA	NA	NA
K214F	p.Lys214Phe	missense	0.859234957	0.160251295	-0.376980193	benign supporting	FALSE	FALSE
K214T	p.Lys214Thr	missense	0.249409501	0.157597471	0.5570092	pathogenic supporting	FALSE	FALSE
K214I	p.Lys214Ile	missense	0.803991668	0.679958063	NA	NA	TRUE	FALSE
K214L	p.Lys214Leu	missense	0.650281778	0.049891037	-0.06393322	indeterminate	FALSE	FALSE
K214K	p.Lys214=	synonymous	0.182507792	0.593767653	NA	NA	TRUE	FALSE
K214G	p.Lys214Gly	missense	0.491363397	0.4417271	NA	NA	TRUE	FALSE
K214Y	p.Lys214Tyr	missense	NA	NA	NA	NA	NA	NA
K214N	p.Lys214Asn	missense	0.697263205	0.107774874	-0.142333663	indeterminate	FALSE	FALSE
K214C	p.Lys214Cys	missense	NA	NA	NA	NA	NA	NA
K214P	p.Lys214Pro	missense	-0.318115878	0.276891654	0.920800462	pathogenic moderate	FALSE	FALSE
K214E	p.Lys214Glu	missense	0.784037947	1.679053997	NA	NA	TRUE	FALSE
K214M	p.Lys214Met	missense	0.682645341	0.205270002	NA	NA	TRUE	FALSE
K214W	p.Lys214Trp	missense	1.033330216	0.59706594	NA	NA	TRUE	FALSE
K214H	p.Lys214His	missense	NA	NA	NA	NA	NA	NA
K214Q	p.Lys214Gln	missense	-0.099037602	1.004901444	NA	NA	TRUE	FALSE
K214*	p.Lys214*	nonsense	-0.101658024	0.625667949	NA	NA	TRUE	FALSE
A215S	p.Ala215Ser	missense	-0.063191816	1.147936825	NA	NA	TRUE	FALSE
A215A	p.Ala215=	synonymous	0.762676864	0.205866671	NA	NA	FALSE	FALSE
A215V	p.Ala215Val	missense	0.292675994	0.234614585	NA	NA	TRUE	FALSE
A215R	p.Ala215Arg	missense	0.448227401	0.146062346	NA	NA	TRUE	FALSE
A215D	p.Ala215Asp	missense	NA	NA	NA	NA	NA	NA
A215F	p.Ala215Phe	missense	NA	NA	NA	NA	NA	NA
A215T	p.Ala215Thr	missense	1.142218841	0.293300349	-0.563717201	benign supporting	FALSE	FALSE
A215I	p.Ala215Ile	missense	1.269145187	0.397950566	-0.557323527	benign supporting	FALSE	FALSE
A215L	p.Ala215Leu	missense	NA	NA	NA	NA	NA	NA
A215K	p.Ala215Lys	missense	0.639605044	0.493265565	NA	NA	TRUE	FALSE
A215G	p.Ala215Gly	missense	-0.499724053	0.38818199	1.917340151	pathogenic strong	FALSE	FALSE
A215Y	p.Ala215Tyr	missense	NA	NA	NA	NA	NA	NA
A215N	p.Ala215Asn	missense	NA	NA	NA	NA	NA	NA
A215C	p.Ala215Cys	missense	NA	NA	NA	NA	NA	NA
A215P	p.Ala215Pro	missense	NA	NA	NA	NA	NA	NA
A215E	p.Ala215Glu	missense	2.822176641	0.076658867	NA	NA	FALSE	TRUE
A215M	p.Ala215Met	missense	NA	NA	NA	NA	NA	NA
A215W	p.Ala215Trp	missense	1.082678071	0.098694328	-0.553991914	benign supporting	FALSE	FALSE
A215H	p.Ala215His	missense	NA	NA	NA	NA	NA	NA
A215Q	p.Ala215Gln	missense	-0.142729075	0.921043209	NA	NA	TRUE	FALSE
A215*	p.Ala215*	nonsense	NA	NA	NA	NA	NA	NA
L216S	p.Leu216Ser	missense	0.228837446	0.734331307	NA	NA	TRUE	FALSE
L216A	p.Leu216Ala	missense	1.078582109	1.417426441	NA	NA	TRUE	FALSE
L216V	p.Leu216Val	missense	0.592187812	0.33207817	NA	NA	TRUE	FALSE
L216R	p.Leu216Arg	missense	-0.503477612	0.782315032	2.042586829	pathogenic strong	FALSE	FALSE
L216D	p.Leu216Asp	missense	-0.525067348	0.18827251	4.835459225	pathogenic very strong	FALSE	FALSE
L216F	p.Leu216Phe	missense	2.106862616	0.216704668	NA	NA	FALSE	TRUE
L216T	p.Leu216Thr	missense	NA	NA	NA	NA	NA	NA
L216I	p.Leu216Ile	missense	3.51294271	0.087411078	NA	NA	FALSE	TRUE
L216L	p.Leu216=	synonymous	0.927975462	0.107135964	NA	NA	FALSE	FALSE
L216K	p.Leu216Lys	missense	-0.775098879	0.270338629	4.681343354	pathogenic very strong	FALSE	FALSE
L216G	p.Leu216Gly	missense	1.141284506	0.709135154	NA	NA	TRUE	FALSE
L216Y	p.Leu216Tyr	missense	0.255524289	0.62881049	NA	NA	TRUE	FALSE
L216N	p.Leu216Asn	missense	-1.212609705	0.727260892	4.221467838	pathogenic very strong	FALSE	FALSE
L216C	p.Leu216Cys	missense	0.49216594	0.075440369	NA	NA	TRUE	FALSE
L216P	p.Leu216Pro	missense	-0.942827353	0.174414097	4.53065246	pathogenic very strong	FALSE	FALSE
L216E	p.Leu216Glu	missense	0.080199422	0.239163526	0.545720494	pathogenic supporting	FALSE	FALSE
L216M	p.Leu216Met	missense	-0.410747214	0.234599392	1.137452097	pathogenic moderate	FALSE	FALSE
L216W	p.Leu216Trp	missense	1.085501817	0.149987867	-0.554804096	benign supporting	FALSE	FALSE
L216H	p.Leu216His	missense	NA	NA	NA	NA	NA	NA
L216Q	p.Leu216Gln	missense	NA	NA	NA	NA	NA	NA
L216*	p.Leu216*	nonsense	0.122812255	0.64586521	NA	NA	TRUE	FALSE
R217S	p.Arg217Ser	missense	0.493458111	0.27869951	NA	NA	TRUE	FALSE
R217A	p.Arg217Ala	missense	-1.181831852	0.885233746	4.260426208	pathogenic very strong	FALSE	FALSE
R217V	p.Arg217Val	missense	-0.501944136	0.498532768	1.986774625	pathogenic strong	FALSE	FALSE
R217R	p.Arg217=	synonymous	1.791383606	0.293810328	NA	NA	FALSE	TRUE
R217D	p.Arg217Asp	missense	NA	NA	NA	NA	NA	NA
R217F	p.Arg217Phe	missense	0.530538473	0.10433886	NA	NA	TRUE	FALSE
R217T	p.Arg217Thr	missense	0.522685511	0.768576048	NA	NA	TRUE	FALSE
R217I	p.Arg217Ile	missense	0.680904262	0.116628007	-0.115556085	indeterminate	FALSE	FALSE
R217L	p.Arg217Leu	missense	0.869072861	0.203023994	-0.3888028	benign supporting	FALSE	FALSE
R217K	p.Arg217Lys	missense	0.913904703	1.820820262	NA	NA	TRUE	FALSE
R217G	p.Arg217Gly	missense	0.919343565	0.423910289	NA	NA	TRUE	FALSE
R217Y	p.Arg217Tyr	missense	-0.027700562	1.085526752	NA	NA	TRUE	FALSE
R217N	p.Arg217Asn	missense	NA	NA	NA	NA	NA	NA
R217C	p.Arg217Cys	missense	1.48926664	0.083191467	NA	NA	FALSE	TRUE
R217P	p.Arg217Pro	missense	NA	NA	NA	NA	NA	NA
R217E	p.Arg217Glu	missense	0.585866406	0.239532726	NA	NA	TRUE	FALSE
R217M	p.Arg217Met	missense	1.44315093	0.13841802	-0.440953981	benign supporting	FALSE	FALSE
R217W	p.Arg217Trp	missense	1.564837448	0.156087117	NA	NA	FALSE	TRUE
R217H	p.Arg217His	missense	NA	NA	NA	NA	NA	NA
R217Q	p.Arg217Gln	missense	NA	NA	NA	NA	NA	NA
R217*	p.Arg217*	nonsense	-0.172517907	0.215371211	NA	NA	FALSE	FALSE
D218S	p.Asp218Ser	missense	0.763071627	0.253412121	-0.241563938	indeterminate	FALSE	FALSE
D218A	p.Asp218Ala	missense	1.209421097	0.087704046	-0.567139907	benign supporting	FALSE	FALSE
D218V	p.Asp218Val	missense	0.432776667	0.083672659	NA	NA	TRUE	FALSE
D218R	p.Asp218Arg	missense	0.122007333	0.399491609	NA	NA	TRUE	FALSE
D218D	p.Asp218=	synonymous	NA	NA	NA	NA	NA	NA
D218F	p.Asp218Phe	missense	0.701688955	0.10260212	-0.1491114	indeterminate	FALSE	FALSE
D218T	p.Asp218Thr	missense	0.823082123	0.053903971	-0.327505112	benign supporting	FALSE	FALSE
D218I	p.Asp218Ile	missense	0.817271351	0.086931671	-0.319458343	benign supporting	FALSE	FALSE
D218L	p.Asp218Leu	missense	0.809854487	0.152779509	-0.309305143	indeterminate	FALSE	FALSE
D218K	p.Asp218Lys	missense	0.3237699	0.119063766	0.47474029	pathogenic supporting	FALSE	FALSE
D218G	p.Asp218Gly	missense	0.793074701	0.198221068	-0.285049665	indeterminate	FALSE	FALSE
D218Y	p.Asp218Tyr	missense	0.66834183	0.117479547	-0.092852231	indeterminate	FALSE	FALSE
D218N	p.Asp218Asn	missense	1.982427035	0.059537991	NA	NA	FALSE	TRUE
D218C	p.Asp218Cys	missense	0.27542457	0.114507262	0.528793051	pathogenic supporting	FALSE	FALSE
D218P	p.Asp218Pro	missense	0.002606122	0.676730033	NA	NA	TRUE	FALSE
D218E	p.Asp218Glu	missense	0.59245057	0.875888544	NA	NA	TRUE	FALSE
D218M	p.Asp218Met	missense	0.02406051	0.737894675	NA	NA	TRUE	FALSE
D218W	p.Asp218Trp	missense	1.615945343	0.044124298	NA	NA	FALSE	TRUE
D218H	p.Asp218His	missense	1.284097072	0.129047409	-0.551265693	benign supporting	FALSE	FALSE
D218Q	p.Asp218Gln	missense	-0.749766479	0.463128365	4.703868446	pathogenic very strong	FALSE	FALSE
D218*	p.Asp218*	nonsense	-0.27186179	0.167096172	NA	NA	FALSE	FALSE
E219S	p.Glu219Ser	missense	0.768114669	0.177756832	-0.248917905	indeterminate	FALSE	FALSE
E219A	p.Glu219Ala	missense	0.944698866	0.143825859	-0.467481956	benign supporting	FALSE	FALSE
E219V	p.Glu219Val	missense	1.208300336	0.595977955	-0.567294552	benign supporting	FALSE	FALSE
E219R	p.Glu219Arg	missense	1.628060946	0.151989658	NA	NA	FALSE	TRUE
E219D	p.Glu219Asp	missense	1.019572154	0.585207583	NA	NA	TRUE	FALSE
E219F	p.Glu219Phe	missense	NA	NA	NA	NA	NA	NA
E219T	p.Glu219Thr	missense	0.240817681	0.303537082	NA	NA	TRUE	FALSE
E219I	p.Glu219Ile	missense	1.264115072	0.109790608	-0.55861788	benign supporting	FALSE	FALSE
E219L	p.Glu219Leu	missense	0.239297297	0.456078042	NA	NA	TRUE	FALSE
E219K	p.Glu219Lys	missense	0.492643196	0.34297064	NA	NA	TRUE	FALSE
E219G	p.Glu219Gly	missense	1.058594179	0.660828181	NA	NA	TRUE	FALSE
E219Y	p.Glu219Tyr	missense	-1.240821097	1.059648895	4.187215885	pathogenic very strong	FALSE	FALSE
E219N	p.Glu219Asn	missense	NA	NA	NA	NA	NA	NA
E219C	p.Glu219Cys	missense	0.319108623	0.164383223	0.48101418	pathogenic supporting	FALSE	FALSE
E219P	p.Glu219Pro	missense	1.425386531	0.52986058	-0.458806954	benign supporting	FALSE	FALSE
E219E	p.Glu219=	synonymous	1.523816619	0.099129576	NA	NA	FALSE	TRUE
E219M	p.Glu219Met	missense	0.769596643	0.234640607	-0.251166676	indeterminate	FALSE	FALSE
E219W	p.Glu219Trp	missense	-0.717833745	0.383926325	4.729436463	pathogenic very strong	FALSE	FALSE
E219H	p.Glu219His	missense	NA	NA	NA	NA	NA	NA
E219Q	p.Glu219Gln	missense	0.873548479	0.164265991	-0.394549164	benign supporting	FALSE	FALSE
E219*	p.Glu219*	nonsense	0.175469711	0.198345738	NA	NA	FALSE	FALSE
Y220S	p.Tyr220Ser	missense	-0.530038525	0.555128033	4.833532175	pathogenic very strong	FALSE	FALSE
Y220A	p.Tyr220Ala	missense	0.828234219	0.117459171	-0.334904681	benign supporting	FALSE	FALSE
Y220V	p.Tyr220Val	missense	0.798558294	0.457744079	NA	NA	TRUE	FALSE
Y220R	p.Tyr220Arg	missense	-0.70010455	0.158866706	4.74242028	pathogenic very strong	FALSE	FALSE
Y220D	p.Tyr220Asp	missense	0.28971787	0.821893677	NA	NA	TRUE	FALSE
Y220F	p.Tyr220Phe	missense	-0.657206436	0.667709177	4.770693833	pathogenic very strong	FALSE	FALSE
Y220T	p.Tyr220Thr	missense	-0.084811637	0.11519975	0.566830751	pathogenic supporting	FALSE	FALSE
Y220I	p.Tyr220Ile	missense	0.154742047	0.450131579	NA	NA	TRUE	FALSE
Y220L	p.Tyr220Leu	missense	0.193908953	0.255895075	0.586605951	pathogenic supporting	FALSE	FALSE
Y220K	p.Tyr220Lys	missense	0.001564054	0.259051535	0.545418747	pathogenic supporting	FALSE	FALSE
Y220G	p.Tyr220Gly	missense	-0.111259706	0.158944762	0.578915026	pathogenic supporting	FALSE	FALSE
Y220Y	p.Tyr220=	synonymous	1.76607584	0.04165712	NA	NA	FALSE	TRUE
Y220N	p.Tyr220Asn	missense	0.380692251	0.117768726	0.390991137	pathogenic supporting	FALSE	FALSE
Y220C	p.Tyr220Cys	missense	0.983614162	0.746161506	NA	NA	TRUE	FALSE
Y220P	p.Tyr220Pro	missense	-0.92485171	0.432211886	4.547594704	pathogenic very strong	FALSE	FALSE
Y220E	p.Tyr220Glu	missense	-0.099086221	0.11394497	0.572978978	pathogenic supporting	FALSE	FALSE
Y220M	p.Tyr220Met	missense	NA	NA	NA	NA	NA	NA
Y220W	p.Tyr220Trp	missense	0.489927926	0.048430644	NA	NA	TRUE	FALSE
Y220H	p.Tyr220His	missense	-0.359827155	0.267232805	1.001385809	pathogenic moderate	FALSE	FALSE
Y220Q	p.Tyr220Gln	missense	-1.122760838	1.336143376	4.340663355	pathogenic very strong	FALSE	FALSE
Y220*	p.Tyr220*	nonsense	0.889910056	0.612373689	NA	NA	TRUE	FALSE
I221S	p.Ile221Ser	missense	-0.431202088	0.421555613	1.217496518	pathogenic moderate	FALSE	FALSE
I221A	p.Ile221Ala	missense	NA	NA	NA	NA	NA	NA
I221V	p.Ile221Val	missense	0.880797101	0.478272523	NA	NA	TRUE	FALSE
I221R	p.Ile221Arg	missense	-0.021504156	0.464658144	0.548737427	pathogenic supporting	FALSE	FALSE
I221D	p.Ile221Asp	missense	0.267715392	0.18438216	0.539507734	pathogenic supporting	FALSE	FALSE
I221F	p.Ile221Phe	missense	NA	NA	NA	NA	NA	NA
I221T	p.Ile221Thr	missense	1.088746277	0.913622031	NA	NA	TRUE	FALSE
I221I	p.Ile221=	synonymous	0.823673898	0.068665488	NA	NA	FALSE	FALSE
I221L	p.Ile221Leu	missense	-0.592113985	0.344730943	4.806327477	pathogenic very strong	FALSE	FALSE
I221K	p.Ile221Lys	missense	-0.33865656	0.145978077	0.960914889	pathogenic moderate	FALSE	FALSE
I221G	p.Ile221Gly	missense	0.021781875	0.466669482	0.543812867	pathogenic supporting	FALSE	FALSE
I221Y	p.Ile221Tyr	missense	1.227962485	0.099109819	-0.564746598	benign supporting	FALSE	FALSE
I221N	p.Ile221Asn	missense	-1.01667116	0.231081984	4.458617622	pathogenic very strong	FALSE	FALSE
I221C	p.Ile221Cys	missense	-0.231213128	1.443374057	NA	NA	TRUE	FALSE
I221P	p.Ile221Pro	missense	-0.814725237	0.355973277	4.646037575	pathogenic very strong	FALSE	FALSE
I221E	p.Ile221Glu	missense	-1.758475896	0.380876515	3.707009437	pathogenic very strong	FALSE	FALSE
I221M	p.Ile221Met	missense	0.697931705	0.153251066	-0.143367876	indeterminate	FALSE	FALSE
I221W	p.Ile221Trp	missense	0.798375968	0.088807681	-0.292915945	indeterminate	FALSE	FALSE
I221H	p.Ile221His	missense	-0.412660226	0.197748578	1.144109661	pathogenic moderate	FALSE	FALSE
I221Q	p.Ile221Gln	missense	-0.4124846	0.734875704	1.143492222	pathogenic moderate	FALSE	FALSE
I221*	p.Ile221*	nonsense	-0.639385721	0.204199707	NA	NA	FALSE	FALSE
M222S	p.Met222Ser	missense	0.271278427	0.400291664	NA	NA	TRUE	FALSE
M222A	p.Met222Ala	missense	-1.481416739	0.736858084	3.981819257	pathogenic very strong	FALSE	FALSE
M222V	p.Met222Val	missense	1.416060981	0.221407116	-0.468140273	benign supporting	FALSE	FALSE
M222R	p.Met222Arg	missense	-0.425198349	0.203152837	1.191787943	pathogenic moderate	FALSE	FALSE
M222D	p.Met222Asp	missense	-0.766218562	0.192016953	4.689483462	pathogenic very strong	FALSE	FALSE
M222F	p.Met222Phe	missense	0.84857228	0.131638016	-0.363529711	benign supporting	FALSE	FALSE
M222T	p.Met222Thr	missense	1.07467417	0.393805017	-0.550495048	benign supporting	FALSE	FALSE
M222I	p.Met222Ile	missense	0.781374683	0.114973079	-0.268474716	indeterminate	FALSE	FALSE
M222L	p.Met222Leu	missense	1.428809962	0.108354624	-0.455168173	benign supporting	FALSE	FALSE
M222K	p.Met222Lys	missense	NA	NA	NA	NA	NA	NA
M222G	p.Met222Gly	missense	1.279108979	0.392920086	-0.553279941	benign supporting	FALSE	FALSE
M222Y	p.Met222Tyr	missense	1.450827359	0.058523991	-0.433248283	benign supporting	FALSE	FALSE
M222N	p.Met222Asn	missense	NA	NA	NA	NA	NA	NA
M222C	p.Met222Cys	missense	0.563799084	0.110487348	NA	NA	TRUE	FALSE
M222P	p.Met222Pro	missense	0.236649664	0.211195043	0.56712327	pathogenic supporting	FALSE	FALSE
M222E	p.Met222Glu	missense	-0.813188105	0.325870958	4.647304056	pathogenic very strong	FALSE	FALSE
M222M	p.Met222=	synonymous	NA	NA	NA	NA	NA	NA
M222W	p.Met222Trp	missense	0.427062934	0.066272044	0.326034656	pathogenic supporting	FALSE	FALSE
M222H	p.Met222His	missense	0.226874188	0.14660715	0.575871835	pathogenic supporting	FALSE	FALSE
M222Q	p.Met222Gln	missense	1.690108008	0.195942713	NA	NA	FALSE	TRUE
M222*	p.Met222*	nonsense	-0.294615859	1.154872029	NA	NA	TRUE	FALSE
S223S	p.Ser223=	synonymous	1.390548821	0.44361328	NA	NA	FALSE	FALSE
S223A	p.Ser223Ala	missense	0.49309389	0.094488086	NA	NA	TRUE	FALSE
S223V	p.Ser223Val	missense	-0.277462291	0.389891343	0.79346782	pathogenic moderate	FALSE	FALSE
S223R	p.Ser223Arg	missense	NA	NA	NA	NA	NA	NA
S223D	p.Ser223Asp	missense	NA	NA	NA	NA	NA	NA
S223F	p.Ser223Phe	missense	0.856266574	0.978898416	NA	NA	TRUE	FALSE
S223T	p.Ser223Thr	missense	-0.801059531	0.397850651	4.657054157	pathogenic very strong	FALSE	FALSE
S223I	p.Ser223Ile	missense	1.061861239	0.07113699	-0.544503043	benign supporting	FALSE	FALSE
S223L	p.Ser223Leu	missense	1.938833116	0.087540222	NA	NA	FALSE	TRUE
S223K	p.Ser223Lys	missense	1.339718869	0.586118002	-0.523677645	benign supporting	FALSE	FALSE
S223G	p.Ser223Gly	missense	1.659690023	0.096657941	NA	NA	FALSE	TRUE
S223Y	p.Ser223Tyr	missense	NA	NA	NA	NA	NA	NA
S223N	p.Ser223Asn	missense	NA	NA	NA	NA	NA	NA
S223C	p.Ser223Cys	missense	-0.433075383	0.195586479	1.225962247	pathogenic moderate	FALSE	FALSE
S223P	p.Ser223Pro	missense	-0.077084093	0.562144015	0.563846764	pathogenic supporting	FALSE	FALSE
S223E	p.Ser223Glu	missense	1.351369377	0.2011045	-0.516610598	benign supporting	FALSE	FALSE
S223M	p.Ser223Met	missense	NA	NA	NA	NA	NA	NA
S223W	p.Ser223Trp	missense	1.258062372	0.103713227	-0.560025288	benign supporting	FALSE	FALSE
S223H	p.Ser223His	missense	NA	NA	NA	NA	NA	NA
S223Q	p.Ser223Gln	missense	NA	NA	NA	NA	NA	NA
S223*	p.Ser223*	nonsense	0.076298334	0.143055575	NA	NA	FALSE	FALSE
K224S	p.Lys224Ser	missense	-0.143839109	0.400508084	0.601642089	pathogenic supporting	FALSE	FALSE
K224A	p.Lys224Ala	missense	0.554593846	0.215636484	NA	NA	TRUE	FALSE
K224V	p.Lys224Val	missense	0.624233342	0.151530985	NA	NA	TRUE	FALSE
K224R	p.Lys224Arg	missense	0.020640967	0.644078062	NA	NA	TRUE	FALSE
K224D	p.Lys224Asp	missense	-0.557121371	0.989843533	4.8223988	pathogenic very strong	FALSE	FALSE
K224F	p.Lys224Phe	missense	1.704613988	0.053551403	NA	NA	FALSE	TRUE
K224T	p.Lys224Thr	missense	-0.436448241	0.744142902	1.241787868	pathogenic moderate	FALSE	FALSE
K224I	p.Lys224Ile	missense	NA	NA	NA	NA	NA	NA
K224L	p.Lys224Leu	missense	-0.438822645	0.293457935	1.253408345	pathogenic moderate	FALSE	FALSE
K224K	p.Lys224=	synonymous	3.474330696	0.361552105	NA	NA	FALSE	TRUE
K224G	p.Lys224Gly	missense	0.252144639	0.15969648	0.555022301	pathogenic supporting	FALSE	FALSE
K224Y	p.Lys224Tyr	missense	0.871918932	0.613853161	NA	NA	TRUE	FALSE
K224N	p.Lys224Asn	missense	0.599806205	0.761496522	NA	NA	TRUE	FALSE
K224C	p.Lys224Cys	missense	-0.828901208	0.177992242	4.634016557	pathogenic very strong	FALSE	FALSE
K224P	p.Lys224Pro	missense	1.491148506	0.149153615	NA	NA	FALSE	TRUE
K224E	p.Lys224Glu	missense	-0.207862766	0.400213368	0.66843952	pathogenic moderate	FALSE	FALSE
K224M	p.Lys224Met	missense	-0.892487114	0.886795848	4.575385738	pathogenic very strong	FALSE	FALSE
K224W	p.Lys224Trp	missense	-0.32152756	0.527223833	0.932778471	pathogenic moderate	FALSE	FALSE
K224H	p.Lys224His	missense	NA	NA	NA	NA	NA	NA
K224Q	p.Lys224Gln	missense	0.186348569	0.541922473	NA	NA	TRUE	FALSE
K224*	p.Lys224*	nonsense	0.172348443	0.184339628	NA	NA	FALSE	FALSE
T225S	p.Thr225Ser	missense	0.904319699	0.311317708	-0.431112092	benign supporting	FALSE	FALSE
T225A	p.Thr225Ala	missense	0.815692544	0.102533343	-0.317324404	indeterminate	FALSE	FALSE
T225V	p.Thr225Val	missense	-0.20825359	0.376921683	0.668955654	pathogenic moderate	FALSE	FALSE
T225R	p.Thr225Arg	missense	0.826722288	0.180574382	-0.332750446	benign supporting	FALSE	FALSE
T225D	p.Thr225Asp	missense	0.41740085	0.076231754	0.340669077	pathogenic supporting	FALSE	FALSE
T225F	p.Thr225Phe	missense	1.499902862	0.070040573	NA	NA	FALSE	TRUE
T225T	p.Thr225=	synonymous	1.326641625	0.409635769	NA	NA	FALSE	FALSE
T225I	p.Thr225Ile	missense	1.264044451	0.135518927	-0.558635238	benign supporting	FALSE	FALSE
T225L	p.Thr225Leu	missense	NA	NA	NA	NA	NA	NA
T225K	p.Thr225Lys	missense	3.320525074	0.041385475	NA	NA	FALSE	TRUE
T225G	p.Thr225Gly	missense	0.439390353	0.197685075	NA	NA	TRUE	FALSE
T225Y	p.Thr225Tyr	missense	1.202608006	0.098957254	-0.568002264	benign supporting	FALSE	FALSE
T225N	p.Thr225Asn	missense	0.889687196	0.118113333	-0.414352906	benign supporting	FALSE	FALSE
T225C	p.Thr225Cys	missense	-0.464473601	0.153411957	1.413641628	pathogenic strong	FALSE	FALSE
T225P	p.Thr225Pro	missense	NA	NA	NA	NA	NA	NA
T225E	p.Thr225Glu	missense	NA	NA	NA	NA	NA	NA
T225M	p.Thr225Met	missense	1.924904822	0.047586641	NA	NA	FALSE	TRUE
T225W	p.Thr225Trp	missense	0.489838694	0.070977183	NA	NA	TRUE	FALSE
T225H	p.Thr225His	missense	1.089347029	0.083058619	-0.555760872	benign supporting	FALSE	FALSE
T225Q	p.Thr225Gln	missense	0.797942704	0.066747751	-0.292280335	indeterminate	FALSE	FALSE
T225*	p.Thr225*	nonsense	0.042179032	0.111611458	NA	NA	FALSE	FALSE
L226S	p.Leu226Ser	missense	-0.114845777	0.374906791	0.580792312	pathogenic supporting	FALSE	FALSE
L226A	p.Leu226Ala	missense	0.829858413	0.475742357	NA	NA	TRUE	FALSE
L226V	p.Leu226Val	missense	-0.184976207	0.312890417	0.640789615	pathogenic moderate	FALSE	FALSE
L226R	p.Leu226Arg	missense	1.466300554	0.091254687	NA	NA	FALSE	TRUE
L226D	p.Leu226Asp	missense	-0.594938146	0.648028407	4.804942334	pathogenic very strong	FALSE	FALSE
L226F	p.Leu226Phe	missense	2.470032356	0.022517847	NA	NA	FALSE	TRUE
L226T	p.Leu226Thr	missense	0.660592001	0.735876058	NA	NA	TRUE	FALSE
L226I	p.Leu226Ile	missense	1.124881467	0.055493862	-0.562194197	benign supporting	FALSE	FALSE
L226L	p.Leu226=	synonymous	0.752299464	0.595397841	NA	NA	TRUE	FALSE
L226K	p.Leu226Lys	missense	1.557184815	0.144199717	NA	NA	FALSE	TRUE
L226G	p.Leu226Gly	missense	-0.306913441	0.103032054	0.878439065	pathogenic moderate	FALSE	FALSE
L226Y	p.Leu226Tyr	missense	0.804738741	0.113109747	-0.302105872	indeterminate	FALSE	FALSE
L226N	p.Leu226Asn	missense	-0.406262459	0.117589198	1.122407602	pathogenic moderate	FALSE	FALSE
L226C	p.Leu226Cys	missense	1.205156836	0.083898845	-0.567701347	benign supporting	FALSE	FALSE
L226P	p.Leu226Pro	missense	-0.779943343	0.25199599	4.67678588	pathogenic very strong	FALSE	FALSE
L226E	p.Leu226Glu	missense	1.611327735	0.124032432	NA	NA	FALSE	TRUE
L226M	p.Leu226Met	missense	0.970348829	1.047551617	NA	NA	TRUE	FALSE
L226W	p.Leu226Trp	missense	1.107637239	0.27044951	-0.559618599	benign supporting	FALSE	FALSE
L226H	p.Leu226His	missense	0.010566946	1.144784596	NA	NA	TRUE	FALSE
L226Q	p.Leu226Gln	missense	0.05272294	0.065938252	0.543624387	pathogenic supporting	FALSE	FALSE
L226*	p.Leu226*	nonsense	1.037387275	0.069060875	NA	NA	FALSE	FALSE
G227S	p.Gly227Ser	missense	2.25662871	0.142912438	NA	NA	FALSE	TRUE
G227A	p.Gly227Ala	missense	2.251642538	0.07697947	NA	NA	FALSE	TRUE
G227V	p.Gly227Val	missense	-0.552817909	0.607979293	4.824241305	pathogenic very strong	FALSE	FALSE
G227R	p.Gly227Arg	missense	-0.36574723	0.197745539	1.014045571	pathogenic moderate	FALSE	FALSE
G227D	p.Gly227Asp	missense	0.845842845	0.936454325	NA	NA	TRUE	FALSE
G227F	p.Gly227Phe	missense	-0.820875721	0.212492389	4.640898564	pathogenic very strong	FALSE	FALSE
G227T	p.Gly227Thr	missense	-0.542497241	0.309621392	4.828545796	pathogenic very strong	FALSE	FALSE
G227I	p.Gly227Ile	missense	0.191026573	0.111706787	0.58711841	pathogenic supporting	FALSE	FALSE
G227L	p.Gly227Leu	missense	-0.239953364	0.221883199	0.716760375	pathogenic moderate	FALSE	FALSE
G227K	p.Gly227Lys	missense	1.218716931	0.688839514	-0.56565904	benign supporting	FALSE	FALSE
G227G	p.Gly227=	synonymous	1.44579218	0.892696293	NA	NA	FALSE	FALSE
G227Y	p.Gly227Tyr	missense	-0.955484251	0.15129101	4.518003861	pathogenic very strong	FALSE	FALSE
G227N	p.Gly227Asn	missense	1.435384823	0.095599711	-0.448674722	benign supporting	FALSE	FALSE
G227C	p.Gly227Cys	missense	1.243077412	0.123944332	-0.562834601	benign supporting	FALSE	FALSE
G227P	p.Gly227Pro	missense	-1.12333446	0.170265238	4.339870958	pathogenic very strong	FALSE	FALSE
G227E	p.Gly227Glu	missense	2.186188762	0.100265908	NA	NA	FALSE	TRUE
G227M	p.Gly227Met	missense	-0.758003623	0.731932083	4.696776004	pathogenic very strong	FALSE	FALSE
G227W	p.Gly227Trp	missense	2.139075194	0.048884369	NA	NA	FALSE	TRUE
G227H	p.Gly227His	missense	NA	NA	NA	NA	NA	NA
G227Q	p.Gly227Gln	missense	NA	NA	NA	NA	NA	NA
G227*	p.Gly227*	nonsense	0.412046272	0.585055157	NA	NA	TRUE	FALSE
S228S	p.Ser228=	synonymous	0.789701893	0.103172454	NA	NA	FALSE	FALSE
S228A	p.Ser228Ala	missense	NA	NA	NA	NA	NA	NA
S228V	p.Ser228Val	missense	0.322939171	0.104729462	0.476042539	pathogenic supporting	FALSE	FALSE
S228R	p.Ser228Arg	missense	0.39465041	0.179310686	NA	NA	TRUE	FALSE
S228D	p.Ser228Asp	missense	-1.587296263	0.882292967	3.908036612	pathogenic very strong	FALSE	FALSE
S228F	p.Ser228Phe	missense	2.003967615	0.157438797	NA	NA	FALSE	TRUE
S228T	p.Ser228Thr	missense	-0.095881981	0.521732325	0.571524682	pathogenic supporting	FALSE	FALSE
S228I	p.Ser228Ile	missense	0.549332199	0.597733917	NA	NA	TRUE	FALSE
S228L	p.Ser228Leu	missense	-0.490685912	0.431343759	1.716218149	pathogenic strong	FALSE	FALSE
S228K	p.Ser228Lys	missense	1.469450943	0.077922164	NA	NA	FALSE	TRUE
S228G	p.Ser228Gly	missense	1.096148767	0.091889592	-0.557329559	benign supporting	FALSE	FALSE
S228Y	p.Ser228Tyr	missense	0.476188631	0.235242856	NA	NA	TRUE	FALSE
S228N	p.Ser228Asn	missense	1.495990972	0.314814953	NA	NA	FALSE	TRUE
S228C	p.Ser228Cys	missense	0.521739642	0.114590674	NA	NA	TRUE	FALSE
S228P	p.Ser228Pro	missense	NA	NA	NA	NA	NA	NA
S228E	p.Ser228Glu	missense	-1.126771407	0.380844405	4.335079225	pathogenic very strong	FALSE	FALSE
S228M	p.Ser228Met	missense	2.513678948	0.036094585	NA	NA	FALSE	TRUE
S228W	p.Ser228Trp	missense	0.895075118	0.095410284	-0.420649407	benign supporting	FALSE	FALSE
S228H	p.Ser228His	missense	NA	NA	NA	NA	NA	NA
S228Q	p.Ser228Gln	missense	-0.63026419	0.670828539	4.786419806	pathogenic very strong	FALSE	FALSE
S228*	p.Ser228*	nonsense	-0.909649984	0.187951823	NA	NA	FALSE	FALSE
G229S	p.Gly229Ser	missense	-0.481882014	0.51034312	1.586127853	pathogenic strong	FALSE	FALSE
G229A	p.Gly229Ala	missense	1.71854343	0.039346094	NA	NA	FALSE	TRUE
G229V	p.Gly229Val	missense	0.882180319	0.237374904	-0.40532289	benign supporting	FALSE	FALSE
G229R	p.Gly229Arg	missense	-0.441988349	0.312164471	1.26956789	pathogenic moderate	FALSE	FALSE
G229D	p.Gly229Asp	missense	0.612401998	1.327402434	NA	NA	TRUE	FALSE
G229F	p.Gly229Phe	missense	2.454253048	0.13387977	NA	NA	FALSE	TRUE
G229T	p.Gly229Thr	missense	NA	NA	NA	NA	NA	NA
G229I	p.Gly229Ile	missense	NA	NA	NA	NA	NA	NA
G229L	p.Gly229Leu	missense	-0.050549641	0.367427775	0.555305943	pathogenic supporting	FALSE	FALSE
G229K	p.Gly229Lys	missense	NA	NA	NA	NA	NA	NA
G229G	p.Gly229=	synonymous	1.237030378	0.09823054	NA	NA	FALSE	FALSE
G229Y	p.Gly229Tyr	missense	NA	NA	NA	NA	NA	NA
G229N	p.Gly229Asn	missense	NA	NA	NA	NA	NA	NA
G229C	p.Gly229Cys	missense	-0.156944975	0.687680329	NA	NA	TRUE	FALSE
G229P	p.Gly229Pro	missense	-0.754711657	0.250873153	4.699636399	pathogenic very strong	FALSE	FALSE
G229E	p.Gly229Glu	missense	0.49244761	0.265532705	NA	NA	TRUE	FALSE
G229M	p.Gly229Met	missense	-0.568331545	1.264535276	NA	NA	TRUE	FALSE
G229W	p.Gly229Trp	missense	0.483358759	0.190053009	NA	NA	TRUE	FALSE
G229H	p.Gly229His	missense	NA	NA	NA	NA	NA	NA
G229Q	p.Gly229Gln	missense	0.057913971	0.711087521	NA	NA	TRUE	FALSE
G229*	p.Gly229*	nonsense	1.161264899	0.109370056	NA	NA	FALSE	FALSE
A230S	p.Ala230Ser	missense	0.298126921	0.320169854	NA	NA	TRUE	FALSE
A230A	p.Ala230=	synonymous	0.726255406	0.62202942	NA	NA	TRUE	FALSE
A230V	p.Ala230Val	missense	1.630293757	0.217126675	NA	NA	FALSE	TRUE
A230R	p.Ala230Arg	missense	NA	NA	NA	NA	NA	NA
A230D	p.Ala230Asp	missense	NA	NA	NA	NA	NA	NA
A230F	p.Ala230Phe	missense	NA	NA	NA	NA	NA	NA
A230T	p.Ala230Thr	missense	1.539341847	1.074084327	NA	NA	TRUE	TRUE
A230I	p.Ala230Ile	missense	NA	NA	NA	NA	NA	NA
A230L	p.Ala230Leu	missense	NA	NA	NA	NA	NA	NA
A230K	p.Ala230Lys	missense	NA	NA	NA	NA	NA	NA
A230G	p.Ala230Gly	missense	0.992277539	0.449804114	-0.502941986	benign supporting	FALSE	FALSE
A230Y	p.Ala230Tyr	missense	NA	NA	NA	NA	NA	NA
A230N	p.Ala230Asn	missense	NA	NA	NA	NA	NA	NA
A230C	p.Ala230Cys	missense	NA	NA	NA	NA	NA	NA
A230P	p.Ala230Pro	missense	NA	NA	NA	NA	NA	NA
A230E	p.Ala230Glu	missense	NA	NA	NA	NA	NA	NA
A230M	p.Ala230Met	missense	NA	NA	NA	NA	NA	NA
A230W	p.Ala230Trp	missense	NA	NA	NA	NA	NA	NA
A230H	p.Ala230His	missense	NA	NA	NA	NA	NA	NA
A230Q	p.Ala230Gln	missense	NA	NA	NA	NA	NA	NA
A230*	p.Ala230*	nonsense	NA	NA	NA	NA	NA	NA
C231S	p.Cys231Ser	missense	1.042305743	0.070497178	-0.534402423	benign supporting	FALSE	FALSE
C231A	p.Cys231Ala	missense	0.482879139	0.53885995	NA	NA	TRUE	FALSE
C231V	p.Cys231Val	missense	0.845968644	0.032105863	-0.360138654	benign supporting	FALSE	FALSE
C231R	p.Cys231Arg	missense	0.163464589	0.088605026	0.575100723	pathogenic supporting	FALSE	FALSE
C231D	p.Cys231Asp	missense	0.779972112	0.224336303	-0.266464379	indeterminate	FALSE	FALSE
C231F	p.Cys231Phe	missense	1.192631097	0.071711664	-0.568935666	benign supporting	FALSE	FALSE
C231T	p.Cys231Thr	missense	-0.058725781	0.164090342	0.557666698	pathogenic supporting	FALSE	FALSE
C231I	p.Cys231Ile	missense	0.928678264	0.07984742	-0.45428148	benign supporting	FALSE	FALSE
C231L	p.Cys231Leu	missense	1.218516796	0.307921104	-0.565694701	benign supporting	FALSE	FALSE
C231K	p.Cys231Lys	missense	0.103269845	0.563018222	NA	NA	TRUE	FALSE
C231G	p.Cys231Gly	missense	1.552412789	0.049979342	NA	NA	FALSE	TRUE
C231Y	p.Cys231Tyr	missense	1.42102562	0.108949734	-0.463274227	benign supporting	FALSE	FALSE
C231N	p.Cys231Asn	missense	1.775828775	0.10321879	NA	NA	FALSE	TRUE
C231C	p.Cys231=	synonymous	NA	NA	NA	NA	NA	NA
C231P	p.Cys231Pro	missense	-0.353935614	0.122349967	0.989406955	pathogenic moderate	FALSE	FALSE
C231E	p.Cys231Glu	missense	1.243042185	0.155100052	-0.562840109	benign supporting	FALSE	FALSE
C231M	p.Cys231Met	missense	1.602151306	0.06353157	NA	NA	FALSE	TRUE
C231W	p.Cys231Trp	missense	2.191085434	0.014417238	NA	NA	FALSE	TRUE
C231H	p.Cys231His	missense	NA	NA	NA	NA	NA	NA
C231Q	p.Cys231Gln	missense	1.433852787	0.033547555	-0.450130928	benign supporting	FALSE	FALSE
C231*	p.Cys231*	nonsense	0.461770883	0.084299094	NA	NA	TRUE	FALSE
G232S	p.Gly232Ser	missense	0.425316382	0.428123154	NA	NA	TRUE	FALSE
G232A	p.Gly232Ala	missense	-0.321275643	0.196082393	0.932391211	pathogenic moderate	FALSE	FALSE
G232V	p.Gly232Val	missense	-0.429457832	0.736690594	1.209810251	pathogenic moderate	FALSE	FALSE
G232R	p.Gly232Arg	missense	-0.208845578	0.307969504	0.669740485	pathogenic moderate	FALSE	FALSE
G232D	p.Gly232Asp	missense	-0.127401536	0.146604606	0.589047083	pathogenic supporting	FALSE	FALSE
G232F	p.Gly232Phe	missense	-0.537742791	0.262794871	4.830475415	pathogenic very strong	FALSE	FALSE
G232T	p.Gly232Thr	missense	-0.232972823	0.315423474	0.705129678	pathogenic moderate	FALSE	FALSE
G232I	p.Gly232Ile	missense	-0.910050905	0.974848541	4.560713465	pathogenic very strong	FALSE	FALSE
G232L	p.Gly232Leu	missense	-0.396165201	0.143404292	1.091145725	pathogenic moderate	FALSE	FALSE
G232K	p.Gly232Lys	missense	NA	NA	NA	NA	NA	NA
G232G	p.Gly232=	synonymous	1.15061372	0.400656183	NA	NA	FALSE	FALSE
G232Y	p.Gly232Tyr	missense	-1.063086908	0.27827574	4.413159049	pathogenic very strong	FALSE	FALSE
G232N	p.Gly232Asn	missense	-0.333647394	0.313885278	0.952302033	pathogenic moderate	FALSE	FALSE
G232C	p.Gly232Cys	missense	0.442308873	0.089133248	NA	NA	TRUE	FALSE
G232P	p.Gly232Pro	missense	-0.926178676	1.060693815	4.546382921	pathogenic very strong	FALSE	FALSE
G232E	p.Gly232Glu	missense	-0.365530938	0.828758378	1.013571482	pathogenic moderate	FALSE	FALSE
G232M	p.Gly232Met	missense	-0.142466216	0.995761938	NA	NA	TRUE	FALSE
G232W	p.Gly232Trp	missense	-0.879915035	0.207809506	4.585332379	pathogenic very strong	FALSE	FALSE
G232H	p.Gly232His	missense	NA	NA	NA	NA	NA	NA
G232Q	p.Gly232Gln	missense	NA	NA	NA	NA	NA	NA
G232*	p.Gly232*	nonsense	-0.476178268	0.382617898	NA	NA	FALSE	FALSE
E233S	p.Glu233Ser	missense	1.347285781	0.067104409	-0.519181891	benign supporting	FALSE	FALSE
E233A	p.Glu233Ala	missense	1.427734891	0.129539336	-0.456323644	benign supporting	FALSE	FALSE
E233V	p.Glu233Val	missense	0.828963601	0.24334206	-0.335938888	benign supporting	FALSE	FALSE
E233R	p.Glu233Arg	missense	1.003843799	0.162071698	-0.510977067	benign supporting	FALSE	FALSE
E233D	p.Glu233Asp	missense	0.307664703	0.197576765	NA	NA	TRUE	FALSE
E233F	p.Glu233Phe	missense	0.548165914	0.157032107	NA	NA	TRUE	FALSE
E233T	p.Glu233Thr	missense	1.381371791	0.158216523	-0.496422848	benign supporting	FALSE	FALSE
E233I	p.Glu233Ile	missense	0.665496078	0.080041781	-0.088144976	indeterminate	FALSE	FALSE
E233L	p.Glu233Leu	missense	1.081974082	0.086917412	-0.553691877	benign supporting	FALSE	FALSE
E233K	p.Glu233Lys	missense	1.408733557	0.103314629	-0.474916897	benign supporting	FALSE	FALSE
E233G	p.Glu233Gly	missense	0.946565971	0.078368221	-0.468950502	benign supporting	FALSE	FALSE
E233Y	p.Glu233Tyr	missense	-0.393967199	0.176488282	1.084773703	pathogenic moderate	FALSE	FALSE
E233N	p.Glu233Asn	missense	1.130387132	0.150900316	-0.562795442	benign supporting	FALSE	FALSE
E233C	p.Glu233Cys	missense	2.06457774	0.131217437	NA	NA	FALSE	TRUE
E233P	p.Glu233Pro	missense	NA	NA	NA	NA	NA	NA
E233E	p.Glu233=	synonymous	0.864293748	0.11220936	NA	NA	FALSE	FALSE
E233M	p.Glu233Met	missense	1.927941103	0.101116111	NA	NA	FALSE	TRUE
E233W	p.Glu233Trp	missense	0.303703578	0.139790713	0.49560747	pathogenic supporting	FALSE	FALSE
E233H	p.Glu233His	missense	1.810929172	0.044647475	NA	NA	FALSE	TRUE
E233Q	p.Glu233Gln	missense	1.689181895	0.055477114	NA	NA	FALSE	TRUE
E233*	p.Glu233*	nonsense	0.025182859	0.110747394	NA	NA	FALSE	FALSE
V234S	p.Val234Ser	missense	-0.808497011	0.405386804	4.651125851	pathogenic very strong	FALSE	FALSE
V234A	p.Val234Ala	missense	0.786695957	0.535175311	NA	NA	TRUE	FALSE
V234V	p.Val234=	synonymous	0.587544581	0.088161973	NA	NA	TRUE	FALSE
V234R	p.Val234Arg	missense	-0.956634286	0.851079805	4.516823378	pathogenic very strong	FALSE	FALSE
V234D	p.Val234Asp	missense	-0.797560753	1.201886089	4.659788746	pathogenic very strong	FALSE	FALSE
V234F	p.Val234Phe	missense	-0.054002222	0.064832382	0.556274318	pathogenic supporting	FALSE	FALSE
V234T	p.Val234Thr	missense	0.69347884	0.161013346	-0.1364071	indeterminate	FALSE	FALSE
V234I	p.Val234Ile	missense	0.640944044	0.548900559	NA	NA	TRUE	FALSE
V234L	p.Val234Leu	missense	0.149809176	1.009920067	NA	NA	TRUE	FALSE
V234K	p.Val234Lys	missense	-1.160781665	0.487692759	4.284295745	pathogenic very strong	FALSE	FALSE
V234G	p.Val234Gly	missense	0.489702939	0.284065892	NA	NA	TRUE	FALSE
V234Y	p.Val234Tyr	missense	-0.919460274	0.154676306	4.552456915	pathogenic very strong	FALSE	FALSE
V234N	p.Val234Asn	missense	NA	NA	NA	NA	NA	NA
V234C	p.Val234Cys	missense	2.630100911	0.068260866	NA	NA	FALSE	TRUE
V234P	p.Val234Pro	missense	-1.234297366	0.605315734	4.192422182	pathogenic very strong	FALSE	FALSE
V234E	p.Val234Glu	missense	0.274012241	0.725417824	NA	NA	TRUE	FALSE
V234M	p.Val234Met	missense	-0.594981377	0.379351559	4.804921025	pathogenic very strong	FALSE	FALSE
V234W	p.Val234Trp	missense	-0.388500611	0.102218572	1.069532462	pathogenic moderate	FALSE	FALSE
V234H	p.Val234His	missense	NA	NA	NA	NA	NA	NA
V234Q	p.Val234Gln	missense	-1.044490261	0.982289591	4.432350572	pathogenic very strong	FALSE	FALSE
V234*	p.Val234*	nonsense	-1.237644129	0.172518355	NA	NA	FALSE	FALSE
K235S	p.Lys235Ser	missense	1.069963267	0.093704204	-0.548348689	benign supporting	FALSE	FALSE
K235A	p.Lys235Ala	missense	0.198429126	1.332023786	NA	NA	TRUE	FALSE
K235V	p.Lys235Val	missense	0.559099698	0.079553765	NA	NA	TRUE	FALSE
K235R	p.Lys235Arg	missense	1.062447393	0.249967965	-0.544787849	benign supporting	FALSE	FALSE
K235D	p.Lys235Asp	missense	0.586499828	0.209638867	NA	NA	TRUE	FALSE
K235F	p.Lys235Phe	missense	1.189286649	0.195983159	-0.568913795	benign supporting	FALSE	FALSE
K235T	p.Lys235Thr	missense	0.880208316	0.063892968	-0.402899251	benign supporting	FALSE	FALSE
K235I	p.Lys235Ile	missense	-0.934067379	0.883430971	4.539052932	pathogenic very strong	FALSE	FALSE
K235L	p.Lys235Leu	missense	0.760713476	0.151876912	-0.238248705	indeterminate	FALSE	FALSE
K235K	p.Lys235=	synonymous	0.700598288	0.130096578	NA	NA	FALSE	FALSE
K235G	p.Lys235Gly	missense	1.974626362	0.091691078	NA	NA	FALSE	TRUE
K235Y	p.Lys235Tyr	missense	0.26442819	0.376575806	NA	NA	TRUE	FALSE
K235N	p.Lys235Asn	missense	0.736878216	0.988652424	NA	NA	TRUE	FALSE
K235C	p.Lys235Cys	missense	0.43201417	0.081942518	NA	NA	TRUE	FALSE
K235P	p.Lys235Pro	missense	NA	NA	NA	NA	NA	NA
K235E	p.Lys235Glu	missense	1.12905808	0.145237769	-0.562660228	benign supporting	FALSE	FALSE
K235M	p.Lys235Met	missense	1.1305674	0.088448291	-0.562813294	benign supporting	FALSE	FALSE
K235W	p.Lys235Trp	missense	2.453095748	0.074316876	NA	NA	FALSE	TRUE
K235H	p.Lys235His	missense	0.752144052	0.672600025	NA	NA	TRUE	FALSE
K235Q	p.Lys235Gln	missense	1.08324268	0.10782921	-0.55421844	benign supporting	FALSE	FALSE
K235*	p.Lys235*	nonsense	0.148302879	0.116462935	NA	NA	FALSE	FALSE
L236S	p.Leu236Ser	missense	-0.552267095	0.420338937	4.824475092	pathogenic very strong	FALSE	FALSE
L236A	p.Leu236Ala	missense	-0.867597325	0.124432199	4.597769887	pathogenic very strong	FALSE	FALSE
L236V	p.Leu236Val	missense	1.181142806	0.039895357	-0.567853561	benign supporting	FALSE	FALSE
L236R	p.Leu236Arg	missense	0.517439872	0.108152667	NA	NA	TRUE	FALSE
L236D	p.Leu236Asp	missense	NA	NA	NA	NA	NA	NA
L236F	p.Leu236Phe	missense	1.324405896	0.044446207	-0.531769869	benign supporting	FALSE	FALSE
L236T	p.Leu236Thr	missense	0.745778062	0.090720625	-0.216338456	indeterminate	FALSE	FALSE
L236I	p.Leu236Ile	missense	2.420118915	0.045022244	NA	NA	FALSE	TRUE
L236L	p.Leu236=	synonymous	0.934918561	0.070742184	NA	NA	FALSE	FALSE
L236K	p.Leu236Lys	missense	0.332139603	0.119015099	0.462161155	pathogenic supporting	FALSE	FALSE
L236G	p.Leu236Gly	missense	0.35778858	0.098860614	0.428177794	pathogenic supporting	FALSE	FALSE
L236Y	p.Leu236Tyr	missense	NA	NA	NA	NA	NA	NA
L236N	p.Leu236Asn	missense	0.55680139	0.251504892	NA	NA	TRUE	FALSE
L236C	p.Leu236Cys	missense	-1.14133695	0.722500363	4.313895781	pathogenic very strong	FALSE	FALSE
L236P	p.Leu236Pro	missense	0.407009216	0.624149301	NA	NA	TRUE	FALSE
L236E	p.Leu236Glu	missense	NA	NA	NA	NA	NA	NA
L236M	p.Leu236Met	missense	0.660742999	0.114609839	-0.080778658	indeterminate	FALSE	FALSE
L236W	p.Leu236Trp	missense	0.642160066	0.131385999	-0.050208752	indeterminate	FALSE	FALSE
L236H	p.Leu236His	missense	0.769666779	0.065935855	-0.251272695	indeterminate	FALSE	FALSE
L236Q	p.Leu236Gln	missense	0.373252598	0.110874096	0.402248742	pathogenic supporting	FALSE	FALSE
L236*	p.Leu236*	nonsense	-0.489560932	0.639127071	NA	NA	FALSE	FALSE
A237S	p.Ala237Ser	missense	0.72766141	0.18006176	-0.18766156	indeterminate	FALSE	FALSE
A237A	p.Ala237=	synonymous	1.421725817	0.825835076	NA	NA	FALSE	FALSE
A237V	p.Ala237Val	missense	1.716199863	0.117760709	NA	NA	FALSE	TRUE
A237R	p.Ala237Arg	missense	-0.954366624	0.613129466	4.51914599	pathogenic very strong	FALSE	FALSE
A237D	p.Ala237Asp	missense	-0.053753834	0.114737838	0.556203268	pathogenic supporting	FALSE	FALSE
A237F	p.Ala237Phe	missense	0.393293242	0.963367306	NA	NA	TRUE	FALSE
A237T	p.Ala237Thr	missense	2.684972209	0.189350305	NA	NA	FALSE	TRUE
A237I	p.Ala237Ile	missense	-0.527913034	1.017617802	4.834360425	pathogenic very strong	FALSE	FALSE
A237L	p.Ala237Leu	missense	0.317880471	0.197812388	NA	NA	TRUE	FALSE
A237K	p.Ala237Lys	missense	-1.022254138	0.13330646	4.453564151	pathogenic very strong	FALSE	FALSE
A237G	p.Ala237Gly	missense	1.173598108	0.133806686	-0.567089019	benign supporting	FALSE	FALSE
A237Y	p.Ala237Tyr	missense	-0.209482414	0.14028741	0.670588878	pathogenic moderate	FALSE	FALSE
A237N	p.Ala237Asn	missense	-1.040729564	0.275327508	4.436065609	pathogenic very strong	FALSE	FALSE
A237C	p.Ala237Cys	missense	0.408774918	0.094042088	NA	NA	TRUE	FALSE
A237P	p.Ala237Pro	missense	0.028706805	0.253027568	0.543534599	pathogenic supporting	FALSE	FALSE
A237E	p.Ala237Glu	missense	1.726822912	0.061591317	NA	NA	FALSE	TRUE
A237M	p.Ala237Met	missense	0.279498018	0.100623993	0.523442095	pathogenic supporting	FALSE	FALSE
A237W	p.Ala237Trp	missense	0.938950577	1.234213936	NA	NA	TRUE	FALSE
A237H	p.Ala237His	missense	-0.880360168	0.163627084	4.584987766	pathogenic very strong	FALSE	FALSE
A237Q	p.Ala237Gln	missense	NA	NA	NA	NA	NA	NA
A237*	p.Ala237*	nonsense	-0.65263454	0.812916786	NA	NA	FALSE	FALSE
F238S	p.Phe238Ser	missense	0.181573444	0.407636159	NA	NA	TRUE	FALSE
F238A	p.Phe238Ala	missense	-0.288095434	0.513779731	0.820849703	pathogenic moderate	FALSE	FALSE
F238V	p.Phe238Val	missense	0.752953177	0.248009031	-0.227067019	indeterminate	FALSE	FALSE
F238R	p.Phe238Arg	missense	-0.688817268	0.123061886	4.75027391	pathogenic very strong	FALSE	FALSE
F238D	p.Phe238Asp	missense	2.053438697	0.157288808	NA	NA	FALSE	TRUE
F238F	p.Phe238=	synonymous	1.060021793	0.032134774	NA	NA	FALSE	FALSE
F238T	p.Phe238Thr	missense	NA	NA	NA	NA	NA	NA
F238I	p.Phe238Ile	missense	-0.329515809	0.143262401	0.945444342	pathogenic moderate	FALSE	FALSE
F238L	p.Phe238Leu	missense	0.810180949	0.449394343	NA	NA	TRUE	FALSE
F238K	p.Phe238Lys	missense	-0.523000152	1.423404201	NA	NA	TRUE	FALSE
F238G	p.Phe238Gly	missense	-0.293063095	0.175816818	0.834752586	pathogenic moderate	FALSE	FALSE
F238Y	p.Phe238Tyr	missense	0.2611565	0.116287755	0.54890422	pathogenic supporting	FALSE	FALSE
F238N	p.Phe238Asn	missense	-0.486279005	0.096440196	1.645718943	pathogenic strong	FALSE	FALSE
F238C	p.Phe238Cys	missense	0.339997224	1.10594204	NA	NA	TRUE	FALSE
F238P	p.Phe238Pro	missense	-0.646453147	0.445369463	4.777146226	pathogenic very strong	FALSE	FALSE
F238E	p.Phe238Glu	missense	-0.60323662	0.111613252	4.800792612	pathogenic very strong	FALSE	FALSE
F238M	p.Phe238Met	missense	0.528134927	0.13129216	NA	NA	TRUE	FALSE
F238W	p.Phe238Trp	missense	0.313358271	0.083536969	0.486202365	pathogenic supporting	FALSE	FALSE
F238H	p.Phe238His	missense	2.368808141	0.099021462	NA	NA	FALSE	TRUE
F238Q	p.Phe238Gln	missense	0.926081901	0.096882382	-0.452037417	benign supporting	FALSE	FALSE
F238*	p.Phe238*	nonsense	-0.239921868	1.417840894	NA	NA	TRUE	FALSE
E239S	p.Glu239Ser	missense	0.376762448	0.244182987	NA	NA	TRUE	FALSE
E239A	p.Glu239Ala	missense	0.327229451	0.128743063	0.4694232	pathogenic supporting	FALSE	FALSE
E239V	p.Glu239Val	missense	0.845263625	0.101903169	-0.359212944	benign supporting	FALSE	FALSE
E239R	p.Glu239Arg	missense	0.656689299	1.443391152	NA	NA	TRUE	FALSE
E239D	p.Glu239Asp	missense	0.636907883	0.140042074	NA	NA	TRUE	FALSE
E239F	p.Glu239Phe	missense	NA	NA	NA	NA	NA	NA
E239T	p.Glu239Thr	missense	1.090376648	0.67016622	NA	NA	TRUE	FALSE
E239I	p.Glu239Ile	missense	NA	NA	NA	NA	NA	NA
E239L	p.Glu239Leu	missense	-0.945082682	1.140310831	4.52844373	pathogenic very strong	FALSE	FALSE
E239K	p.Glu239Lys	missense	0.93971767	0.099490382	-0.463493992	benign supporting	FALSE	FALSE
E239G	p.Glu239Gly	missense	0.697122964	0.129625804	-0.142116222	indeterminate	FALSE	FALSE
E239Y	p.Glu239Tyr	missense	0.748054124	0.063877077	-0.219783844	indeterminate	FALSE	FALSE
E239N	p.Glu239Asn	missense	NA	NA	NA	NA	NA	NA
E239C	p.Glu239Cys	missense	-0.830874095	0.252500196	4.632293387	pathogenic very strong	FALSE	FALSE
E239P	p.Glu239Pro	missense	NA	NA	NA	NA	NA	NA
E239E	p.Glu239=	synonymous	0.967122721	0.177843193	NA	NA	FALSE	FALSE
E239M	p.Glu239Met	missense	0.470981585	0.149179567	NA	NA	TRUE	FALSE
E239W	p.Glu239Trp	missense	NA	NA	NA	NA	NA	NA
E239H	p.Glu239His	missense	NA	NA	NA	NA	NA	NA
E239Q	p.Glu239Gln	missense	NA	NA	NA	NA	NA	NA
E239*	p.Glu239*	nonsense	0.263872351	0.674880207	NA	NA	TRUE	FALSE
R240S	p.Arg240Ser	missense	0.170712234	0.267312715	0.578766686	pathogenic supporting	FALSE	FALSE
R240A	p.Arg240Ala	missense	0.357616416	0.068182704	0.428487353	pathogenic supporting	FALSE	FALSE
R240V	p.Arg240Val	missense	1.114958024	0.055880742	-0.560839173	benign supporting	FALSE	FALSE
R240R	p.Arg240=	synonymous	0.902557312	0.099785156	NA	NA	FALSE	FALSE
R240D	p.Arg240Asp	missense	0.993998398	0.07147527	-0.504168193	benign supporting	FALSE	FALSE
R240F	p.Arg240Phe	missense	0.891498669	0.041417559	-0.41648668	benign supporting	FALSE	FALSE
R240T	p.Arg240Thr	missense	0.584981146	0.072086506	0.052195055	indeterminate	FALSE	FALSE
R240I	p.Arg240Ile	missense	0.77619419	0.049206353	-0.260982434	indeterminate	FALSE	FALSE
R240L	p.Arg240Leu	missense	0.330815035	0.055615998	0.46408808	pathogenic supporting	FALSE	FALSE
R240K	p.Arg240Lys	missense	0.992911583	0.069710573	-0.503395045	benign supporting	FALSE	FALSE
R240G	p.Arg240Gly	missense	1.155928749	0.05396142	-0.565537462	benign supporting	FALSE	FALSE
R240Y	p.Arg240Tyr	missense	1.931839648	0.033479499	NA	NA	FALSE	TRUE
R240N	p.Arg240Asn	missense	1.014659156	0.131099745	-0.518062926	benign supporting	FALSE	FALSE
R240C	p.Arg240Cys	missense	1.011764808	0.043415189	-0.516206176	benign supporting	FALSE	FALSE
R240P	p.Arg240Pro	missense	0.298597241	0.725891739	NA	NA	TRUE	FALSE
R240E	p.Arg240Glu	missense	0.472884116	0.09083947	NA	NA	TRUE	FALSE
R240M	p.Arg240Met	missense	0.857423226	0.035784656	-0.374742861	benign supporting	FALSE	FALSE
R240W	p.Arg240Trp	missense	0.664645571	0.102841562	-0.086839472	indeterminate	FALSE	FALSE
R240H	p.Arg240His	missense	2.416924463	0.045962491	NA	NA	FALSE	TRUE
R240Q	p.Arg240Gln	missense	0.33660051	0.079122164	0.455840612	pathogenic supporting	FALSE	FALSE
R240*	p.Arg240*	nonsense	0.814538709	0.066235777	NA	NA	FALSE	FALSE
K241S	p.Lys241Ser	missense	0.745458961	0.152545244	-0.215852219	indeterminate	FALSE	FALSE
K241A	p.Lys241Ala	missense	-0.119191339	1.333272861	NA	NA	TRUE	FALSE
K241V	p.Lys241Val	missense	-0.501526366	0.647951792	1.972785929	pathogenic strong	FALSE	FALSE
K241R	p.Lys241Arg	missense	0.130953749	0.228313766	0.560882902	pathogenic supporting	FALSE	FALSE
K241D	p.Lys241Asp	missense	NA	NA	NA	NA	NA	NA
K241F	p.Lys241Phe	missense	1.06254636	0.109849757	-0.544835834	benign supporting	FALSE	FALSE
K241T	p.Lys241Thr	missense	1.081821717	0.589558019	NA	NA	TRUE	FALSE
K241I	p.Lys241Ile	missense	NA	NA	NA	NA	NA	NA
K241L	p.Lys241Leu	missense	0.711149676	0.283126286	NA	NA	TRUE	FALSE
K241K	p.Lys241=	synonymous	0.582376767	0.132922657	NA	NA	TRUE	FALSE
K241G	p.Lys241Gly	missense	0.637472273	0.098890506	-0.042147243	indeterminate	FALSE	FALSE
K241Y	p.Lys241Tyr	missense	3.232242133	0.084398603	NA	NA	FALSE	TRUE
K241N	p.Lys241Asn	missense	1.515452891	0.064275002	NA	NA	FALSE	TRUE
K241C	p.Lys241Cys	missense	1.641877939	0.173877026	NA	NA	FALSE	TRUE
K241P	p.Lys241Pro	missense	NA	NA	NA	NA	NA	NA
K241E	p.Lys241Glu	missense	0.903591055	0.185239219	-0.430302566	benign supporting	FALSE	FALSE
K241M	p.Lys241Met	missense	0.282028222	0.103104172	0.520221543	pathogenic supporting	FALSE	FALSE
K241W	p.Lys241Trp	missense	0.563933891	0.077506531	NA	NA	TRUE	FALSE
K241H	p.Lys241His	missense	-0.59910758	0.93376093	4.802872333	pathogenic very strong	FALSE	FALSE
K241Q	p.Lys241Gln	missense	0.574035662	0.763682992	NA	NA	TRUE	FALSE
K241*	p.Lys241*	nonsense	-0.870645287	0.11343245	NA	NA	FALSE	FALSE
T242S	p.Thr242Ser	missense	0.296812009	0.198971223	0.502884413	pathogenic supporting	FALSE	FALSE
T242A	p.Thr242Ala	missense	0.513176069	0.123274123	NA	NA	TRUE	FALSE
T242V	p.Thr242Val	missense	0.696264214	0.163426006	-0.140781113	indeterminate	FALSE	FALSE
T242R	p.Thr242Arg	missense	0.754109152	0.175698951	-0.228759757	indeterminate	FALSE	FALSE
T242D	p.Thr242Asp	missense	0.628799706	0.130700314	NA	NA	TRUE	FALSE
T242F	p.Thr242Phe	missense	0.072736073	0.817501012	NA	NA	TRUE	FALSE
T242T	p.Thr242=	synonymous	0.964339462	0.151170446	NA	NA	FALSE	FALSE
T242I	p.Thr242Ile	missense	0.536676167	0.097958707	NA	NA	TRUE	FALSE
T242L	p.Thr242Leu	missense	0.750821959	0.135194823	-0.223920592	indeterminate	FALSE	FALSE
T242K	p.Thr242Lys	missense	0.359511972	0.748516411	NA	NA	TRUE	FALSE
T242G	p.Thr242Gly	missense	1.718929186	0.113475262	NA	NA	FALSE	TRUE
T242Y	p.Thr242Tyr	missense	-0.722201771	0.57425695	4.726110159	pathogenic very strong	FALSE	FALSE
T242N	p.Thr242Asn	missense	-0.365857559	0.204611815	1.014287747	pathogenic moderate	FALSE	FALSE
T242C	p.Thr242Cys	missense	0.58516151	0.086873602	NA	NA	TRUE	FALSE
T242P	p.Thr242Pro	missense	0.735408493	0.728186844	NA	NA	TRUE	FALSE
T242E	p.Thr242Glu	missense	0.785157319	0.21296525	-0.273831059	indeterminate	FALSE	FALSE
T242M	p.Thr242Met	missense	-0.221388873	0.193989862	0.687270587	pathogenic moderate	FALSE	FALSE
T242W	p.Thr242Trp	missense	-0.637777187	0.341455807	4.782180444	pathogenic very strong	FALSE	FALSE
T242H	p.Thr242His	missense	NA	NA	NA	NA	NA	NA
T242Q	p.Thr242Gln	missense	0.470538795	1.400294144	NA	NA	TRUE	FALSE
T242*	p.Thr242*	nonsense	0.03856976	0.268855308	NA	NA	FALSE	FALSE
C243S	p.Cys243Ser	missense	0.557918535	0.499010965	NA	NA	TRUE	FALSE
C243A	p.Cys243Ala	missense	-0.050505641	0.138339217	0.555293868	pathogenic supporting	FALSE	FALSE
C243V	p.Cys243Val	missense	0.442529452	0.058720742	NA	NA	TRUE	FALSE
C243R	p.Cys243Arg	missense	0.037290166	0.198087328	0.54337939	pathogenic supporting	FALSE	FALSE
C243D	p.Cys243Asp	missense	NA	NA	NA	NA	NA	NA
C243F	p.Cys243Phe	missense	1.141405557	0.140879803	-0.563670228	benign supporting	FALSE	FALSE
C243T	p.Cys243Thr	missense	-0.188111658	0.252227521	0.644296904	pathogenic moderate	FALSE	FALSE
C243I	p.Cys243Ile	missense	1.887120849	0.36641651	NA	NA	FALSE	TRUE
C243L	p.Cys243Leu	missense	1.353752218	0.061245961	-0.515061638	benign supporting	FALSE	FALSE
C243K	p.Cys243Lys	missense	-0.135939391	0.103553414	0.595397121	pathogenic supporting	FALSE	FALSE
C243G	p.Cys243Gly	missense	1.53121225	0.030583047	NA	NA	FALSE	TRUE
C243Y	p.Cys243Tyr	missense	NA	NA	NA	NA	NA	NA
C243N	p.Cys243Asn	missense	-0.682686182	0.221515685	4.75441173	pathogenic very strong	FALSE	FALSE
C243C	p.Cys243=	synonymous	NA	NA	NA	NA	NA	NA
C243P	p.Cys243Pro	missense	0.50356106	0.070704809	NA	NA	TRUE	FALSE
C243E	p.Cys243Glu	missense	1.059216986	0.085090792	-0.543205386	benign supporting	FALSE	FALSE
C243M	p.Cys243Met	missense	0.91715891	0.083335704	-0.444091306	benign supporting	FALSE	FALSE
C243W	p.Cys243Trp	missense	NA	NA	NA	NA	NA	NA
C243H	p.Cys243His	missense	NA	NA	NA	NA	NA	NA
C243Q	p.Cys243Gln	missense	0.75428	0.068363598	-0.229009116	indeterminate	FALSE	FALSE
C243*	p.Cys243*	nonsense	NA	NA	NA	NA	NA	NA
K244S	p.Lys244Ser	missense	0.66213329	0.123643193	-0.082951232	indeterminate	FALSE	FALSE
K244A	p.Lys244Ala	missense	1.157833915	0.114160705	-0.565756413	benign supporting	FALSE	FALSE
K244V	p.Lys244Val	missense	1.216505596	0.169716784	-0.566043741	benign supporting	FALSE	FALSE
K244R	p.Lys244Arg	missense	1.391068607	0.048237895	-0.489438843	benign supporting	FALSE	FALSE
K244D	p.Lys244Asp	missense	0.950546297	0.072652589	-0.472034194	benign supporting	FALSE	FALSE
K244F	p.Lys244Phe	missense	0.579941225	0.066093362	0.06168226	indeterminate	FALSE	FALSE
K244T	p.Lys244Thr	missense	1.547486623	0.031472722	NA	NA	FALSE	TRUE
K244I	p.Lys244Ile	missense	NA	NA	NA	NA	NA	NA
K244L	p.Lys244Leu	missense	1.574584968	0.087285526	NA	NA	FALSE	TRUE
K244K	p.Lys244=	synonymous	1.400696619	0.137643767	NA	NA	FALSE	FALSE
K244G	p.Lys244Gly	missense	0.6786919	0.062470902	-0.111518458	indeterminate	FALSE	FALSE
K244Y	p.Lys244Tyr	missense	1.706378418	0.058015096	NA	NA	FALSE	TRUE
K244N	p.Lys244Asn	missense	NA	NA	NA	NA	NA	NA
K244C	p.Lys244Cys	missense	0.905099465	0.123526828	-0.431975613	benign supporting	FALSE	FALSE
K244P	p.Lys244Pro	missense	0.213190168	0.189858589	0.584306838	pathogenic supporting	FALSE	FALSE
K244E	p.Lys244Glu	missense	0.854513542	0.17405063	-0.371109083	benign supporting	FALSE	FALSE
K244M	p.Lys244Met	missense	1.36108556	0.123013616	-0.5100623	benign supporting	FALSE	FALSE
K244W	p.Lys244Trp	missense	0.582284135	0.057703962	0.057232282	indeterminate	FALSE	FALSE
K244H	p.Lys244His	missense	0.975013905	0.03136275	-0.49002198	benign supporting	FALSE	FALSE
K244Q	p.Lys244Gln	missense	NA	NA	NA	NA	NA	NA
K244*	p.Lys244*	nonsense	0.337742793	0.125486875	NA	NA	FALSE	FALSE
K245S	p.Lys245Ser	missense	0.920175344	0.134838639	-0.446818682	benign supporting	FALSE	FALSE
K245A	p.Lys245Ala	missense	-0.816745171	0.665606358	4.644362511	pathogenic very strong	FALSE	FALSE
K245V	p.Lys245Val	missense	1.050683758	0.131534602	-0.538873253	benign supporting	FALSE	FALSE
K245R	p.Lys245Arg	missense	0.970388423	0.557198745	NA	NA	TRUE	FALSE
K245D	p.Lys245Asp	missense	0.669440023	0.129243534	-0.094739836	indeterminate	FALSE	FALSE
K245F	p.Lys245Phe	missense	1.183646615	0.056559874	-0.568202055	benign supporting	FALSE	FALSE
K245T	p.Lys245Thr	missense	0.791218157	0.261308393	-0.282247989	indeterminate	FALSE	FALSE
K245I	p.Lys245Ile	missense	1.557114552	0.679757671	NA	NA	FALSE	TRUE
K245L	p.Lys245Leu	missense	1.360262549	0.126924872	-0.510641229	benign supporting	FALSE	FALSE
K245K	p.Lys245=	synonymous	0.678864877	0.107711631	NA	NA	FALSE	FALSE
K245G	p.Lys245Gly	missense	0.422925795	0.332824843	NA	NA	TRUE	FALSE
K245Y	p.Lys245Tyr	missense	0.658273793	0.063740343	-0.076882775	indeterminate	FALSE	FALSE
K245N	p.Lys245Asn	missense	1.3442546	0.043134553	-0.521024053	benign supporting	FALSE	FALSE
K245C	p.Lys245Cys	missense	0.449509327	0.115436459	NA	NA	TRUE	FALSE
K245P	p.Lys245Pro	missense	0.262447593	0.258861453	NA	NA	TRUE	FALSE
K245E	p.Lys245Glu	missense	0.817738796	0.303174364	-0.320087373	benign supporting	FALSE	FALSE
K245M	p.Lys245Met	missense	0.774934066	0.125991096	-0.259131804	indeterminate	FALSE	FALSE
K245W	p.Lys245Trp	missense	1.712843069	0.09921428	NA	NA	FALSE	TRUE
K245H	p.Lys245His	missense	0.04961986	0.59480142	NA	NA	TRUE	FALSE
K245Q	p.Lys245Gln	missense	0.952061178	0.190689675	-0.473191213	benign supporting	FALSE	FALSE
K245*	p.Lys245*	nonsense	1.038281105	0.395006867	NA	NA	FALSE	FALSE
V246S	p.Val246Ser	missense	0.601891553	0.216368451	NA	NA	TRUE	FALSE
V246A	p.Val246Ala	missense	0.110684878	0.486396642	NA	NA	TRUE	FALSE
V246V	p.Val246=	synonymous	1.891827484	0.046781433	NA	NA	FALSE	TRUE
V246R	p.Val246Arg	missense	1.024422329	0.375285754	-0.524117982	benign supporting	FALSE	FALSE
V246D	p.Val246Asp	missense	0.261996495	0.182641122	0.547983436	pathogenic supporting	FALSE	FALSE
V246F	p.Val246Phe	missense	1.110728065	0.105758991	-0.560156651	benign supporting	FALSE	FALSE
V246T	p.Val246Thr	missense	-0.372741021	0.588844811	1.029876225	pathogenic moderate	FALSE	FALSE
V246I	p.Val246Ile	missense	0.735081129	0.11782537	-0.199592678	indeterminate	FALSE	FALSE
V246L	p.Val246Leu	missense	0.347946138	0.266888653	NA	NA	TRUE	FALSE
V246K	p.Val246Lys	missense	2.113977343	0.174929957	NA	NA	FALSE	TRUE
V246G	p.Val246Gly	missense	0.691653972	0.289422784	NA	NA	TRUE	FALSE
V246Y	p.Val246Tyr	missense	0.331114299	0.080941878	0.463650678	pathogenic supporting	FALSE	FALSE
V246N	p.Val246Asn	missense	0.799802783	0.151144744	-0.295000129	indeterminate	FALSE	FALSE
V246C	p.Val246Cys	missense	0.066921952	0.160290971	0.544441939	pathogenic supporting	FALSE	FALSE
V246P	p.Val246Pro	missense	-0.705700654	0.550852148	4.73840956	pathogenic very strong	FALSE	FALSE
V246E	p.Val246Glu	missense	0.930902103	0.066633995	-0.456179779	benign supporting	FALSE	FALSE
V246M	p.Val246Met	missense	-0.309546517	0.475922847	0.887871434	pathogenic moderate	FALSE	FALSE
V246W	p.Val246Trp	missense	2.826058541	0.047999051	NA	NA	FALSE	TRUE
V246H	p.Val246His	missense	-0.761423755	0.505894155	4.693767008	pathogenic very strong	FALSE	FALSE
V246Q	p.Val246Gln	missense	0.218534803	0.339657271	NA	NA	TRUE	FALSE
V246*	p.Val246*	nonsense	1.275429696	0.165950792	NA	NA	FALSE	FALSE
A247S	p.Ala247Ser	missense	0.164222671	0.400795742	NA	NA	TRUE	FALSE
A247A	p.Ala247=	synonymous	1.249629124	0.431679021	NA	NA	FALSE	FALSE
A247V	p.Ala247Val	missense	-0.086781689	0.628982054	NA	NA	TRUE	FALSE
A247R	p.Ala247Arg	missense	-0.952890528	0.540743887	4.520646814	pathogenic very strong	FALSE	FALSE
A247D	p.Ala247Asp	missense	0.155302195	0.934470506	NA	NA	TRUE	FALSE
A247F	p.Ala247Phe	missense	NA	NA	NA	NA	NA	NA
A247T	p.Ala247Thr	missense	-1.73559596	0.990799497	3.743145362	pathogenic very strong	FALSE	FALSE
A247I	p.Ala247Ile	missense	-0.674096076	0.180465985	4.760062519	pathogenic very strong	FALSE	FALSE
A247L	p.Ala247Leu	missense	-0.438325363	0.68882382	1.250940296	pathogenic moderate	FALSE	FALSE
A247K	p.Ala247Lys	missense	-0.288368776	0.72277121	0.821595176	pathogenic moderate	FALSE	FALSE
A247G	p.Ala247Gly	missense	0.680118057	0.12704044	-0.114126696	indeterminate	FALSE	FALSE
A247Y	p.Ala247Tyr	missense	NA	NA	NA	NA	NA	NA
A247N	p.Ala247Asn	missense	-1.94574749	0.765627355	2.999323671	pathogenic very strong	FALSE	FALSE
A247C	p.Ala247Cys	missense	2.252617513	0.069214282	NA	NA	FALSE	TRUE
A247P	p.Ala247Pro	missense	-0.824577639	0.722931921	4.637749303	pathogenic very strong	FALSE	FALSE
A247E	p.Ala247Glu	missense	-0.075086713	0.589611758	NA	NA	TRUE	FALSE
A247M	p.Ala247Met	missense	NA	NA	NA	NA	NA	NA
A247W	p.Ala247Trp	missense	-0.226257397	1.275598213	NA	NA	TRUE	FALSE
A247H	p.Ala247His	missense	-0.479785954	1.026621218	NA	NA	TRUE	FALSE
A247Q	p.Ala247Gln	missense	0.252038333	0.141485669	0.555098373	pathogenic supporting	FALSE	FALSE
A247*	p.Ala247*	nonsense	-0.24208211	0.368512722	NA	NA	FALSE	FALSE
I248S	p.Ile248Ser	missense	0.828226619	0.371563078	NA	NA	TRUE	FALSE
I248A	p.Ile248Ala	missense	-0.134098997	0.522939776	0.593994023	pathogenic supporting	FALSE	FALSE
I248V	p.Ile248Val	missense	0.715081078	0.64564343	NA	NA	TRUE	FALSE
I248R	p.Ile248Arg	missense	-0.038023397	0.935019909	NA	NA	TRUE	FALSE
I248D	p.Ile248Asp	missense	-0.0718293	0.098934762	0.561949703	pathogenic supporting	FALSE	FALSE
I248F	p.Ile248Phe	missense	1.140785172	0.163319544	-0.563632756	benign supporting	FALSE	FALSE
I248T	p.Ile248Thr	missense	1.456190253	0.1806725	NA	NA	FALSE	FALSE
I248I	p.Ile248=	synonymous	0.846386314	0.079313859	NA	NA	FALSE	FALSE
I248L	p.Ile248Leu	missense	2.456637003	0.09958494	NA	NA	FALSE	TRUE
I248K	p.Ile248Lys	missense	-0.936807816	0.267568834	4.536455027	pathogenic very strong	FALSE	FALSE
I248G	p.Ile248Gly	missense	-0.740416703	0.198099978	4.711663143	pathogenic very strong	FALSE	FALSE
I248Y	p.Ile248Tyr	missense	-0.493604948	0.187018166	1.770921108	pathogenic strong	FALSE	FALSE
I248N	p.Ile248Asn	missense	-0.458643884	0.245623787	1.370224803	pathogenic strong	FALSE	FALSE
I248C	p.Ile248Cys	missense	0.614827082	0.300078494	NA	NA	TRUE	FALSE
I248P	p.Ile248Pro	missense	-1.106184718	0.346005795	4.362698412	pathogenic very strong	FALSE	FALSE
I248E	p.Ile248Glu	missense	-0.602886688	0.145991851	4.800970025	pathogenic very strong	FALSE	FALSE
I248M	p.Ile248Met	missense	NA	NA	NA	NA	NA	NA
I248W	p.Ile248Trp	missense	-0.558698817	0.166324583	4.821716301	pathogenic very strong	FALSE	FALSE
I248H	p.Ile248His	missense	1.257336091	0.041609439	-0.560183376	benign supporting	FALSE	FALSE
I248Q	p.Ile248Gln	missense	1.130995499	0.19720981	-0.562855219	benign supporting	FALSE	FALSE
I248*	p.Ile248*	nonsense	-0.149327948	0.538871338	NA	NA	FALSE	FALSE
K249S	p.Lys249Ser	missense	-1.134067715	0.20363543	4.324649932	pathogenic very strong	FALSE	FALSE
K249A	p.Lys249Ala	missense	-0.376817888	0.231202644	1.039577155	pathogenic moderate	FALSE	FALSE
K249V	p.Lys249Val	missense	0.214974322	0.308842382	NA	NA	TRUE	FALSE
K249R	p.Lys249Arg	missense	NA	NA	NA	NA	NA	NA
K249D	p.Lys249Asp	missense	0.403356487	0.106987789	NA	NA	TRUE	FALSE
K249F	p.Lys249Phe	missense	-0.205505474	0.288313346	0.665359835	pathogenic moderate	FALSE	FALSE
K249T	p.Lys249Thr	missense	-0.506719601	0.461950138	2.192885111	pathogenic strong	FALSE	FALSE
K249I	p.Lys249Ile	missense	-0.573190473	1.37338437	NA	NA	TRUE	FALSE
K249L	p.Lys249Leu	missense	-0.647965916	0.744619134	4.776252915	pathogenic very strong	FALSE	FALSE
K249K	p.Lys249=	synonymous	0.747340889	0.179256018	NA	NA	FALSE	FALSE
K249G	p.Lys249Gly	missense	NA	NA	NA	NA	NA	NA
K249Y	p.Lys249Tyr	missense	2.192915316	0.042059617	NA	NA	FALSE	TRUE
K249N	p.Lys249Asn	missense	1.763656066	0.185437222	NA	NA	FALSE	TRUE
K249C	p.Lys249Cys	missense	-0.662360845	0.272210011	4.767514984	pathogenic very strong	FALSE	FALSE
K249P	p.Lys249Pro	missense	NA	NA	NA	NA	NA	NA
K249E	p.Lys249Glu	missense	1.175983601	0.161265034	-0.567214862	benign supporting	FALSE	FALSE
K249M	p.Lys249Met	missense	-0.4500238	1.604571256	NA	NA	TRUE	FALSE
K249W	p.Lys249Trp	missense	0.337687226	0.146332088	0.454339466	pathogenic supporting	FALSE	FALSE
K249H	p.Lys249His	missense	NA	NA	NA	NA	NA	NA
K249Q	p.Lys249Gln	missense	-0.31423251	0.305330229	0.905432899	pathogenic moderate	FALSE	FALSE
K249*	p.Lys249*	nonsense	1.725107326	0.066993329	NA	NA	FALSE	TRUE
I250S	p.Ile250Ser	missense	1.367561832	0.502056126	-0.50534348	benign supporting	FALSE	FALSE
I250A	p.Ile250Ala	missense	0.403278392	0.700243472	NA	NA	TRUE	FALSE
I250V	p.Ile250Val	missense	1.029862818	0.345444979	-0.527355518	benign supporting	FALSE	FALSE
I250R	p.Ile250Arg	missense	1.562717179	0.728749467	NA	NA	FALSE	TRUE
I250D	p.Ile250Asp	missense	-1.515148726	0.502574168	3.961050427	pathogenic very strong	FALSE	FALSE
I250F	p.Ile250Phe	missense	0.463115469	0.191564155	NA	NA	TRUE	FALSE
I250T	p.Ile250Thr	missense	-0.739407246	0.780500275	4.712488915	pathogenic very strong	FALSE	FALSE
I250I	p.Ile250=	synonymous	1.183445522	0.082058409	NA	NA	FALSE	FALSE
I250L	p.Ile250Leu	missense	1.217456803	0.13627206	-0.56588077	benign supporting	FALSE	FALSE
I250K	p.Ile250Lys	missense	1.30827435	0.101994764	-0.539858241	benign supporting	FALSE	FALSE
I250G	p.Ile250Gly	missense	1.108324785	0.180481635	-0.559741152	benign supporting	FALSE	FALSE
I250Y	p.Ile250Tyr	missense	0.899259567	0.265479224	-0.425437362	benign supporting	FALSE	FALSE
I250N	p.Ile250Asn	missense	1.813982826	1.168662927	NA	NA	FALSE	TRUE
I250C	p.Ile250Cys	missense	0.392386372	0.331736101	NA	NA	TRUE	FALSE
I250P	p.Ile250Pro	missense	NA	NA	NA	NA	NA	NA
I250E	p.Ile250Glu	missense	0.080328169	0.088875674	0.545735334	pathogenic supporting	FALSE	FALSE
I250M	p.Ile250Met	missense	0.599540087	0.115906234	NA	NA	TRUE	FALSE
I250W	p.Ile250Trp	missense	0.461984822	0.258008983	NA	NA	TRUE	FALSE
I250H	p.Ile250His	missense	0.320038842	0.127295228	0.480202772	pathogenic supporting	FALSE	FALSE
I250Q	p.Ile250Gln	missense	NA	NA	NA	NA	NA	NA
I250*	p.Ile250*	nonsense	1.352099988	0.086428198	NA	NA	FALSE	FALSE
I251S	p.Ile251Ser	missense	0.111237554	0.842687749	NA	NA	TRUE	FALSE
I251A	p.Ile251Ala	missense	NA	NA	NA	NA	NA	NA
I251V	p.Ile251Val	missense	0.257949574	0.984882303	NA	NA	TRUE	FALSE
I251R	p.Ile251Arg	missense	0.811060298	0.360069251	NA	NA	TRUE	FALSE
I251D	p.Ile251Asp	missense	1.048554009	0.101610262	-0.537757322	benign supporting	FALSE	FALSE
I251F	p.Ile251Phe	missense	NA	NA	NA	NA	NA	NA
I251T	p.Ile251Thr	missense	-1.189538816	0.415867878	4.251151614	pathogenic very strong	FALSE	FALSE
I251I	p.Ile251=	synonymous	1.035254929	0.118313165	NA	NA	FALSE	FALSE
I251L	p.Ile251Leu	missense	0.449338748	0.668527258	NA	NA	TRUE	FALSE
I251K	p.Ile251Lys	missense	0.585731845	1.221404898	NA	NA	TRUE	FALSE
I251G	p.Ile251Gly	missense	1.828708648	0.055542246	NA	NA	FALSE	TRUE
I251Y	p.Ile251Tyr	missense	0.086547867	0.109214751	0.546882006	pathogenic supporting	FALSE	FALSE
I251N	p.Ile251Asn	missense	1.158178697	0.086486318	-0.565794719	benign supporting	FALSE	FALSE
I251C	p.Ile251Cys	missense	NA	NA	NA	NA	NA	NA
I251P	p.Ile251Pro	missense	NA	NA	NA	NA	NA	NA
I251E	p.Ile251Glu	missense	0.501930976	0.089837087	NA	NA	TRUE	FALSE
I251M	p.Ile251Met	missense	1.01023843	0.09772729	-0.515215444	benign supporting	FALSE	FALSE
I251W	p.Ile251Trp	missense	0.054681961	0.90915086	NA	NA	TRUE	FALSE
I251H	p.Ile251His	missense	NA	NA	NA	NA	NA	NA
I251Q	p.Ile251Gln	missense	0.822620909	0.259067094	-0.3268345	benign supporting	FALSE	FALSE
I251*	p.Ile251*	nonsense	-0.338400246	0.19144899	NA	NA	FALSE	FALSE
S252S	p.Ser252=	synonymous	0.985417875	0.078770557	NA	NA	FALSE	FALSE
S252A	p.Ser252Ala	missense	0.591585436	0.065134707	0.039062579	indeterminate	FALSE	FALSE
S252V	p.Ser252Val	missense	0.926197478	0.069526104	-0.452137953	benign supporting	FALSE	FALSE
S252R	p.Ser252Arg	missense	0.579912876	0.362767208	NA	NA	TRUE	FALSE
S252D	p.Ser252Asp	missense	2.019101538	0.134897605	NA	NA	FALSE	TRUE
S252F	p.Ser252Phe	missense	0.867876378	0.102416103	-0.387393627	benign supporting	FALSE	FALSE
S252T	p.Ser252Thr	missense	1.222151913	0.532846306	-0.565247329	benign supporting	FALSE	FALSE
S252I	p.Ser252Ile	missense	0.796309675	0.110434675	-0.289873089	indeterminate	FALSE	FALSE
S252L	p.Ser252Leu	missense	0.470683844	0.211526033	NA	NA	TRUE	FALSE
S252K	p.Ser252Lys	missense	1.069485928	0.479288004	-0.54812754	benign supporting	FALSE	FALSE
S252G	p.Ser252Gly	missense	0.992291511	0.150194018	-0.502951985	benign supporting	FALSE	FALSE
S252Y	p.Ser252Tyr	missense	1.276742465	0.045939948	-0.554481044	benign supporting	FALSE	FALSE
S252N	p.Ser252Asn	missense	1.270364676	0.334180147	-0.556992298	benign supporting	FALSE	FALSE
S252C	p.Ser252Cys	missense	0.231880094	0.985416318	NA	NA	TRUE	FALSE
S252P	p.Ser252Pro	missense	1.25125416	0.125869159	-0.561418396	benign supporting	FALSE	FALSE
S252E	p.Ser252Glu	missense	-0.467459563	0.117611805	1.438087239	pathogenic strong	FALSE	FALSE
S252M	p.Ser252Met	missense	0.552538799	0.126326878	NA	NA	TRUE	FALSE
S252W	p.Ser252Trp	missense	1.038085597	0.133320709	-0.53206747	benign supporting	FALSE	FALSE
S252H	p.Ser252His	missense	0.268938551	0.073029814	0.537754546	pathogenic supporting	FALSE	FALSE
S252Q	p.Ser252Gln	missense	0.755250687	0.181836821	-0.230421888	indeterminate	FALSE	FALSE
S252*	p.Ser252*	nonsense	-1.184424743	0.897413888	NA	NA	FALSE	FALSE
K253S	p.Lys253Ser	missense	0.379907781	0.381044662	NA	NA	TRUE	FALSE
K253A	p.Lys253Ala	missense	0.24984934	0.161725159	0.5566855	pathogenic supporting	FALSE	FALSE
K253V	p.Lys253Val	missense	-0.219700962	0.185471418	0.684807375	pathogenic moderate	FALSE	FALSE
K253R	p.Lys253Arg	missense	0.899338476	0.643876782	NA	NA	TRUE	FALSE
K253D	p.Lys253Asp	missense	-0.274869732	0.119846321	0.78723614	pathogenic moderate	FALSE	FALSE
K253F	p.Lys253Phe	missense	-0.037323329	0.804982563	NA	NA	TRUE	FALSE
K253T	p.Lys253Thr	missense	-0.304464748	0.637184066	0.869930206	pathogenic moderate	FALSE	FALSE
K253I	p.Lys253Ile	missense	1.707022227	0.509289068	NA	NA	FALSE	TRUE
K253L	p.Lys253Leu	missense	0.546224554	0.256122825	NA	NA	TRUE	FALSE
K253K	p.Lys253=	synonymous	2.365473522	0.205883695	NA	NA	FALSE	TRUE
K253G	p.Lys253Gly	missense	0.689736908	0.214417891	NA	NA	TRUE	FALSE
K253Y	p.Lys253Tyr	missense	-0.053914038	0.215118947	0.556249069	pathogenic supporting	FALSE	FALSE
K253N	p.Lys253Asn	missense	0.420445637	1.794541861	NA	NA	TRUE	FALSE
K253C	p.Lys253Cys	missense	1.043649002	0.048728061	-0.53513391	benign supporting	FALSE	FALSE
K253P	p.Lys253Pro	missense	0.174441296	0.158245171	0.580732806	pathogenic supporting	FALSE	FALSE
K253E	p.Lys253Glu	missense	0.188281926	0.117450407	0.58764823	pathogenic supporting	FALSE	FALSE
K253M	p.Lys253Met	missense	NA	NA	NA	NA	NA	NA
K253W	p.Lys253Trp	missense	-0.16966932	0.098697964	0.62480764	pathogenic supporting	FALSE	FALSE
K253H	p.Lys253His	missense	-0.111348736	0.985800874	NA	NA	TRUE	FALSE
K253Q	p.Lys253Gln	missense	NA	NA	NA	NA	NA	NA
K253*	p.Lys253*	nonsense	-0.023479787	0.193975924	NA	NA	FALSE	FALSE
R254S	p.Arg254Ser	missense	0.365575259	0.299802454	NA	NA	TRUE	FALSE
R254A	p.Arg254Ala	missense	0.083538073	0.186219918	0.546146132	pathogenic supporting	FALSE	FALSE
R254V	p.Arg254Val	missense	-0.495791179	0.616504266	1.817402617	pathogenic strong	FALSE	FALSE
R254R	p.Arg254=	synonymous	1.23391539	0.186725311	NA	NA	FALSE	FALSE
R254D	p.Arg254Asp	missense	NA	NA	NA	NA	NA	NA
R254F	p.Arg254Phe	missense	0.344177919	0.106907171	0.445676409	pathogenic supporting	FALSE	FALSE
R254T	p.Arg254Thr	missense	NA	NA	NA	NA	NA	NA
R254I	p.Arg254Ile	missense	0.505254179	0.205263921	NA	NA	TRUE	FALSE
R254L	p.Arg254Leu	missense	-0.550595201	0.591985498	4.825181887	pathogenic very strong	FALSE	FALSE
R254K	p.Arg254Lys	missense	1.304318692	0.064120616	-0.541935592	benign supporting	FALSE	FALSE
R254G	p.Arg254Gly	missense	0.118657503	1.40291824	NA	NA	TRUE	FALSE
R254Y	p.Arg254Tyr	missense	1.296118175	0.067165517	-0.545973108	benign supporting	FALSE	FALSE
R254N	p.Arg254Asn	missense	-0.574978332	0.764120924	4.814444978	pathogenic very strong	FALSE	FALSE
R254C	p.Arg254Cys	missense	NA	NA	NA	NA	NA	NA
R254P	p.Arg254Pro	missense	-0.540168252	0.511038329	4.829495187	pathogenic very strong	FALSE	FALSE
R254E	p.Arg254Glu	missense	-0.711551328	0.283129189	4.73413082	pathogenic very strong	FALSE	FALSE
R254M	p.Arg254Met	missense	-1.280357532	2.105582894	NA	NA	TRUE	FALSE
R254W	p.Arg254Trp	missense	0.8279016	0.801661858	NA	NA	TRUE	FALSE
R254H	p.Arg254His	missense	NA	NA	NA	NA	NA	NA
R254Q	p.Arg254Gln	missense	NA	NA	NA	NA	NA	NA
R254*	p.Arg254*	nonsense	NA	NA	NA	NA	NA	NA
K255S	p.Lys255Ser	missense	0.31381953	0.145135262	0.485775095	pathogenic supporting	FALSE	FALSE
K255A	p.Lys255Ala	missense	NA	NA	NA	NA	NA	NA
K255V	p.Lys255Val	missense	0.400680951	0.065897652	0.364135963	pathogenic supporting	FALSE	FALSE
K255R	p.Lys255Arg	missense	-0.146435508	0.925715798	NA	NA	TRUE	FALSE
K255D	p.Lys255Asp	missense	-1.266629648	0.533039576	4.165383879	pathogenic very strong	FALSE	FALSE
K255F	p.Lys255Phe	missense	0.197524943	0.198952751	0.586026097	pathogenic supporting	FALSE	FALSE
K255T	p.Lys255Thr	missense	0.434999378	0.105887289	NA	NA	TRUE	FALSE
K255I	p.Lys255Ile	missense	NA	NA	NA	NA	NA	NA
K255L	p.Lys255Leu	missense	-0.340667089	0.283186179	0.964467764	pathogenic moderate	FALSE	FALSE
K255K	p.Lys255=	synonymous	0.950032995	0.139438773	NA	NA	FALSE	FALSE
K255G	p.Lys255Gly	missense	-0.0344919	0.397694468	0.551333576	pathogenic supporting	FALSE	FALSE
K255Y	p.Lys255Tyr	missense	-0.637583696	0.188842931	4.782291009	pathogenic very strong	FALSE	FALSE
K255N	p.Lys255Asn	missense	0.479500599	0.187617247	NA	NA	TRUE	FALSE
K255C	p.Lys255Cys	missense	NA	NA	NA	NA	NA	NA
K255P	p.Lys255Pro	missense	NA	NA	NA	NA	NA	NA
K255E	p.Lys255Glu	missense	0.318297951	1.800501849	NA	NA	TRUE	FALSE
K255M	p.Lys255Met	missense	0.772306736	0.069162224	-0.255236875	indeterminate	FALSE	FALSE
K255W	p.Lys255Trp	missense	-1.731678928	0.497682526	3.74894259	pathogenic very strong	FALSE	FALSE
K255H	p.Lys255His	missense	NA	NA	NA	NA	NA	NA
K255Q	p.Lys255Gln	missense	NA	NA	NA	NA	NA	NA
K255*	p.Lys255*	nonsense	NA	NA	NA	NA	NA	NA
F256S	p.Phe256Ser	missense	0.14526992	0.75183292	NA	NA	TRUE	FALSE
F256A	p.Phe256Ala	missense	0.376321038	0.560528546	NA	NA	TRUE	FALSE
F256V	p.Phe256Val	missense	0.714012158	0.116041004	-0.167164974	indeterminate	FALSE	FALSE
F256R	p.Phe256Arg	missense	0.930074131	0.337612957	-0.455475558	benign supporting	FALSE	FALSE
F256D	p.Phe256Asp	missense	2.049214348	0.026597743	NA	NA	FALSE	TRUE
F256F	p.Phe256=	synonymous	NA	NA	NA	NA	NA	NA
F256T	p.Phe256Thr	missense	0.558422267	0.222665527	NA	NA	TRUE	FALSE
F256I	p.Phe256Ile	missense	1.169511742	0.144591067	-0.566826631	benign supporting	FALSE	FALSE
F256L	p.Phe256Leu	missense	1.555628811	0.060601174	NA	NA	FALSE	TRUE
F256K	p.Phe256Lys	missense	-0.89743774	1.110659617	4.571344221	pathogenic very strong	FALSE	FALSE
F256G	p.Phe256Gly	missense	0.95091604	0.211923629	-0.472317432	benign supporting	FALSE	FALSE
F256Y	p.Phe256Tyr	missense	1.333699729	0.054005767	-0.52701431	benign supporting	FALSE	FALSE
F256N	p.Phe256Asn	missense	NA	NA	NA	NA	NA	NA
F256C	p.Phe256Cys	missense	0.148055424	0.052840663	0.567919655	pathogenic supporting	FALSE	FALSE
F256P	p.Phe256Pro	missense	0.683958856	0.089303363	-0.120933339	indeterminate	FALSE	FALSE
F256E	p.Phe256Glu	missense	0.441501281	0.115281828	NA	NA	TRUE	FALSE
F256M	p.Phe256Met	missense	-0.17802378	0.212009871	0.63330276	pathogenic supporting	FALSE	FALSE
F256W	p.Phe256Trp	missense	1.014294226	0.123848131	-0.517830392	benign supporting	FALSE	FALSE
F256H	p.Phe256His	missense	0.93668624	0.097759551	-0.461016306	benign supporting	FALSE	FALSE
F256Q	p.Phe256Gln	missense	-0.176613156	0.103706681	0.631830883	pathogenic supporting	FALSE	FALSE
F256*	p.Phe256*	nonsense	0.128005437	0.16388069	NA	NA	FALSE	FALSE
A257S	p.Ala257Ser	missense	0.338067546	1.165371216	NA	NA	TRUE	FALSE
A257A	p.Ala257=	synonymous	1.50990456	0.054383622	NA	NA	FALSE	TRUE
A257V	p.Ala257Val	missense	0.590359386	0.392402746	NA	NA	TRUE	FALSE
A257R	p.Ala257Arg	missense	0.686002244	0.364448087	NA	NA	TRUE	FALSE
A257D	p.Ala257Asp	missense	0.144737475	0.661983291	NA	NA	TRUE	FALSE
A257F	p.Ala257Phe	missense	0.65082224	0.089771954	-0.06482583	indeterminate	FALSE	FALSE
A257T	p.Ala257Thr	missense	0.376190703	0.256795077	NA	NA	TRUE	FALSE
A257I	p.Ala257Ile	missense	0.037012458	0.357428616	0.54338114	pathogenic supporting	FALSE	FALSE
A257L	p.Ala257Leu	missense	0.247704128	0.593249453	NA	NA	TRUE	FALSE
A257K	p.Ala257Lys	missense	-1.087101632	0.522294879	4.386165124	pathogenic very strong	FALSE	FALSE
A257G	p.Ala257Gly	missense	0.740696873	0.128309246	-0.208500323	indeterminate	FALSE	FALSE
A257Y	p.Ala257Tyr	missense	1.126430409	0.106372305	-0.562374287	benign supporting	FALSE	FALSE
A257N	p.Ala257Asn	missense	-1.313389491	1.080581177	4.120090964	pathogenic very strong	FALSE	FALSE
A257C	p.Ala257Cys	missense	NA	NA	NA	NA	NA	NA
A257P	p.Ala257Pro	missense	NA	NA	NA	NA	NA	NA
A257E	p.Ala257Glu	missense	0.192382967	0.097636493	0.586871674	pathogenic supporting	FALSE	FALSE
A257M	p.Ala257Met	missense	NA	NA	NA	NA	NA	NA
A257W	p.Ala257Trp	missense	0.220265079	0.664834438	NA	NA	TRUE	FALSE
A257H	p.Ala257His	missense	-0.674752171	0.223402099	4.759636848	pathogenic very strong	FALSE	FALSE
A257Q	p.Ala257Gln	missense	0.879467903	0.087411674	-0.401983588	benign supporting	FALSE	FALSE
A257*	p.Ala257*	nonsense	NA	NA	NA	NA	NA	NA
I258S	p.Ile258Ser	missense	0.241691504	0.096758454	0.562956535	pathogenic supporting	FALSE	FALSE
I258A	p.Ile258Ala	missense	0.533152366	0.378321367	NA	NA	TRUE	FALSE
I258V	p.Ile258Val	missense	NA	NA	NA	NA	NA	NA
I258R	p.Ile258Arg	missense	0.604986905	0.236808646	NA	NA	TRUE	FALSE
I258D	p.Ile258Asp	missense	-0.145998279	0.11429167	0.603413492	pathogenic supporting	FALSE	FALSE
I258F	p.Ile258Phe	missense	0.350926725	0.87139884	NA	NA	TRUE	FALSE
I258T	p.Ile258Thr	missense	0.39991805	2.042042819	NA	NA	TRUE	FALSE
I258I	p.Ile258=	synonymous	NA	NA	NA	NA	NA	NA
I258L	p.Ile258Leu	missense	1.251944205	0.206567888	-0.561286175	benign supporting	FALSE	FALSE
I258K	p.Ile258Lys	missense	0.874663884	0.322125175	-0.395965747	benign supporting	FALSE	FALSE
I258G	p.Ile258Gly	missense	1.048235607	0.342753144	-0.537589287	benign supporting	FALSE	FALSE
I258Y	p.Ile258Tyr	missense	-0.439243577	0.524604407	1.255512025	pathogenic moderate	FALSE	FALSE
I258N	p.Ile258Asn	missense	NA	NA	NA	NA	NA	NA
I258C	p.Ile258Cys	missense	1.171469008	0.56823632	-0.566959653	benign supporting	FALSE	FALSE
I258P	p.Ile258Pro	missense	NA	NA	NA	NA	NA	NA
I258E	p.Ile258Glu	missense	NA	NA	NA	NA	NA	NA
I258M	p.Ile258Met	missense	0.459654762	0.061413067	NA	NA	TRUE	FALSE
I258W	p.Ile258Trp	missense	1.172890316	0.278798866	-0.567047792	benign supporting	FALSE	FALSE
I258H	p.Ile258His	missense	NA	NA	NA	NA	NA	NA
I258Q	p.Ile258Gln	missense	NA	NA	NA	NA	NA	NA
I258*	p.Ile258*	nonsense	0.109373569	1.002367555	NA	NA	TRUE	FALSE
G259S	p.Gly259Ser	missense	0.759058071	0.233781467	-0.23589884	indeterminate	FALSE	FALSE
G259A	p.Gly259Ala	missense	0.918006602	0.099937762	-0.444862079	benign supporting	FALSE	FALSE
G259V	p.Gly259Val	missense	1.128754508	0.083752981	-0.562628455	benign supporting	FALSE	FALSE
G259R	p.Gly259Arg	missense	1.008255577	0.120054553	-0.51391643	benign supporting	FALSE	FALSE
G259D	p.Gly259Asp	missense	0.817623921	0.182760407	-0.319932905	benign supporting	FALSE	FALSE
G259F	p.Gly259Phe	missense	1.62752756	0.159592556	NA	NA	FALSE	TRUE
G259T	p.Gly259Thr	missense	0.108205853	0.158235072	0.552963991	pathogenic supporting	FALSE	FALSE
G259I	p.Gly259Ile	missense	-0.317355995	0.777256057	0.917731982	pathogenic moderate	FALSE	FALSE
G259L	p.Gly259Leu	missense	-0.177490377	0.319151563	0.632744364	pathogenic supporting	FALSE	FALSE
G259K	p.Gly259Lys	missense	1.388952575	1.246770645	NA	NA	TRUE	FALSE
G259G	p.Gly259=	synonymous	0.820020531	0.060718036	NA	NA	FALSE	FALSE
G259Y	p.Gly259Tyr	missense	NA	NA	NA	NA	NA	NA
G259N	p.Gly259Asn	missense	NA	NA	NA	NA	NA	NA
G259C	p.Gly259Cys	missense	1.148333805	0.073645967	-0.564542958	benign supporting	FALSE	FALSE
G259P	p.Gly259Pro	missense	0.464504848	0.516087667	NA	NA	TRUE	FALSE
G259E	p.Gly259Glu	missense	1.535308448	0.319089787	NA	NA	FALSE	TRUE
G259M	p.Gly259Met	missense	0.928518104	0.087409468	-0.454143922	benign supporting	FALSE	FALSE
G259W	p.Gly259Trp	missense	1.082882628	0.062466229	-0.554078823	benign supporting	FALSE	FALSE
G259H	p.Gly259His	missense	NA	NA	NA	NA	NA	NA
G259Q	p.Gly259Gln	missense	1.785079834	0.179984647	NA	NA	FALSE	TRUE
G259*	p.Gly259*	nonsense	-0.106809411	0.113494286	NA	NA	FALSE	FALSE
S260S	p.Ser260=	synonymous	1.193862982	0.130193603	NA	NA	FALSE	FALSE
S260A	p.Ser260Ala	missense	-0.83989193	0.527574152	4.624254273	pathogenic very strong	FALSE	FALSE
S260V	p.Ser260Val	missense	NA	NA	NA	NA	NA	NA
S260R	p.Ser260Arg	missense	1.922498581	0.681468581	NA	NA	FALSE	TRUE
S260D	p.Ser260Asp	missense	0.923006893	0.134002848	-0.449340402	benign supporting	FALSE	FALSE
S260F	p.Ser260Phe	missense	2.128994633	0.136617409	NA	NA	FALSE	TRUE
S260T	p.Ser260Thr	missense	NA	NA	NA	NA	NA	NA
S260I	p.Ser260Ile	missense	0.910395328	0.103250735	-0.437764869	benign supporting	FALSE	FALSE
S260L	p.Ser260Leu	missense	2.574267125	0.144695898	NA	NA	FALSE	TRUE
S260K	p.Ser260Lys	missense	1.400471491	0.38012686	-0.482013818	benign supporting	FALSE	FALSE
S260G	p.Ser260Gly	missense	1.300584003	0.453703808	-0.543818687	benign supporting	FALSE	FALSE
S260Y	p.Ser260Tyr	missense	0.506516264	0.163199805	NA	NA	TRUE	FALSE
S260N	p.Ser260Asn	missense	1.197399314	0.0885683	-0.568537721	benign supporting	FALSE	FALSE
S260C	p.Ser260Cys	missense	1.738133929	0.054719061	NA	NA	FALSE	TRUE
S260P	p.Ser260Pro	missense	0.938732261	1.951555864	NA	NA	TRUE	FALSE
S260E	p.Ser260Glu	missense	0.468439703	0.19462944	NA	NA	TRUE	FALSE
S260M	p.Ser260Met	missense	NA	NA	NA	NA	NA	NA
S260W	p.Ser260Trp	missense	1.856751768	0.127285376	NA	NA	FALSE	TRUE
S260H	p.Ser260His	missense	NA	NA	NA	NA	NA	NA
S260Q	p.Ser260Gln	missense	-0.374043842	0.120158861	1.032936934	pathogenic moderate	FALSE	FALSE
S260*	p.Ser260*	nonsense	-0.541913518	0.636738158	NA	NA	FALSE	FALSE
A261S	p.Ala261Ser	missense	0.455232407	0.600552504	NA	NA	TRUE	FALSE
A261A	p.Ala261=	synonymous	0.703585409	0.416623914	NA	NA	TRUE	FALSE
A261V	p.Ala261Val	missense	1.364045876	0.095141256	-0.50794161	benign supporting	FALSE	FALSE
A261R	p.Ala261Arg	missense	NA	NA	NA	NA	NA	NA
A261D	p.Ala261Asp	missense	0.298167408	0.154517711	0.501414618	pathogenic supporting	FALSE	FALSE
A261F	p.Ala261Phe	missense	0.588388126	0.116503873	NA	NA	TRUE	FALSE
A261T	p.Ala261Thr	missense	1.124380116	0.185238694	-0.562134079	benign supporting	FALSE	FALSE
A261I	p.Ala261Ile	missense	NA	NA	NA	NA	NA	NA
A261L	p.Ala261Leu	missense	0.637961296	0.198007626	NA	NA	TRUE	FALSE
A261K	p.Ala261Lys	missense	0.103397385	0.106241892	0.551493112	pathogenic supporting	FALSE	FALSE
A261G	p.Ala261Gly	missense	-2.070776972	0.766755724	0	indeterminate	FALSE	FALSE
A261Y	p.Ala261Tyr	missense	1.929554495	0.064192305	NA	NA	FALSE	TRUE
A261N	p.Ala261Asn	missense	-0.877750109	0.191015577	4.587331072	pathogenic very strong	FALSE	FALSE
A261C	p.Ala261Cys	missense	0.193702332	0.087038857	0.586641197	pathogenic supporting	FALSE	FALSE
A261P	p.Ala261Pro	missense	NA	NA	NA	NA	NA	NA
A261E	p.Ala261Glu	missense	0.562358915	0.69725249	NA	NA	TRUE	FALSE
A261M	p.Ala261Met	missense	-1.642036917	0.927456005	3.857949251	pathogenic very strong	FALSE	FALSE
A261W	p.Ala261Trp	missense	0.387001825	0.117743637	NA	NA	TRUE	FALSE
A261H	p.Ala261His	missense	-0.780072558	0.660424051	4.676663163	pathogenic very strong	FALSE	FALSE
A261Q	p.Ala261Gln	missense	-0.533091113	0.267450982	4.832331306	pathogenic very strong	FALSE	FALSE
A261*	p.Ala261*	nonsense	0.372461632	0.538307962	NA	NA	TRUE	FALSE
R262S	p.Arg262Ser	missense	0.593819356	0.343160644	NA	NA	TRUE	FALSE
R262A	p.Arg262Ala	missense	1.118588424	0.105522227	-0.561375102	benign supporting	FALSE	FALSE
R262V	p.Arg262Val	missense	0.367173614	0.214467643	NA	NA	TRUE	FALSE
R262R	p.Arg262=	synonymous	0.460981143	0.487674457	NA	NA	TRUE	FALSE
R262D	p.Arg262Asp	missense	1.538105662	0.236672433	NA	NA	FALSE	TRUE
R262F	p.Arg262Phe	missense	1.304907828	0.063660532	-0.54163165	benign supporting	FALSE	FALSE
R262T	p.Arg262Thr	missense	0.243601692	0.925671631	NA	NA	TRUE	FALSE
R262I	p.Arg262Ile	missense	0.842425843	0.102887971	-0.355454128	benign supporting	FALSE	FALSE
R262L	p.Arg262Leu	missense	0.356886253	0.334952421	NA	NA	TRUE	FALSE
R262K	p.Arg262Lys	missense	0.553803139	0.334738595	NA	NA	TRUE	FALSE
R262G	p.Arg262Gly	missense	0.240192291	0.08883096	0.564171775	pathogenic supporting	FALSE	FALSE
R262Y	p.Arg262Tyr	missense	1.22711857	0.184181651	-0.564827235	benign supporting	FALSE	FALSE
R262N	p.Arg262Asn	missense	-0.895446642	0.410006989	4.57297836	pathogenic very strong	FALSE	FALSE
R262C	p.Arg262Cys	missense	0.465903253	0.07198151	NA	NA	TRUE	FALSE
R262P	p.Arg262Pro	missense	1.690100359	0.067767327	NA	NA	FALSE	TRUE
R262E	p.Arg262Glu	missense	-0.097933217	0.850624173	NA	NA	TRUE	FALSE
R262M	p.Arg262Met	missense	0.28149186	0.06919026	0.520897771	pathogenic supporting	FALSE	FALSE
R262W	p.Arg262Trp	missense	1.17805772	0.090973723	-0.567396895	benign supporting	FALSE	FALSE
R262H	p.Arg262His	missense	-0.064610951	0.277225685	0.559512722	pathogenic supporting	FALSE	FALSE
R262Q	p.Arg262Gln	missense	2.399201793	0.119446485	NA	NA	FALSE	TRUE
R262*	p.Arg262*	nonsense	0.192362525	1.100713257	NA	NA	TRUE	FALSE
E263S	p.Glu263Ser	missense	0.604444515	0.430518649	NA	NA	TRUE	FALSE
E263A	p.Glu263Ala	missense	0.227647733	0.137473794	0.575146183	pathogenic supporting	FALSE	FALSE
E263V	p.Glu263Val	missense	1.525830366	0.105637931	NA	NA	FALSE	TRUE
E263R	p.Glu263Arg	missense	0.555352983	0.381429839	NA	NA	TRUE	FALSE
E263D	p.Glu263Asp	missense	1.212729856	0.078467898	-0.566653598	benign supporting	FALSE	FALSE
E263F	p.Glu263Phe	missense	1.235471268	0.131801788	-0.563908735	benign supporting	FALSE	FALSE
E263T	p.Glu263Thr	missense	1.48153225	0.125896849	NA	NA	FALSE	TRUE
E263I	p.Glu263Ile	missense	NA	NA	NA	NA	NA	NA
E263L	p.Glu263Leu	missense	1.652749661	0.100231139	NA	NA	FALSE	TRUE
E263K	p.Glu263Lys	missense	1.538500855	0.086191521	NA	NA	FALSE	TRUE
E263G	p.Glu263Gly	missense	0.997521319	0.075472568	-0.506644685	benign supporting	FALSE	FALSE
E263Y	p.Glu263Tyr	missense	0.97061106	0.126436417	-0.486642811	benign supporting	FALSE	FALSE
E263N	p.Glu263Asn	missense	0.063466745	0.218621834	0.544190778	pathogenic supporting	FALSE	FALSE
E263C	p.Glu263Cys	missense	1.686300945	0.14824265	NA	NA	FALSE	TRUE
E263P	p.Glu263Pro	missense	2.224914997	0.089806599	NA	NA	FALSE	TRUE
E263E	p.Glu263=	synonymous	1.295331397	0.13587759	NA	NA	FALSE	FALSE
E263M	p.Glu263Met	missense	1.021344444	1.181789966	NA	NA	TRUE	FALSE
E263W	p.Glu263Trp	missense	0.675451139	0.075153378	-0.105516544	indeterminate	FALSE	FALSE
E263H	p.Glu263His	missense	0.705777138	0.095829877	-0.155230754	indeterminate	FALSE	FALSE
E263Q	p.Glu263Gln	missense	0.359878998	0.113998493	0.424457679	pathogenic supporting	FALSE	FALSE
E263*	p.Glu263*	nonsense	0.153566974	0.071334534	NA	NA	FALSE	FALSE
A264S	p.Ala264Ser	missense	0.468972505	0.314335645	NA	NA	TRUE	FALSE
A264A	p.Ala264=	synonymous	1.636807826	0.092212058	NA	NA	FALSE	TRUE
A264V	p.Ala264Val	missense	0.27734802	0.222750354	NA	NA	TRUE	FALSE
A264R	p.Ala264Arg	missense	NA	NA	NA	NA	NA	NA
A264D	p.Ala264Asp	missense	0.888639872	0.107353721	-0.413111342	benign supporting	FALSE	FALSE
A264F	p.Ala264Phe	missense	-0.234243963	0.981137945	NA	NA	TRUE	FALSE
A264T	p.Ala264Thr	missense	-0.275716686	0.894026821	NA	NA	TRUE	FALSE
A264I	p.Ala264Ile	missense	0.002107329	1.167032318	NA	NA	TRUE	FALSE
A264L	p.Ala264Leu	missense	0.585919178	0.215326154	NA	NA	TRUE	FALSE
A264K	p.Ala264Lys	missense	1.450383695	0.076639156	-0.433651058	benign supporting	FALSE	FALSE
A264G	p.Ala264Gly	missense	-0.233250122	1.26128764	NA	NA	TRUE	FALSE
A264Y	p.Ala264Tyr	missense	NA	NA	NA	NA	NA	NA
A264N	p.Ala264Asn	missense	-0.036868506	0.132749583	0.551867451	pathogenic supporting	FALSE	FALSE
A264C	p.Ala264Cys	missense	0.734780911	0.109132279	-0.199108983	indeterminate	FALSE	FALSE
A264P	p.Ala264Pro	missense	1.997356675	0.30710894	NA	NA	FALSE	TRUE
A264E	p.Ala264Glu	missense	0.09662771	0.827739628	NA	NA	TRUE	FALSE
A264M	p.Ala264Met	missense	NA	NA	NA	NA	NA	NA
A264W	p.Ala264Trp	missense	NA	NA	NA	NA	NA	NA
A264H	p.Ala264His	missense	NA	NA	NA	NA	NA	NA
A264Q	p.Ala264Gln	missense	NA	NA	NA	NA	NA	NA
A264*	p.Ala264*	nonsense	-1.532007877	0.331310297	NA	NA	FALSE	FALSE
D265S	p.Asp265Ser	missense	1.428387676	0.083919703	-0.455623449	benign supporting	FALSE	FALSE
D265A	p.Asp265Ala	missense	2.177893663	1.100248696	NA	NA	FALSE	TRUE
D265V	p.Asp265Val	missense	-0.035040078	0.625633709	NA	NA	TRUE	FALSE
D265R	p.Asp265Arg	missense	1.256333726	0.671450497	-0.560397811	benign supporting	FALSE	FALSE
D265D	p.Asp265=	synonymous	0.597046611	0.089192695	NA	NA	FALSE	FALSE
D265F	p.Asp265Phe	missense	2.391511044	0.120137225	NA	NA	FALSE	TRUE
D265T	p.Asp265Thr	missense	-0.764245436	0.79143723	4.691255499	pathogenic very strong	FALSE	FALSE
D265I	p.Asp265Ile	missense	1.643956343	0.176472748	NA	NA	FALSE	TRUE
D265L	p.Asp265Leu	missense	-0.397072767	1.326160441	NA	NA	TRUE	FALSE
D265K	p.Asp265Lys	missense	1.794007345	0.095689247	NA	NA	FALSE	TRUE
D265G	p.Asp265Gly	missense	0.51519812	0.65129917	NA	NA	TRUE	FALSE
D265Y	p.Asp265Tyr	missense	1.807119895	0.113080605	NA	NA	FALSE	TRUE
D265N	p.Asp265Asn	missense	2.072784383	0.115372609	NA	NA	FALSE	TRUE
D265C	p.Asp265Cys	missense	NA	NA	NA	NA	NA	NA
D265P	p.Asp265Pro	missense	1.306840216	0.362968429	-0.540621364	benign supporting	FALSE	FALSE
D265E	p.Asp265Glu	missense	0.575367831	0.754298596	NA	NA	TRUE	FALSE
D265M	p.Asp265Met	missense	NA	NA	NA	NA	NA	NA
D265W	p.Asp265Trp	missense	-0.929021894	0.584577543	4.543766121	pathogenic very strong	FALSE	FALSE
D265H	p.Asp265His	missense	NA	NA	NA	NA	NA	NA
D265Q	p.Asp265Gln	missense	NA	NA	NA	NA	NA	NA
D265*	p.Asp265*	nonsense	0.396094769	0.065511296	NA	NA	FALSE	FALSE
P266S	p.Pro266Ser	missense	1.267435634	0.186440266	-0.557776343	benign supporting	FALSE	FALSE
P266A	p.Pro266Ala	missense	0.914649841	0.097971797	-0.441789939	benign supporting	FALSE	FALSE
P266V	p.Pro266Val	missense	NA	NA	NA	NA	NA	NA
P266R	p.Pro266Arg	missense	1.162348605	0.112303418	-0.566225882	benign supporting	FALSE	FALSE
P266D	p.Pro266Asp	missense	NA	NA	NA	NA	NA	NA
P266F	p.Pro266Phe	missense	NA	NA	NA	NA	NA	NA
P266T	p.Pro266Thr	missense	-0.236544347	0.33505101	0.710993929	pathogenic moderate	FALSE	FALSE
P266I	p.Pro266Ile	missense	NA	NA	NA	NA	NA	NA
P266L	p.Pro266Leu	missense	1.477193465	0.232795418	NA	NA	FALSE	TRUE
P266K	p.Pro266Lys	missense	NA	NA	NA	NA	NA	NA
P266G	p.Pro266Gly	missense	1.054969098	0.121133487	-0.541076523	benign supporting	FALSE	FALSE
P266Y	p.Pro266Tyr	missense	NA	NA	NA	NA	NA	NA
P266N	p.Pro266Asn	missense	NA	NA	NA	NA	NA	NA
P266C	p.Pro266Cys	missense	1.989910287	0.103454205	NA	NA	FALSE	TRUE
P266P	p.Pro266=	synonymous	1.507894215	0.288359268	NA	NA	FALSE	TRUE
P266E	p.Pro266Glu	missense	NA	NA	NA	NA	NA	NA
P266M	p.Pro266Met	missense	NA	NA	NA	NA	NA	NA
P266W	p.Pro266Trp	missense	NA	NA	NA	NA	NA	NA
P266H	p.Pro266His	missense	0.354832536	0.0800689	0.43251989	pathogenic supporting	FALSE	FALSE
P266Q	p.Pro266Gln	missense	1.073916123	0.133348517	-0.550154098	benign supporting	FALSE	FALSE
P266*	p.Pro266*	nonsense	-0.817704537	1.029587697	NA	NA	FALSE	FALSE
A267S	p.Ala267Ser	missense	1.455412907	0.069957045	NA	NA	FALSE	FALSE
A267A	p.Ala267=	synonymous	0.830077472	1.017044561	NA	NA	TRUE	FALSE
A267V	p.Ala267Val	missense	1.034919204	0.03912867	-0.53027859	benign supporting	FALSE	FALSE
A267R	p.Ala267Arg	missense	1.090282197	0.109253849	-0.55598593	benign supporting	FALSE	FALSE
A267D	p.Ala267Asp	missense	0.542504783	0.069677909	NA	NA	TRUE	FALSE
A267F	p.Ala267Phe	missense	-0.362300588	0.180782145	1.006596375	pathogenic moderate	FALSE	FALSE
A267T	p.Ala267Thr	missense	1.494156131	0.061822005	NA	NA	FALSE	TRUE
A267I	p.Ala267Ile	missense	NA	NA	NA	NA	NA	NA
A267L	p.Ala267Leu	missense	0.69882971	0.149817892	-0.144751244	indeterminate	FALSE	FALSE
A267K	p.Ala267Lys	missense	1.452713918	0.057866802	-0.431515965	benign supporting	FALSE	FALSE
A267G	p.Ala267Gly	missense	0.683417698	0.062042554	-0.120028367	indeterminate	FALSE	FALSE
A267Y	p.Ala267Tyr	missense	1.090344158	0.058035841	-0.556000736	benign supporting	FALSE	FALSE
A267N	p.Ala267Asn	missense	-0.266071093	0.156280248	0.767245478	pathogenic moderate	FALSE	FALSE
A267C	p.Ala267Cys	missense	1.177724345	0.095294634	-0.567345753	benign supporting	FALSE	FALSE
A267P	p.Ala267Pro	missense	1.141833354	0.356163373	-0.563695241	benign supporting	FALSE	FALSE
A267E	p.Ala267Glu	missense	2.246214466	0.052977865	NA	NA	FALSE	TRUE
A267M	p.Ala267Met	missense	0.999465828	0.185334267	-0.507992352	benign supporting	FALSE	FALSE
A267W	p.Ala267Trp	missense	1.002888255	0.047599863	-0.510331425	benign supporting	FALSE	FALSE
A267H	p.Ala267His	missense	2.083204346	0.038658124	NA	NA	FALSE	TRUE
A267Q	p.Ala267Gln	missense	0.818317809	0.098157329	-0.320864792	benign supporting	FALSE	FALSE
A267*	p.Ala267*	nonsense	-0.20062849	0.154370945	NA	NA	FALSE	FALSE
L268S	p.Leu268Ser	missense	0.949326523	0.24882042	-0.471095942	benign supporting	FALSE	FALSE
L268A	p.Leu268Ala	missense	1.161398524	0.218083212	-0.566132881	benign supporting	FALSE	FALSE
L268V	p.Leu268Val	missense	0.23713406	0.601836471	NA	NA	TRUE	FALSE
L268R	p.Leu268Arg	missense	1.397299174	0.117216656	-0.484593886	benign supporting	FALSE	FALSE
L268D	p.Leu268Asp	missense	-1.023191443	0.181310359	4.452705404	pathogenic very strong	FALSE	FALSE
L268F	p.Leu268Phe	missense	0.95334193	0.081722785	-0.474162344	benign supporting	FALSE	FALSE
L268T	p.Leu268Thr	missense	0.037479231	0.303323153	0.543378324	pathogenic supporting	FALSE	FALSE
L268I	p.Leu268Ile	missense	1.318704629	0.084875387	-0.534459291	benign supporting	FALSE	FALSE
L268L	p.Leu268=	synonymous	0.769011445	0.24905785	NA	NA	FALSE	FALSE
L268K	p.Leu268Lys	missense	1.243794714	0.491724458	-0.562721339	benign supporting	FALSE	FALSE
L268G	p.Leu268Gly	missense	0.489486862	0.097053513	NA	NA	TRUE	FALSE
L268Y	p.Leu268Tyr	missense	1.058873182	0.055858115	-0.543035117	benign supporting	FALSE	FALSE
L268N	p.Leu268Asn	missense	0.587606419	0.71613967	NA	NA	TRUE	FALSE
L268C	p.Leu268Cys	missense	0.760470659	0.056030203	-0.237905198	indeterminate	FALSE	FALSE
L268P	p.Leu268Pro	missense	-0.406292941	0.538922126	1.122507296	pathogenic moderate	FALSE	FALSE
L268E	p.Leu268Glu	missense	1.288261497	0.374165424	-0.549513935	benign supporting	FALSE	FALSE
L268M	p.Leu268Met	missense	1.509547207	0.064315683	NA	NA	FALSE	TRUE
L268W	p.Leu268Trp	missense	1.165411627	0.257556468	-0.566504547	benign supporting	FALSE	FALSE
L268H	p.Leu268His	missense	2.43108306	0.108456435	NA	NA	FALSE	TRUE
L268Q	p.Leu268Gln	missense	1.378059093	0.073029563	-0.498661321	benign supporting	FALSE	FALSE
L268*	p.Leu268*	nonsense	-0.255369849	0.112170881	NA	NA	FALSE	FALSE
N269S	p.Asn269Ser	missense	0.578643771	0.123078464	NA	NA	TRUE	FALSE
N269A	p.Asn269Ala	missense	-0.097694084	0.346837199	0.572341736	pathogenic supporting	FALSE	FALSE
N269V	p.Asn269Val	missense	0.330392616	0.143597705	0.464707531	pathogenic supporting	FALSE	FALSE
N269R	p.Asn269Arg	missense	1.639374487	0.305176637	NA	NA	FALSE	TRUE
N269D	p.Asn269Asp	missense	0.853248975	0.202659522	-0.369513994	benign supporting	FALSE	FALSE
N269F	p.Asn269Phe	missense	2.153218507	0.099360211	NA	NA	FALSE	TRUE
N269T	p.Asn269Thr	missense	1.018618675	0.099815448	-0.520557	benign supporting	FALSE	FALSE
N269I	p.Asn269Ile	missense	0.824609922	0.069295934	-0.329716825	benign supporting	FALSE	FALSE
N269L	p.Asn269Leu	missense	1.089103554	0.118272572	-0.555701787	benign supporting	FALSE	FALSE
N269K	p.Asn269Lys	missense	NA	NA	NA	NA	NA	NA
N269G	p.Asn269Gly	missense	1.006558207	0.045401405	-0.512793606	benign supporting	FALSE	FALSE
N269Y	p.Asn269Tyr	missense	1.188009427	0.046144509	-0.568761556	benign supporting	FALSE	FALSE
N269N	p.Asn269=	synonymous	1.484528004	2.008388492	NA	NA	TRUE	TRUE
N269C	p.Asn269Cys	missense	0.950263891	0.049574987	-0.471817494	benign supporting	FALSE	FALSE
N269P	p.Asn269Pro	missense	1.261863371	0.132189208	-0.559160362	benign supporting	FALSE	FALSE
N269E	p.Asn269Glu	missense	0.260236574	0.131287817	0.549499301	pathogenic supporting	FALSE	FALSE
N269M	p.Asn269Met	missense	1.99302528	0.047816231	NA	NA	FALSE	TRUE
N269W	p.Asn269Trp	missense	1.337701448	0.172296361	-0.524819126	benign supporting	FALSE	FALSE
N269H	p.Asn269His	missense	0.98199346	0.055579695	-0.495383307	benign supporting	FALSE	FALSE
N269Q	p.Asn269Gln	missense	0.32385636	0.18670661	NA	NA	TRUE	FALSE
N269*	p.Asn269*	nonsense	-0.120898675	0.134887963	NA	NA	FALSE	FALSE
V270S	p.Val270Ser	missense	1.609808638	0.072473162	NA	NA	FALSE	TRUE
V270A	p.Val270Ala	missense	0.78182949	0.183928832	-0.269123758	indeterminate	FALSE	FALSE
V270V	p.Val270=	synonymous	1.143075243	0.033972988	NA	NA	FALSE	FALSE
V270R	p.Val270Arg	missense	2.184225897	0.070690882	NA	NA	FALSE	TRUE
V270D	p.Val270Asp	missense	0.792078618	0.17583434	-0.283549573	indeterminate	FALSE	FALSE
V270F	p.Val270Phe	missense	0.460278178	0.055338127	NA	NA	TRUE	FALSE
V270T	p.Val270Thr	missense	0.94773747	0.04266935	-0.469864712	benign supporting	FALSE	FALSE
V270I	p.Val270Ile	missense	1.383080652	0.067928161	-0.49523938	benign supporting	FALSE	FALSE
V270L	p.Val270Leu	missense	1.650128783	0.056699342	NA	NA	FALSE	TRUE
V270K	p.Val270Lys	missense	1.947071437	0.09931481	NA	NA	FALSE	TRUE
V270G	p.Val270Gly	missense	1.551449621	0.042687599	NA	NA	FALSE	TRUE
V270Y	p.Val270Tyr	missense	0.526713057	0.252681929	NA	NA	TRUE	FALSE
V270N	p.Val270Asn	missense	1.895282604	0.031317655	NA	NA	FALSE	TRUE
V270C	p.Val270Cys	missense	0.975400885	0.034374762	-0.490324262	benign supporting	FALSE	FALSE
V270P	p.Val270Pro	missense	0.867877743	0.094463657	-0.387395239	benign supporting	FALSE	FALSE
V270E	p.Val270Glu	missense	1.351134906	0.030031957	-0.516761063	benign supporting	FALSE	FALSE
V270M	p.Val270Met	missense	1.258974954	0.06848337	-0.559823399	benign supporting	FALSE	FALSE
V270W	p.Val270Trp	missense	1.104659535	0.042832039	-0.559068958	benign supporting	FALSE	FALSE
V270H	p.Val270His	missense	1.488370574	0.142242599	NA	NA	FALSE	TRUE
V270Q	p.Val270Gln	missense	2.257558951	0.071792295	NA	NA	FALSE	TRUE
V270*	p.Val270*	nonsense	-0.21986088	0.056697407	NA	NA	FALSE	FALSE
E271S	p.Glu271Ser	missense	1.223251063	0.459428516	-0.565162338	benign supporting	FALSE	FALSE
E271A	p.Glu271Ala	missense	0.62783533	0.081373261	-0.026935608	indeterminate	FALSE	FALSE
E271V	p.Glu271Val	missense	1.440638789	0.055448002	-0.443514806	benign supporting	FALSE	FALSE
E271R	p.Glu271Arg	missense	1.308790206	0.294369941	-0.539580947	benign supporting	FALSE	FALSE
E271D	p.Glu271Asp	missense	0.697022998	0.12227745	-0.141961126	indeterminate	FALSE	FALSE
E271F	p.Glu271Phe	missense	0.651868567	0.060903847	-0.066546804	indeterminate	FALSE	FALSE
E271T	p.Glu271Thr	missense	0.941592104	0.093276809	-0.46500673	benign supporting	FALSE	FALSE
E271I	p.Glu271Ile	missense	0.848237127	0.703045367	NA	NA	TRUE	FALSE
E271L	p.Glu271Leu	missense	0.166597821	0.216522544	0.576662396	pathogenic supporting	FALSE	FALSE
E271K	p.Glu271Lys	missense	1.298369638	0.108383934	-0.544900043	benign supporting	FALSE	FALSE
E271G	p.Glu271Gly	missense	1.10940333	0.658505973	NA	NA	TRUE	FALSE
E271Y	p.Glu271Tyr	missense	1.00065993	0.134695252	-0.50881321	benign supporting	FALSE	FALSE
E271N	p.Glu271Asn	missense	1.998197751	0.128606449	NA	NA	FALSE	TRUE
E271C	p.Glu271Cys	missense	1.352036029	0.068361688	-0.51618089	benign supporting	FALSE	FALSE
E271P	p.Glu271Pro	missense	0.876200099	0.24518259	-0.397904727	benign supporting	FALSE	FALSE
E271E	p.Glu271=	synonymous	1.47302245	0.225132594	NA	NA	FALSE	TRUE
E271M	p.Glu271Met	missense	0.734685363	0.128039781	-0.198954879	indeterminate	FALSE	FALSE
E271W	p.Glu271Trp	missense	1.169516708	0.198821582	-0.566826986	benign supporting	FALSE	FALSE
E271H	p.Glu271His	missense	0.287303739	0.09198823	0.513751608	pathogenic supporting	FALSE	FALSE
E271Q	p.Glu271Gln	missense	0.699305335	0.15095248	-0.145481215	indeterminate	FALSE	FALSE
E271*	p.Glu271*	nonsense	1.020935279	0.495566178	NA	NA	FALSE	FALSE
T272S	p.Thr272Ser	missense	0.378111627	0.293262579	NA	NA	TRUE	FALSE
T272A	p.Thr272Ala	missense	0.565643623	0.166056107	NA	NA	TRUE	FALSE
T272V	p.Thr272Val	missense	0.128369	1.236502759	NA	NA	TRUE	FALSE
T272R	p.Thr272Arg	missense	1.56897154	0.153904434	NA	NA	FALSE	TRUE
T272D	p.Thr272Asp	missense	0.170855359	0.091372883	0.578840992	pathogenic supporting	FALSE	FALSE
T272F	p.Thr272Phe	missense	0.946084656	0.124752325	-0.468573286	benign supporting	FALSE	FALSE
T272T	p.Thr272=	synonymous	1.13654669	0.267686778	NA	NA	FALSE	FALSE
T272I	p.Thr272Ile	missense	0.316660811	0.371016277	NA	NA	TRUE	FALSE
T272L	p.Thr272Leu	missense	0.591933698	0.447651435	NA	NA	TRUE	FALSE
T272K	p.Thr272Lys	missense	1.186341202	0.059238844	-0.568554811	benign supporting	FALSE	FALSE
T272G	p.Thr272Gly	missense	1.018879026	0.081187311	-0.520719146	benign supporting	FALSE	FALSE
T272Y	p.Thr272Tyr	missense	1.476577713	0.124641657	NA	NA	FALSE	TRUE
T272N	p.Thr272Asn	missense	-0.820785887	1.105403298	4.640974458	pathogenic very strong	FALSE	FALSE
T272C	p.Thr272Cys	missense	1.038342156	0.068217016	-0.532211023	benign supporting	FALSE	FALSE
T272P	p.Thr272Pro	missense	3.37838521	0.05706836	NA	NA	FALSE	TRUE
T272E	p.Thr272Glu	missense	0.571225277	0.459813143	NA	NA	TRUE	FALSE
T272M	p.Thr272Met	missense	NA	NA	NA	NA	NA	NA
T272W	p.Thr272Trp	missense	0.091403784	0.083945981	0.548125025	pathogenic supporting	FALSE	FALSE
T272H	p.Thr272His	missense	NA	NA	NA	NA	NA	NA
T272Q	p.Thr272Gln	missense	0.753649086	0.213523759	-0.228087226	indeterminate	FALSE	FALSE
T272*	p.Thr272*	nonsense	0.468934936	0.244412761	NA	NA	TRUE	FALSE
E273S	p.Glu273Ser	missense	NA	NA	NA	NA	NA	NA
E273A	p.Glu273Ala	missense	0.613313857	1.583785509	NA	NA	TRUE	FALSE
E273V	p.Glu273Val	missense	NA	NA	NA	NA	NA	NA
E273R	p.Glu273Arg	missense	NA	NA	NA	NA	NA	NA
E273D	p.Glu273Asp	missense	0.191213667	0.055185192	0.587083785	pathogenic supporting	FALSE	FALSE
E273F	p.Glu273Phe	missense	NA	NA	NA	NA	NA	NA
E273T	p.Glu273Thr	missense	NA	NA	NA	NA	NA	NA
E273I	p.Glu273Ile	missense	NA	NA	NA	NA	NA	NA
E273L	p.Glu273Leu	missense	0.434760244	0.646869747	NA	NA	TRUE	FALSE
E273K	p.Glu273Lys	missense	NA	NA	NA	NA	NA	NA
E273G	p.Glu273Gly	missense	NA	NA	NA	NA	NA	NA
E273Y	p.Glu273Tyr	missense	NA	NA	NA	NA	NA	NA
E273N	p.Glu273Asn	missense	NA	NA	NA	NA	NA	NA
E273C	p.Glu273Cys	missense	NA	NA	NA	NA	NA	NA
E273P	p.Glu273Pro	missense	NA	NA	NA	NA	NA	NA
E273E	p.Glu273=	synonymous	1.319684946	0.038070542	NA	NA	FALSE	FALSE
E273M	p.Glu273Met	missense	NA	NA	NA	NA	NA	NA
E273W	p.Glu273Trp	missense	NA	NA	NA	NA	NA	NA
E273H	p.Glu273His	missense	NA	NA	NA	NA	NA	NA
E273Q	p.Glu273Gln	missense	NA	NA	NA	NA	NA	NA
E273*	p.Glu273*	nonsense	0.24455192	0.445809398	NA	NA	TRUE	FALSE
I274S	p.Ile274Ser	missense	1.093972524	0.133128584	-0.556844872	benign supporting	FALSE	FALSE
I274A	p.Ile274Ala	missense	0.266113396	0.415036252	NA	NA	TRUE	FALSE
I274V	p.Ile274Val	missense	0.74543108	0.63475221	NA	NA	TRUE	FALSE
I274R	p.Ile274Arg	missense	0.401571911	0.346650353	NA	NA	TRUE	FALSE
I274D	p.Ile274Asp	missense	NA	NA	NA	NA	NA	NA
I274F	p.Ile274Phe	missense	1.058069513	0.066669088	-0.542635708	benign supporting	FALSE	FALSE
I274T	p.Ile274Thr	missense	1.109402432	0.088068934	-0.559929943	benign supporting	FALSE	FALSE
I274I	p.Ile274=	synonymous	0.794964248	0.126244249	NA	NA	FALSE	FALSE
I274L	p.Ile274Leu	missense	1.081924751	0.491621535	-0.553670798	benign supporting	FALSE	FALSE
I274K	p.Ile274Lys	missense	0.940713221	0.088818596	-0.464299262	benign supporting	FALSE	FALSE
I274G	p.Ile274Gly	missense	1.441738579	0.107074875	-0.442401317	benign supporting	FALSE	FALSE
I274Y	p.Ile274Tyr	missense	0.683216677	0.063220497	-0.119691484	indeterminate	FALSE	FALSE
I274N	p.Ile274Asn	missense	0.870396813	0.222361703	-0.390506153	benign supporting	FALSE	FALSE
I274C	p.Ile274Cys	missense	1.789072959	0.099459056	NA	NA	FALSE	TRUE
I274P	p.Ile274Pro	missense	-0.809628687	1.285375854	4.650209809	pathogenic very strong	FALSE	FALSE
I274E	p.Ile274Glu	missense	1.600992828	0.106109482	NA	NA	FALSE	TRUE
I274M	p.Ile274Met	missense	1.198064074	0.145907373	-0.568475275	benign supporting	FALSE	FALSE
I274W	p.Ile274Trp	missense	NA	NA	NA	NA	NA	NA
I274H	p.Ile274His	missense	0.177507005	0.128289486	0.58285497	pathogenic supporting	FALSE	FALSE
I274Q	p.Ile274Gln	missense	-1.172147542	0.428375379	4.271663889	pathogenic very strong	FALSE	FALSE
I274*	p.Ile274*	nonsense	0.684483699	0.295940445	NA	NA	TRUE	FALSE
E275S	p.Glu275Ser	missense	1.439446983	0.092868828	-0.444708233	benign supporting	FALSE	FALSE
E275A	p.Glu275Ala	missense	1.713259682	0.213661609	NA	NA	FALSE	TRUE
E275V	p.Glu275Val	missense	1.749353815	0.057119931	NA	NA	FALSE	TRUE
E275R	p.Glu275Arg	missense	2.908113015	0.121108322	NA	NA	FALSE	TRUE
E275D	p.Glu275Asp	missense	1.355062695	0.20014968	-0.514194219	benign supporting	FALSE	FALSE
E275F	p.Glu275Phe	missense	1.171735529	0.070264974	-0.566976724	benign supporting	FALSE	FALSE
E275T	p.Glu275Thr	missense	1.461549603	0.201476394	NA	NA	FALSE	TRUE
E275I	p.Glu275Ile	missense	2.19423231	0.033643463	NA	NA	FALSE	TRUE
E275L	p.Glu275Leu	missense	1.083947785	0.273290956	-0.5544031	benign supporting	FALSE	FALSE
E275K	p.Glu275Lys	missense	2.033015669	0.20153267	NA	NA	FALSE	TRUE
E275G	p.Glu275Gly	missense	1.820157636	0.107462864	NA	NA	FALSE	TRUE
E275Y	p.Glu275Tyr	missense	1.312164975	0.177942323	-0.537729905	benign supporting	FALSE	FALSE
E275N	p.Glu275Asn	missense	2.158529323	0.204631604	NA	NA	FALSE	TRUE
E275C	p.Glu275Cys	missense	1.742706987	0.079511447	NA	NA	FALSE	TRUE
E275P	p.Glu275Pro	missense	1.841145183	0.38267837	NA	NA	FALSE	TRUE
E275E	p.Glu275=	synonymous	2.383095799	0.385699671	NA	NA	FALSE	TRUE
E275M	p.Glu275Met	missense	1.5159928	0.445668817	NA	NA	FALSE	TRUE
E275W	p.Glu275Trp	missense	0.281234639	0.100117699	0.521223296	pathogenic supporting	FALSE	FALSE
E275H	p.Glu275His	missense	2.296478846	0.441190555	NA	NA	FALSE	TRUE
E275Q	p.Glu275Gln	missense	1.906359345	0.302264655	NA	NA	FALSE	TRUE
E275*	p.Glu275*	nonsense	0.322063713	0.472065472	NA	NA	TRUE	FALSE
I276S	p.Ile276Ser	missense	1.209322453	0.355530745	-0.567153721	benign supporting	FALSE	FALSE
I276A	p.Ile276Ala	missense	NA	NA	NA	NA	NA	NA
I276V	p.Ile276Val	missense	2.053965949	0.264451487	NA	NA	FALSE	TRUE
I276R	p.Ile276Arg	missense	-0.398263441	0.595383551	1.097366313	pathogenic moderate	FALSE	FALSE
I276D	p.Ile276Asp	missense	NA	NA	NA	NA	NA	NA
I276F	p.Ile276Phe	missense	0.61514316	1.576913616	NA	NA	TRUE	FALSE
I276T	p.Ile276Thr	missense	NA	NA	NA	NA	NA	NA
I276I	p.Ile276=	synonymous	NA	NA	NA	NA	NA	NA
I276L	p.Ile276Leu	missense	-0.228519203	1.059442218	NA	NA	TRUE	FALSE
I276K	p.Ile276Lys	missense	-0.92501555	0.75609223	4.547445411	pathogenic very strong	FALSE	FALSE
I276G	p.Ile276Gly	missense	1.748185801	0.17668451	NA	NA	FALSE	TRUE
I276Y	p.Ile276Tyr	missense	0.020194011	0.09481625	0.543896052	pathogenic supporting	FALSE	FALSE
I276N	p.Ile276Asn	missense	1.468890527	0.185812496	NA	NA	FALSE	TRUE
I276C	p.Ile276Cys	missense	NA	NA	NA	NA	NA	NA
I276P	p.Ile276Pro	missense	0.832189946	0.105725772	-0.34071116	benign supporting	FALSE	FALSE
I276E	p.Ile276Glu	missense	NA	NA	NA	NA	NA	NA
I276M	p.Ile276Met	missense	-0.155916089	0.396297838	0.611923458	pathogenic supporting	FALSE	FALSE
I276W	p.Ile276Trp	missense	0.766881115	0.109160225	-0.247033463	indeterminate	FALSE	FALSE
I276H	p.Ile276His	missense	NA	NA	NA	NA	NA	NA
I276Q	p.Ile276Gln	missense	NA	NA	NA	NA	NA	NA
I276*	p.Ile276*	nonsense	0.976826189	0.379560682	NA	NA	FALSE	FALSE
L277S	p.Leu277Ser	missense	0.276699462	0.441473796	NA	NA	TRUE	FALSE
L277A	p.Leu277Ala	missense	0.087920946	0.310698116	0.54722649	pathogenic supporting	FALSE	FALSE
L277V	p.Leu277Val	missense	0.104804227	0.181567862	0.551916258	pathogenic supporting	FALSE	FALSE
L277R	p.Leu277Arg	missense	-0.02048071	0.303414815	0.548555568	pathogenic supporting	FALSE	FALSE
L277D	p.Leu277Asp	missense	-0.676804651	0.910811152	4.758298931	pathogenic very strong	FALSE	FALSE
L277F	p.Leu277Phe	missense	0.398836475	0.048254242	0.366422989	pathogenic supporting	FALSE	FALSE
L277T	p.Leu277Thr	missense	NA	NA	NA	NA	NA	NA
L277I	p.Leu277Ile	missense	NA	NA	NA	NA	NA	NA
L277L	p.Leu277=	synonymous	1.263485537	0.892333553	NA	NA	TRUE	FALSE
L277K	p.Leu277Lys	missense	-1.511506791	0.8427972	3.96340406	pathogenic very strong	FALSE	FALSE
L277G	p.Leu277Gly	missense	-0.559298748	0.175267631	4.821455725	pathogenic very strong	FALSE	FALSE
L277Y	p.Leu277Tyr	missense	-1.243160458	0.615938215	4.18531937	pathogenic very strong	FALSE	FALSE
L277N	p.Leu277Asn	missense	-1.130429	0.914741372	4.329895524	pathogenic very strong	FALSE	FALSE
L277C	p.Leu277Cys	missense	-1.297673352	0.926716568	4.136223012	pathogenic very strong	FALSE	FALSE
L277P	p.Leu277Pro	missense	NA	NA	NA	NA	NA	NA
L277E	p.Leu277Glu	missense	1.657332517	0.052845182	NA	NA	FALSE	TRUE
L277M	p.Leu277Met	missense	1.580255635	0.122256408	NA	NA	FALSE	TRUE
L277W	p.Leu277Trp	missense	0.016492165	0.188453898	0.544118198	pathogenic supporting	FALSE	FALSE
L277H	p.Leu277His	missense	0.428588913	0.134186522	NA	NA	TRUE	FALSE
L277Q	p.Leu277Gln	missense	-0.885391782	0.961761086	4.581054201	pathogenic very strong	FALSE	FALSE
L277*	p.Leu277*	nonsense	NA	NA	NA	NA	NA	NA
K278S	p.Lys278Ser	missense	0.284430855	0.379564035	NA	NA	TRUE	FALSE
K278A	p.Lys278Ala	missense	0.884482929	0.862940637	NA	NA	TRUE	FALSE
K278V	p.Lys278Val	missense	2.407146265	0.100215012	NA	NA	FALSE	TRUE
K278R	p.Lys278Arg	missense	0.96730125	0.46358632	-0.484337394	benign supporting	FALSE	FALSE
K278D	p.Lys278Asp	missense	0.779511904	0.089275536	-0.265801847	indeterminate	FALSE	FALSE
K278F	p.Lys278Phe	missense	1.617660672	0.043787081	NA	NA	FALSE	TRUE
K278T	p.Lys278Thr	missense	0.894300541	0.551649095	NA	NA	TRUE	FALSE
K278I	p.Lys278Ile	missense	1.494613233	0.064822358	NA	NA	FALSE	TRUE
K278L	p.Lys278Leu	missense	1.022711459	0.242586356	-0.523079835	benign supporting	FALSE	FALSE
K278K	p.Lys278=	synonymous	0.78910881	0.521753043	NA	NA	TRUE	FALSE
K278G	p.Lys278Gly	missense	1.384052003	0.216113892	-0.494557815	benign supporting	FALSE	FALSE
K278Y	p.Lys278Tyr	missense	1.271076147	0.063290463	-0.556795872	benign supporting	FALSE	FALSE
K278N	p.Lys278Asn	missense	0.804548458	0.281690742	-0.301834889	indeterminate	FALSE	FALSE
K278C	p.Lys278Cys	missense	2.059646538	0.152062213	NA	NA	FALSE	TRUE
K278P	p.Lys278Pro	missense	1.961519732	0.146108322	NA	NA	FALSE	TRUE
K278E	p.Lys278Glu	missense	1.224402332	0.046970051	-0.565068471	benign supporting	FALSE	FALSE
K278M	p.Lys278Met	missense	1.324207568	0.099579636	-0.531866278	benign supporting	FALSE	FALSE
K278W	p.Lys278Trp	missense	1.876018436	0.078987789	NA	NA	FALSE	TRUE
K278H	p.Lys278His	missense	-0.162024102	0.698088013	NA	NA	TRUE	FALSE
K278Q	p.Lys278Gln	missense	0.447167998	0.636629752	NA	NA	TRUE	FALSE
K278*	p.Lys278*	nonsense	1.052967972	0.82817542	NA	NA	TRUE	FALSE
K279S	p.Lys279Ser	missense	1.338224928	0.07531038	-0.524525199	benign supporting	FALSE	FALSE
K279A	p.Lys279Ala	missense	0.890035468	0.468267247	NA	NA	TRUE	FALSE
K279V	p.Lys279Val	missense	0.872852095	0.060781183	-0.393660983	benign supporting	FALSE	FALSE
K279R	p.Lys279Arg	missense	1.380436787	0.078270406	-0.49706205	benign supporting	FALSE	FALSE
K279D	p.Lys279Asp	missense	NA	NA	NA	NA	NA	NA
K279F	p.Lys279Phe	missense	0.553060658	0.075042112	NA	NA	TRUE	FALSE
K279T	p.Lys279Thr	missense	1.284298323	0.133777167	-0.551182988	benign supporting	FALSE	FALSE
K279I	p.Lys279Ile	missense	NA	NA	NA	NA	NA	NA
K279L	p.Lys279Leu	missense	0.730138293	0.072290916	-0.191529	indeterminate	FALSE	FALSE
K279K	p.Lys279=	synonymous	1.152541026	0.054613512	NA	NA	FALSE	FALSE
K279G	p.Lys279Gly	missense	0.306991207	0.120195452	0.492304126	pathogenic supporting	FALSE	FALSE
K279Y	p.Lys279Tyr	missense	0.494109804	0.968258273	NA	NA	TRUE	FALSE
K279N	p.Lys279Asn	missense	NA	NA	NA	NA	NA	NA
K279C	p.Lys279Cys	missense	0.695757317	0.131743416	-0.139990083	indeterminate	FALSE	FALSE
K279P	p.Lys279Pro	missense	-0.834575877	0.256594716	4.629025977	pathogenic very strong	FALSE	FALSE
K279E	p.Lys279Glu	missense	0.791094174	0.095939758	-0.282060004	indeterminate	FALSE	FALSE
K279M	p.Lys279Met	missense	0.840965257	0.156486096	-0.353498779	benign supporting	FALSE	FALSE
K279W	p.Lys279Trp	missense	1.162310064	0.046666396	-0.566222169	benign supporting	FALSE	FALSE
K279H	p.Lys279His	missense	0.94426129	0.973933288	NA	NA	TRUE	FALSE
K279Q	p.Lys279Gln	missense	0.712280075	0.079036307	-0.164697034	indeterminate	FALSE	FALSE
K279*	p.Lys279*	nonsense	0.323952851	0.213958681	NA	NA	TRUE	FALSE
L280S	p.Leu280Ser	missense	-0.019551834	0.401210767	0.548393346	pathogenic supporting	FALSE	FALSE
L280A	p.Leu280Ala	missense	0.919172261	0.120294793	-0.445916451	benign supporting	FALSE	FALSE
L280V	p.Leu280Val	missense	0.518822911	0.267346004	NA	NA	TRUE	FALSE
L280R	p.Leu280Arg	missense	0.64868012	0.226741017	NA	NA	TRUE	FALSE
L280D	p.Leu280Asp	missense	NA	NA	NA	NA	NA	NA
L280F	p.Leu280Phe	missense	1.155721418	0.817183668	NA	NA	TRUE	FALSE
L280T	p.Leu280Thr	missense	-0.039651242	0.178624482	0.552516128	pathogenic supporting	FALSE	FALSE
L280I	p.Leu280Ile	missense	1.262101296	0.085653467	-0.559104107	benign supporting	FALSE	FALSE
L280L	p.Leu280=	synonymous	1.126032635	0.133360279	NA	NA	FALSE	FALSE
L280K	p.Leu280Lys	missense	2.091629422	0.1261126	NA	NA	FALSE	TRUE
L280G	p.Leu280Gly	missense	0.676348871	0.092066783	-0.107189724	indeterminate	FALSE	FALSE
L280Y	p.Leu280Tyr	missense	NA	NA	NA	NA	NA	NA
L280N	p.Leu280Asn	missense	NA	NA	NA	NA	NA	NA
L280C	p.Leu280Cys	missense	0.444099281	0.066836101	NA	NA	TRUE	FALSE
L280P	p.Leu280Pro	missense	0.554420322	0.143670288	NA	NA	TRUE	FALSE
L280E	p.Leu280Glu	missense	0.691672109	0.564322616	NA	NA	TRUE	FALSE
L280M	p.Leu280Met	missense	0.030374996	0.180941214	0.543488039	pathogenic supporting	FALSE	FALSE
L280W	p.Leu280Trp	missense	NA	NA	NA	NA	NA	NA
L280H	p.Leu280His	missense	1.168936355	0.142615142	-0.56678497	benign supporting	FALSE	FALSE
L280Q	p.Leu280Gln	missense	1.299869263	0.313708626	-0.544170557	benign supporting	FALSE	FALSE
L280*	p.Leu280*	nonsense	-0.127232733	0.756286571	NA	NA	TRUE	FALSE
N281S	p.Asn281Ser	missense	0.782643273	0.102624935	-0.270281637	indeterminate	FALSE	FALSE
N281A	p.Asn281Ala	missense	0.252260763	0.418853515	NA	NA	TRUE	FALSE
N281V	p.Asn281Val	missense	1.248401803	0.055506119	-0.561943788	benign supporting	FALSE	FALSE
N281R	p.Asn281Arg	missense	0.843682402	0.298031516	-0.357125026	benign supporting	FALSE	FALSE
N281D	p.Asn281Asp	missense	0.84370729	0.126498677	-0.357158016	benign supporting	FALSE	FALSE
N281F	p.Asn281Phe	missense	NA	NA	NA	NA	NA	NA
N281T	p.Asn281Thr	missense	0.502720479	0.168096503	NA	NA	TRUE	FALSE
N281I	p.Asn281Ile	missense	1.629358149	0.071016504	NA	NA	FALSE	TRUE
N281L	p.Asn281Leu	missense	1.421373279	0.069628432	-0.462924824	benign supporting	FALSE	FALSE
N281K	p.Asn281Lys	missense	0.628294891	0.121913984	-0.027680631	indeterminate	FALSE	FALSE
N281G	p.Asn281Gly	missense	0.998923699	0.067659966	-0.50761799	benign supporting	FALSE	FALSE
N281Y	p.Asn281Tyr	missense	1.517137395	0.077437763	NA	NA	FALSE	TRUE
N281N	p.Asn281=	synonymous	0.907348836	1.456374909	NA	NA	TRUE	FALSE
N281C	p.Asn281Cys	missense	0.736581875	0.106914278	-0.201999049	indeterminate	FALSE	FALSE
N281P	p.Asn281Pro	missense	1.267846641	0.085042495	-0.5576687	benign supporting	FALSE	FALSE
N281E	p.Asn281Glu	missense	0.795637365	0.054497837	-0.288876689	indeterminate	FALSE	FALSE
N281M	p.Asn281Met	missense	0.545592744	0.143755268	NA	NA	TRUE	FALSE
N281W	p.Asn281Trp	missense	0.276912608	0.121026229	0.52681419	pathogenic supporting	FALSE	FALSE
N281H	p.Asn281His	missense	1.538680056	0.115577468	NA	NA	FALSE	TRUE
N281Q	p.Asn281Gln	missense	0.987396297	0.080513614	-0.499404072	benign supporting	FALSE	FALSE
N281*	p.Asn281*	nonsense	-0.076330395	0.073360151	NA	NA	FALSE	FALSE
H282S	p.His282Ser	missense	0.864294316	0.196985543	-0.383127905	benign supporting	FALSE	FALSE
H282A	p.His282Ala	missense	0.763227561	0.283135272	NA	NA	TRUE	FALSE
H282V	p.His282Val	missense	-0.104476409	0.158990163	0.575525786	pathogenic supporting	FALSE	FALSE
H282R	p.His282Arg	missense	0.819914806	0.17950001	-0.322999077	benign supporting	FALSE	FALSE
H282D	p.His282Asp	missense	0.658881523	0.07076322	-0.077846119	indeterminate	FALSE	FALSE
H282F	p.His282Phe	missense	-0.361985561	0.21212146	1.00592656	pathogenic moderate	FALSE	FALSE
H282T	p.His282Thr	missense	0.226855096	0.181222314	0.575889819	pathogenic supporting	FALSE	FALSE
H282I	p.His282Ile	missense	-0.421451234	0.741992138	1.176747554	pathogenic moderate	FALSE	FALSE
H282L	p.His282Leu	missense	1.059547817	0.172528358	-0.543368893	benign supporting	FALSE	FALSE
H282K	p.His282Lys	missense	1.086666481	0.102220348	-0.55509922	benign supporting	FALSE	FALSE
H282G	p.His282Gly	missense	0.078035433	0.146068394	0.545478098	pathogenic supporting	FALSE	FALSE
H282Y	p.His282Tyr	missense	0.841837932	0.066924681	-0.354668775	benign supporting	FALSE	FALSE
H282N	p.His282Asn	missense	1.707978955	0.029249514	NA	NA	FALSE	TRUE
H282C	p.His282Cys	missense	1.574025194	0.125021443	NA	NA	FALSE	TRUE
H282P	p.His282Pro	missense	-0.218032033	0.313828155	0.682404775	pathogenic moderate	FALSE	FALSE
H282E	p.His282Glu	missense	NA	NA	NA	NA	NA	NA
H282M	p.His282Met	missense	1.009761006	0.1432187	-0.514903914	benign supporting	FALSE	FALSE
H282W	p.His282Trp	missense	1.123024527	0.054149051	-0.561967063	benign supporting	FALSE	FALSE
H282H	p.His282=	synonymous	NA	NA	NA	NA	NA	NA
H282Q	p.His282Gln	missense	1.332440268	0.224912344	-0.527686509	benign supporting	FALSE	FALSE
H282*	p.His282*	nonsense	0.436441651	0.170323011	NA	NA	TRUE	FALSE
P283S	p.Pro283Ser	missense	0.987764634	0.318570957	-0.499674151	benign supporting	FALSE	FALSE
P283A	p.Pro283Ala	missense	0.564452145	0.211099727	NA	NA	TRUE	FALSE
P283V	p.Pro283Val	missense	1.197257685	0.883579657	NA	NA	TRUE	FALSE
P283R	p.Pro283Arg	missense	0.546559288	0.105113019	NA	NA	TRUE	FALSE
P283D	p.Pro283Asp	missense	0.863052972	0.176815454	-0.381632991	benign supporting	FALSE	FALSE
P283F	p.Pro283Phe	missense	1.15227174	0.0999014	-0.565082789	benign supporting	FALSE	FALSE
P283T	p.Pro283Thr	missense	1.218750517	0.05457193	-0.565653039	benign supporting	FALSE	FALSE
P283I	p.Pro283Ile	missense	1.407334411	0.172400294	-0.476158227	benign supporting	FALSE	FALSE
P283L	p.Pro283Leu	missense	0.896277787	0.108112463	-0.422034532	benign supporting	FALSE	FALSE
P283K	p.Pro283Lys	missense	0.701784335	0.295810232	NA	NA	TRUE	FALSE
P283G	p.Pro283Gly	missense	-0.406467549	0.24841351	1.123079037	pathogenic moderate	FALSE	FALSE
P283Y	p.Pro283Tyr	missense	NA	NA	NA	NA	NA	NA
P283N	p.Pro283Asn	missense	1.480328785	0.047966905	NA	NA	FALSE	TRUE
P283C	p.Pro283Cys	missense	0.587510092	0.081062419	0.04751435	indeterminate	FALSE	FALSE
P283P	p.Pro283=	synonymous	0.856272786	0.261503106	NA	NA	FALSE	FALSE
P283E	p.Pro283Glu	missense	NA	NA	NA	NA	NA	NA
P283M	p.Pro283Met	missense	1.376973472	0.070740632	-0.499379154	benign supporting	FALSE	FALSE
P283W	p.Pro283Trp	missense	0.457756883	0.168084082	NA	NA	TRUE	FALSE
P283H	p.Pro283His	missense	0.990564602	0.081446925	-0.501710564	benign supporting	FALSE	FALSE
P283Q	p.Pro283Gln	missense	0.440119538	0.873716578	NA	NA	TRUE	FALSE
P283*	p.Pro283*	nonsense	-0.101551778	0.11602492	NA	NA	FALSE	FALSE
C284S	p.Cys284Ser	missense	0.965801318	0.553683485	NA	NA	TRUE	FALSE
C284A	p.Cys284Ala	missense	1.818805631	0.211547851	NA	NA	FALSE	TRUE
C284V	p.Cys284Val	missense	0.377465227	0.187240438	NA	NA	TRUE	FALSE
C284R	p.Cys284Arg	missense	0.425592456	0.26248314	NA	NA	TRUE	FALSE
C284D	p.Cys284Asp	missense	0.055972776	0.442657761	0.543761467	pathogenic supporting	FALSE	FALSE
C284F	p.Cys284Phe	missense	0.663976443	0.26206217	NA	NA	TRUE	FALSE
C284T	p.Cys284Thr	missense	0.521480081	0.222586488	NA	NA	TRUE	FALSE
C284I	p.Cys284Ile	missense	1.319167313	0.162126385	-0.534247304	benign supporting	FALSE	FALSE
C284L	p.Cys284Leu	missense	0.47496831	0.135619208	NA	NA	TRUE	FALSE
C284K	p.Cys284Lys	missense	NA	NA	NA	NA	NA	NA
C284G	p.Cys284Gly	missense	0.986614916	0.15106413	-0.498829438	benign supporting	FALSE	FALSE
C284Y	p.Cys284Tyr	missense	0.279503901	0.115107483	0.523434517	pathogenic supporting	FALSE	FALSE
C284N	p.Cys284Asn	missense	0.751378593	0.452216543	NA	NA	TRUE	FALSE
C284C	p.Cys284=	synonymous	1.046507541	0.039348942	NA	NA	FALSE	FALSE
C284P	p.Cys284Pro	missense	0.349383284	0.315569142	NA	NA	TRUE	FALSE
C284E	p.Cys284Glu	missense	0.906607081	0.097299216	-0.433637007	benign supporting	FALSE	FALSE
C284M	p.Cys284Met	missense	1.58068948	0.056116874	NA	NA	FALSE	TRUE
C284W	p.Cys284Trp	missense	-0.035875234	0.159230975	0.551642079	pathogenic supporting	FALSE	FALSE
C284H	p.Cys284His	missense	0.997511599	0.287359962	-0.506637914	benign supporting	FALSE	FALSE
C284Q	p.Cys284Gln	missense	0.89521477	0.073446184	-0.420810622	benign supporting	FALSE	FALSE
C284*	p.Cys284*	nonsense	0.117590811	0.291424316	NA	NA	FALSE	FALSE
I285S	p.Ile285Ser	missense	-0.103160323	0.810228712	NA	NA	TRUE	FALSE
I285A	p.Ile285Ala	missense	0.555145031	0.39399199	NA	NA	TRUE	FALSE
I285V	p.Ile285Val	missense	2.76913256	0.150567604	NA	NA	FALSE	TRUE
I285R	p.Ile285Arg	missense	-0.562326409	0.42949928	4.820132158	pathogenic very strong	FALSE	FALSE
I285D	p.Ile285Asp	missense	-0.838164997	0.224342489	4.625814771	pathogenic very strong	FALSE	FALSE
I285F	p.Ile285Phe	missense	1.028986689	0.284379744	-0.526840658	benign supporting	FALSE	FALSE
I285T	p.Ile285Thr	missense	0.494213019	0.233487285	NA	NA	TRUE	FALSE
I285I	p.Ile285=	synonymous	0.530653588	0.105265901	NA	NA	TRUE	FALSE
I285L	p.Ile285Leu	missense	1.08527967	0.142554719	-0.554747279	benign supporting	FALSE	FALSE
I285K	p.Ile285Lys	missense	NA	NA	NA	NA	NA	NA
I285G	p.Ile285Gly	missense	0.564739077	0.321338174	NA	NA	TRUE	FALSE
I285Y	p.Ile285Tyr	missense	-1.012221687	0.862533606	4.462570959	pathogenic very strong	FALSE	FALSE
I285N	p.Ile285Asn	missense	0.345215223	0.32552768	NA	NA	TRUE	FALSE
I285C	p.Ile285Cys	missense	0.725552981	0.479412091	NA	NA	TRUE	FALSE
I285P	p.Ile285Pro	missense	-1.1141297	0.269750099	4.352340598	pathogenic very strong	FALSE	FALSE
I285E	p.Ile285Glu	missense	0.793530522	0.598527221	NA	NA	TRUE	FALSE
I285M	p.Ile285Met	missense	0.475780318	0.22803328	NA	NA	TRUE	FALSE
I285W	p.Ile285Trp	missense	0.908537664	0.395594687	-0.435748965	benign supporting	FALSE	FALSE
I285H	p.Ile285His	missense	0.445470064	0.423859048	NA	NA	TRUE	FALSE
I285Q	p.Ile285Gln	missense	0.38725951	0.117653482	NA	NA	TRUE	FALSE
I285*	p.Ile285*	nonsense	1.726566434	0.06509495	NA	NA	FALSE	TRUE
I286S	p.Ile286Ser	missense	0.521199567	0.475396895	NA	NA	TRUE	FALSE
I286A	p.Ile286Ala	missense	0.915008578	0.527518085	NA	NA	TRUE	FALSE
I286V	p.Ile286Val	missense	0.648974029	0.561570471	NA	NA	TRUE	FALSE
I286R	p.Ile286Arg	missense	0.145056095	0.615240269	NA	NA	TRUE	FALSE
I286D	p.Ile286Asp	missense	-0.231136975	0.498554799	0.702183422	pathogenic moderate	FALSE	FALSE
I286F	p.Ile286Phe	missense	0.260269524	1.077968421	NA	NA	TRUE	FALSE
I286T	p.Ile286Thr	missense	0.444743571	0.513955561	NA	NA	TRUE	FALSE
I286I	p.Ile286=	synonymous	0.885911906	0.078203605	NA	NA	FALSE	FALSE
I286L	p.Ile286Leu	missense	0.199563933	0.211123754	0.585729783	pathogenic supporting	FALSE	FALSE
I286K	p.Ile286Lys	missense	-0.072262253	1.173997766	NA	NA	TRUE	FALSE
I286G	p.Ile286Gly	missense	0.816848579	0.33309278	NA	NA	TRUE	FALSE
I286Y	p.Ile286Tyr	missense	1.052199325	0.401277449	-0.539658885	benign supporting	FALSE	FALSE
I286N	p.Ile286Asn	missense	0.607512469	0.082770792	0.008177818	indeterminate	FALSE	FALSE
I286C	p.Ile286Cys	missense	1.532632388	0.192651426	NA	NA	FALSE	TRUE
I286P	p.Ile286Pro	missense	0.40860891	0.209187985	NA	NA	TRUE	FALSE
I286E	p.Ile286Glu	missense	0.493210044	1.044359479	NA	NA	TRUE	FALSE
I286M	p.Ile286Met	missense	0.789695598	0.206552561	-0.280134926	indeterminate	FALSE	FALSE
I286W	p.Ile286Trp	missense	0.051548944	0.480430695	NA	NA	TRUE	FALSE
I286H	p.Ile286His	missense	NA	NA	NA	NA	NA	NA
I286Q	p.Ile286Gln	missense	NA	NA	NA	NA	NA	NA
I286*	p.Ile286*	nonsense	-0.449754956	0.127745662	NA	NA	FALSE	FALSE
K287S	p.Lys287Ser	missense	0.328813243	0.493189053	NA	NA	TRUE	FALSE
K287A	p.Lys287Ala	missense	0.534900087	0.098268511	NA	NA	TRUE	FALSE
K287V	p.Lys287Val	missense	0.787196069	0.052045039	-0.276679231	indeterminate	FALSE	FALSE
K287R	p.Lys287Arg	missense	1.449966375	0.093406681	-0.434028327	benign supporting	FALSE	FALSE
K287D	p.Lys287Asp	missense	0.756130385	0.08621254	-0.231696416	indeterminate	FALSE	FALSE
K287F	p.Lys287Phe	missense	1.099233785	0.080996102	-0.557988828	benign supporting	FALSE	FALSE
K287T	p.Lys287Thr	missense	0.697022601	0.11830838	-0.14196051	indeterminate	FALSE	FALSE
K287I	p.Lys287Ile	missense	1.286117916	0.095594647	-0.550426254	benign supporting	FALSE	FALSE
K287L	p.Lys287Leu	missense	1.380407041	0.092855896	-0.49708229	benign supporting	FALSE	FALSE
K287K	p.Lys287=	synonymous	0.823814543	0.076820774	NA	NA	FALSE	FALSE
K287G	p.Lys287Gly	missense	0.817111858	0.12948356	-0.319243428	benign supporting	FALSE	FALSE
K287Y	p.Lys287Tyr	missense	1.281715354	0.049805553	-0.552229615	benign supporting	FALSE	FALSE
K287N	p.Lys287Asn	missense	0.982238109	0.108013126	-0.495567789	benign supporting	FALSE	FALSE
K287C	p.Lys287Cys	missense	1.398215117	0.112445801	-0.483856948	benign supporting	FALSE	FALSE
K287P	p.Lys287Pro	missense	0.681988375	0.080732283	-0.117517343	indeterminate	FALSE	FALSE
K287E	p.Lys287Glu	missense	1.062831712	0.123442115	-0.544974025	benign supporting	FALSE	FALSE
K287M	p.Lys287Met	missense	0.804869636	0.425774272	NA	NA	TRUE	FALSE
K287W	p.Lys287Trp	missense	0.985742746	0.051331562	-0.49818531	benign supporting	FALSE	FALSE
K287H	p.Lys287His	missense	0.438745677	0.076135105	NA	NA	TRUE	FALSE
K287Q	p.Lys287Gln	missense	0.990680836	0.068710375	-0.501794469	benign supporting	FALSE	FALSE
K287*	p.Lys287*	nonsense	0.25733999	0.943145293	NA	NA	TRUE	FALSE
I288S	p.Ile288Ser	missense	0.379111246	0.168056734	NA	NA	TRUE	FALSE
I288A	p.Ile288Ala	missense	0.713306988	0.086950742	-0.166162874	indeterminate	FALSE	FALSE
I288V	p.Ile288Val	missense	1.034223394	0.118051805	-0.52988121	benign supporting	FALSE	FALSE
I288R	p.Ile288Arg	missense	1.553436682	0.126888969	NA	NA	FALSE	TRUE
I288D	p.Ile288Asp	missense	1.528317274	0.092230707	NA	NA	FALSE	TRUE
I288F	p.Ile288Phe	missense	0.284954486	1.364808077	NA	NA	TRUE	FALSE
I288T	p.Ile288Thr	missense	0.810788608	0.124321407	-0.310602105	indeterminate	FALSE	FALSE
I288I	p.Ile288=	synonymous	1.320623638	0.820409124	NA	NA	FALSE	FALSE
I288L	p.Ile288Leu	missense	1.018411465	0.157369181	-0.520427787	benign supporting	FALSE	FALSE
I288K	p.Ile288Lys	missense	0.36307642	0.874708753	NA	NA	TRUE	FALSE
I288G	p.Ile288Gly	missense	0.484044726	0.243920581	NA	NA	TRUE	FALSE
I288Y	p.Ile288Tyr	missense	-0.559859705	0.136287772	4.821211573	pathogenic very strong	FALSE	FALSE
I288N	p.Ile288Asn	missense	0.527475974	1.420814325	NA	NA	TRUE	FALSE
I288C	p.Ile288Cys	missense	0.641050059	0.062215005	-0.048286241	indeterminate	FALSE	FALSE
I288P	p.Ile288Pro	missense	-0.506427625	0.692637795	2.176918778	pathogenic strong	FALSE	FALSE
I288E	p.Ile288Glu	missense	1.236966685	0.288078032	-0.56371569	benign supporting	FALSE	FALSE
I288M	p.Ile288Met	missense	0.714622085	0.198385604	-0.168028806	indeterminate	FALSE	FALSE
I288W	p.Ile288Trp	missense	0.687685471	0.148345056	-0.127089805	indeterminate	FALSE	FALSE
I288H	p.Ile288His	missense	0.839306632	0.071002002	-0.351260961	benign supporting	FALSE	FALSE
I288Q	p.Ile288Gln	missense	0.474414907	0.242824979	NA	NA	TRUE	FALSE
I288*	p.Ile288*	nonsense	NA	NA	NA	NA	NA	NA
K289S	p.Lys289Ser	missense	0.71943794	0.204594774	-0.175094976	indeterminate	FALSE	FALSE
K289A	p.Lys289Ala	missense	1.290456917	0.186607747	-0.54855592	benign supporting	FALSE	FALSE
K289V	p.Lys289Val	missense	0.974422346	0.154707298	-0.489558741	benign supporting	FALSE	FALSE
K289R	p.Lys289Arg	missense	0.464707507	0.460668429	NA	NA	TRUE	FALSE
K289D	p.Lys289Asp	missense	0.669343648	0.159835402	-0.094574616	indeterminate	FALSE	FALSE
K289F	p.Lys289Phe	missense	0.885087372	0.591328222	NA	NA	TRUE	FALSE
K289T	p.Lys289Thr	missense	0.756725251	0.637014009	NA	NA	TRUE	FALSE
K289I	p.Lys289Ile	missense	1.212913962	0.739556242	NA	NA	TRUE	FALSE
K289L	p.Lys289Leu	missense	0.891871103	0.390889061	-0.416923249	benign supporting	FALSE	FALSE
K289K	p.Lys289=	synonymous	0.930449112	0.219037645	NA	NA	FALSE	FALSE
K289G	p.Lys289Gly	missense	0.931647768	0.135426239	-0.456811423	benign supporting	FALSE	FALSE
K289Y	p.Lys289Tyr	missense	0.452649147	0.07452122	NA	NA	TRUE	FALSE
K289N	p.Lys289Asn	missense	0.891550904	0.305229766	-0.416547954	benign supporting	FALSE	FALSE
K289C	p.Lys289Cys	missense	0.968741297	0.086546559	-0.485345383	benign supporting	FALSE	FALSE
K289P	p.Lys289Pro	missense	-0.260661376	0.331214249	0.755772405	pathogenic moderate	FALSE	FALSE
K289E	p.Lys289Glu	missense	1.182721382	0.133457261	-0.568075594	benign supporting	FALSE	FALSE
K289M	p.Lys289Met	missense	1.457724726	0.200283001	NA	NA	FALSE	FALSE
K289W	p.Lys289Trp	missense	0.519235764	0.273522705	NA	NA	TRUE	FALSE
K289H	p.Lys289His	missense	1.018592225	0.063654065	-0.520540514	benign supporting	FALSE	FALSE
K289Q	p.Lys289Gln	missense	0.597514486	0.101508913	NA	NA	TRUE	FALSE
K289*	p.Lys289*	nonsense	0.581499964	0.579041816	NA	NA	TRUE	FALSE
N290S	p.Asn290Ser	missense	0.861671795	0.206600583	-0.379959454	benign supporting	FALSE	FALSE
N290A	p.Asn290Ala	missense	1.45912184	0.11767304	NA	NA	FALSE	TRUE
N290V	p.Asn290Val	missense	0.443768609	0.231749138	NA	NA	TRUE	FALSE
N290R	p.Asn290Arg	missense	0.774583019	0.273924543	-0.25861425	indeterminate	FALSE	FALSE
N290D	p.Asn290Asp	missense	0.541550179	0.964599171	NA	NA	TRUE	FALSE
N290F	p.Asn290Phe	missense	1.323743098	0.384305609	-0.532091247	benign supporting	FALSE	FALSE
N290T	p.Asn290Thr	missense	0.582356901	0.089127685	NA	NA	TRUE	FALSE
N290I	p.Asn290Ile	missense	0.890392774	0.091743481	-0.415186072	benign supporting	FALSE	FALSE
N290L	p.Asn290Leu	missense	1.761672102	0.102406275	NA	NA	FALSE	TRUE
N290K	p.Asn290Lys	missense	0.822315118	0.113867346	-0.326389118	benign supporting	FALSE	FALSE
N290G	p.Asn290Gly	missense	0.500076295	0.222145063	NA	NA	TRUE	FALSE
N290Y	p.Asn290Tyr	missense	1.171932755	1.279653136	NA	NA	TRUE	FALSE
N290N	p.Asn290=	synonymous	0.849820222	0.074358635	NA	NA	FALSE	FALSE
N290C	p.Asn290Cys	missense	0.887395625	0.28677933	-0.411628734	benign supporting	FALSE	FALSE
N290P	p.Asn290Pro	missense	0.515655931	0.242163515	NA	NA	TRUE	FALSE
N290E	p.Asn290Glu	missense	0.964475991	0.057525916	-0.482337513	benign supporting	FALSE	FALSE
N290M	p.Asn290Met	missense	0.704510735	0.084373497	-0.153349356	indeterminate	FALSE	FALSE
N290W	p.Asn290Trp	missense	0.958537376	0.067659097	-0.478036168	benign supporting	FALSE	FALSE
N290H	p.Asn290His	missense	0.228708978	0.129166791	0.574160169	pathogenic supporting	FALSE	FALSE
N290Q	p.Asn290Gln	missense	1.175988817	0.060335831	-0.567215115	benign supporting	FALSE	FALSE
N290*	p.Asn290*	nonsense	-0.066860211	1.06153472	NA	NA	TRUE	FALSE
F291S	p.Phe291Ser	missense	0.748151819	0.089689225	-0.219930842	indeterminate	FALSE	FALSE
F291A	p.Phe291Ala	missense	0.609205604	0.148421095	NA	NA	TRUE	FALSE
F291V	p.Phe291Val	missense	1.631522019	0.042517416	NA	NA	FALSE	TRUE
F291R	p.Phe291Arg	missense	0.891323672	0.371140083	-0.416281298	benign supporting	FALSE	FALSE
F291D	p.Phe291Asp	missense	0.825553334	0.184742675	-0.331075148	benign supporting	FALSE	FALSE
F291F	p.Phe291=	synonymous	1.073805946	0.532395547	NA	NA	FALSE	FALSE
F291T	p.Phe291Thr	missense	1.201950221	0.10313992	-0.568075751	benign supporting	FALSE	FALSE
F291I	p.Phe291Ile	missense	1.125469861	0.072973653	-0.562263613	benign supporting	FALSE	FALSE
F291L	p.Phe291Leu	missense	0.869835709	0.574354951	NA	NA	TRUE	FALSE
F291K	p.Phe291Lys	missense	0.283367128	0.329684267	NA	NA	TRUE	FALSE
F291G	p.Phe291Gly	missense	1.264221658	0.135535482	-0.55859164	benign supporting	FALSE	FALSE
F291Y	p.Phe291Tyr	missense	1.491661891	0.111400192	NA	NA	FALSE	TRUE
F291N	p.Phe291Asn	missense	1.136867853	0.064662938	-0.563363505	benign supporting	FALSE	FALSE
F291C	p.Phe291Cys	missense	1.984388104	0.046310867	NA	NA	FALSE	TRUE
F291P	p.Phe291Pro	missense	0.772167627	0.067282501	-0.255029263	indeterminate	FALSE	FALSE
F291E	p.Phe291Glu	missense	1.219975526	0.449555087	-0.565430911	benign supporting	FALSE	FALSE
F291M	p.Phe291Met	missense	0.545117063	0.123510944	NA	NA	TRUE	FALSE
F291W	p.Phe291Trp	missense	1.225140016	0.126467169	-0.565005709	benign supporting	FALSE	FALSE
F291H	p.Phe291His	missense	1.436534494	0.210289089	-0.447567792	benign supporting	FALSE	FALSE
F291Q	p.Phe291Gln	missense	1.105807126	0.117377724	-0.559284416	benign supporting	FALSE	FALSE
F291*	p.Phe291*	nonsense	0.737616632	0.170038741	NA	NA	FALSE	FALSE
F292S	p.Phe292Ser	missense	0.879863068	0.466271092	NA	NA	TRUE	FALSE
F292A	p.Phe292Ala	missense	1.073558872	0.147175854	-0.549992827	benign supporting	FALSE	FALSE
F292V	p.Phe292Val	missense	0.468283907	0.118759726	NA	NA	TRUE	FALSE
F292R	p.Phe292Arg	missense	0.494870075	0.428115383	NA	NA	TRUE	FALSE
F292D	p.Phe292Asp	missense	NA	NA	NA	NA	NA	NA
F292F	p.Phe292=	synonymous	1.119306383	0.330024141	NA	NA	FALSE	FALSE
F292T	p.Phe292Thr	missense	0.773504976	0.105297047	-0.257019378	indeterminate	FALSE	FALSE
F292I	p.Phe292Ile	missense	0.727657806	1.362021081	NA	NA	TRUE	FALSE
F292L	p.Phe292Leu	missense	0.331753269	0.775445116	NA	NA	TRUE	FALSE
F292K	p.Phe292Lys	missense	0.579435619	0.127990587	NA	NA	TRUE	FALSE
F292G	p.Phe292Gly	missense	1.627950506	0.073590585	NA	NA	FALSE	TRUE
F292Y	p.Phe292Tyr	missense	NA	NA	NA	NA	NA	NA
F292N	p.Phe292Asn	missense	1.124701842	0.073857257	-0.56217276	benign supporting	FALSE	FALSE
F292C	p.Phe292Cys	missense	0.810859934	0.301009352	-0.310700917	indeterminate	FALSE	FALSE
F292P	p.Phe292Pro	missense	0.509690161	0.148776973	NA	NA	TRUE	FALSE
F292E	p.Phe292Glu	missense	-0.320949854	0.429837446	0.931891462	pathogenic moderate	FALSE	FALSE
F292M	p.Phe292Met	missense	1.01781008	0.059424065	-0.52005196	benign supporting	FALSE	FALSE
F292W	p.Phe292Trp	missense	1.243125339	0.263642615	-0.562827098	benign supporting	FALSE	FALSE
F292H	p.Phe292His	missense	1.026600662	0.438900343	-0.525425861	benign supporting	FALSE	FALSE
F292Q	p.Phe292Gln	missense	1.069794647	0.783105304	NA	NA	TRUE	FALSE
F292*	p.Phe292*	nonsense	-1.08787813	0.33276339	NA	NA	FALSE	FALSE
D293S	p.Asp293Ser	missense	1.128035477	0.15451501	-0.562551882	benign supporting	FALSE	FALSE
D293A	p.Asp293Ala	missense	0.829740992	0.071363406	-0.337037592	benign supporting	FALSE	FALSE
D293V	p.Asp293Val	missense	1.04633229	0.351914014	-0.536578292	benign supporting	FALSE	FALSE
D293R	p.Asp293Arg	missense	1.044019982	0.374754061	-0.535334939	benign supporting	FALSE	FALSE
D293D	p.Asp293=	synonymous	NA	NA	NA	NA	NA	NA
D293F	p.Asp293Phe	missense	0.23084242	0.127859587	0.572210956	pathogenic supporting	FALSE	FALSE
D293T	p.Asp293Thr	missense	1.617570008	0.111660292	NA	NA	FALSE	TRUE
D293I	p.Asp293Ile	missense	1.105421672	0.123873533	-0.559212555	benign supporting	FALSE	FALSE
D293L	p.Asp293Leu	missense	1.365356139	0.104404927	-0.506983576	benign supporting	FALSE	FALSE
D293K	p.Asp293Lys	missense	1.631815657	0.050493429	NA	NA	FALSE	TRUE
D293G	p.Asp293Gly	missense	0.988760341	0.062998964	-0.50040169	benign supporting	FALSE	FALSE
D293Y	p.Asp293Tyr	missense	1.351089495	0.033865218	-0.516790164	benign supporting	FALSE	FALSE
D293N	p.Asp293Asn	missense	1.126130386	0.050921321	-0.562340071	benign supporting	FALSE	FALSE
D293C	p.Asp293Cys	missense	1.487247232	0.053205133	NA	NA	FALSE	TRUE
D293P	p.Asp293Pro	missense	0.997717017	0.188434817	-0.506780933	benign supporting	FALSE	FALSE
D293E	p.Asp293Glu	missense	0.97610657	1.505492681	NA	NA	TRUE	FALSE
D293M	p.Asp293Met	missense	1.837029835	0.103220944	NA	NA	FALSE	TRUE
D293W	p.Asp293Trp	missense	-1.254525383	0.778028979	4.175876603	pathogenic very strong	FALSE	FALSE
D293H	p.Asp293His	missense	1.441517724	0.077247072	-0.442625869	benign supporting	FALSE	FALSE
D293Q	p.Asp293Gln	missense	NA	NA	NA	NA	NA	NA
D293*	p.Asp293*	nonsense	0.754676614	0.157659043	NA	NA	FALSE	FALSE
A294S	p.Ala294Ser	missense	1.064510753	0.150531259	-0.545782214	benign supporting	FALSE	FALSE
A294A	p.Ala294=	synonymous	1.204546335	0.242806815	NA	NA	FALSE	FALSE
A294V	p.Ala294Val	missense	0.805261298	0.192652648	-0.302848849	indeterminate	FALSE	FALSE
A294R	p.Ala294Arg	missense	0.41168156	0.566042197	NA	NA	TRUE	FALSE
A294D	p.Ala294Asp	missense	-0.815513701	1.098536073	4.645385191	pathogenic very strong	FALSE	FALSE
A294F	p.Ala294Phe	missense	0.905869122	0.384116319	-0.432825114	benign supporting	FALSE	FALSE
A294T	p.Ala294Thr	missense	0.590195274	0.328677215	NA	NA	TRUE	FALSE
A294I	p.Ala294Ile	missense	-0.227561407	0.33299922	0.69657341	pathogenic moderate	FALSE	FALSE
A294L	p.Ala294Leu	missense	0.795716333	0.260312051	-0.288993886	indeterminate	FALSE	FALSE
A294K	p.Ala294Lys	missense	2.488962657	0.246177618	NA	NA	FALSE	TRUE
A294G	p.Ala294Gly	missense	1.439026562	0.380032715	-0.445125973	benign supporting	FALSE	FALSE
A294Y	p.Ala294Tyr	missense	0.24256659	0.99468718	NA	NA	TRUE	FALSE
A294N	p.Ala294Asn	missense	0.952591232	0.462875683	NA	NA	TRUE	FALSE
A294C	p.Ala294Cys	missense	0.669468203	0.129860806	-0.094788131	indeterminate	FALSE	FALSE
A294P	p.Ala294Pro	missense	0.468834059	0.103096277	NA	NA	TRUE	FALSE
A294E	p.Ala294Glu	missense	1.125567741	0.078817297	-0.562275041	benign supporting	FALSE	FALSE
A294M	p.Ala294Met	missense	0.84731943	0.669285189	NA	NA	TRUE	FALSE
A294W	p.Ala294Trp	missense	1.249023671	0.288636025	-0.561832133	benign supporting	FALSE	FALSE
A294H	p.Ala294His	missense	0.364814203	0.104995469	0.415949986	pathogenic supporting	FALSE	FALSE
A294Q	p.Ala294Gln	missense	0.51601175	0.589040598	NA	NA	TRUE	FALSE
A294*	p.Ala294*	nonsense	-0.369419193	0.331831833	NA	NA	FALSE	FALSE
E295S	p.Glu295Ser	missense	0.984983177	0.133539716	-0.49762199	benign supporting	FALSE	FALSE
E295A	p.Glu295Ala	missense	0.955816171	0.128561006	-0.476020243	benign supporting	FALSE	FALSE
E295V	p.Glu295Val	missense	0.869607595	0.207272003	-0.389484277	benign supporting	FALSE	FALSE
E295R	p.Glu295Arg	missense	0.434364821	0.440041131	NA	NA	TRUE	FALSE
E295D	p.Glu295Asp	missense	1.149648437	0.607030998	-0.564728942	benign supporting	FALSE	FALSE
E295F	p.Glu295Phe	missense	NA	NA	NA	NA	NA	NA
E295T	p.Glu295Thr	missense	1.147294506	0.238554275	-0.564391849	benign supporting	FALSE	FALSE
E295I	p.Glu295Ile	missense	NA	NA	NA	NA	NA	NA
E295L	p.Glu295Leu	missense	0.182840846	0.13153256	0.58700514	pathogenic supporting	FALSE	FALSE
E295K	p.Glu295Lys	missense	1.542931667	0.100021505	NA	NA	FALSE	TRUE
E295G	p.Glu295Gly	missense	0.574403137	0.984918742	NA	NA	TRUE	FALSE
E295Y	p.Glu295Tyr	missense	0.139419134	0.183841199	0.56424654	pathogenic supporting	FALSE	FALSE
E295N	p.Glu295Asn	missense	NA	NA	NA	NA	NA	NA
E295C	p.Glu295Cys	missense	0.635842418	0.304657072	NA	NA	TRUE	FALSE
E295P	p.Glu295Pro	missense	0.851679961	0.072120014	-0.367521355	benign supporting	FALSE	FALSE
E295E	p.Glu295=	synonymous	1.287661249	0.135590879	NA	NA	FALSE	FALSE
E295M	p.Glu295Met	missense	1.448127044	0.43099778	-0.435694764	benign supporting	FALSE	FALSE
E295W	p.Glu295Trp	missense	0.000902582	0.115894621	0.545491542	pathogenic supporting	FALSE	FALSE
E295H	p.Glu295His	missense	0.855308709	0.088538469	-0.372107148	benign supporting	FALSE	FALSE
E295Q	p.Glu295Gln	missense	0.387853371	0.442688822	NA	NA	TRUE	FALSE
E295*	p.Glu295*	nonsense	-0.193654662	1.437121574	NA	NA	TRUE	FALSE
D296S	p.Asp296Ser	missense	0.76898323	0.546416886	NA	NA	TRUE	FALSE
D296A	p.Asp296Ala	missense	1.087936808	0.161676982	-0.555415838	benign supporting	FALSE	FALSE
D296V	p.Asp296Val	missense	1.518629611	0.25636272	NA	NA	FALSE	TRUE
D296R	p.Asp296Arg	missense	0.399833702	0.446758345	NA	NA	TRUE	FALSE
D296D	p.Asp296=	synonymous	NA	NA	NA	NA	NA	NA
D296F	p.Asp296Phe	missense	0.244258553	0.822981631	NA	NA	TRUE	FALSE
D296T	p.Asp296Thr	missense	1.752918693	0.083358623	NA	NA	FALSE	TRUE
D296I	p.Asp296Ile	missense	1.712175949	0.069738965	NA	NA	FALSE	TRUE
D296L	p.Asp296Leu	missense	0.801045759	0.410276234	NA	NA	TRUE	FALSE
D296K	p.Asp296Lys	missense	1.381386151	0.933220735	NA	NA	TRUE	FALSE
D296G	p.Asp296Gly	missense	0.99379741	0.089481701	-0.504025539	benign supporting	FALSE	FALSE
D296Y	p.Asp296Tyr	missense	1.588643771	0.041616871	NA	NA	FALSE	TRUE
D296N	p.Asp296Asn	missense	1.252790621	0.078106965	-0.561121249	benign supporting	FALSE	FALSE
D296C	p.Asp296Cys	missense	1.770167009	0.068967499	NA	NA	FALSE	TRUE
D296P	p.Asp296Pro	missense	1.758495663	0.108191887	NA	NA	FALSE	TRUE
D296E	p.Asp296Glu	missense	0.950619677	0.082004084	-0.472090449	benign supporting	FALSE	FALSE
D296M	p.Asp296Met	missense	1.872659134	0.044468792	NA	NA	FALSE	TRUE
D296W	p.Asp296Trp	missense	NA	NA	NA	NA	NA	NA
D296H	p.Asp296His	missense	1.560090367	0.168161397	NA	NA	FALSE	TRUE
D296Q	p.Asp296Gln	missense	1.351660317	0.156892867	-0.516423412	benign supporting	FALSE	FALSE
D296*	p.Asp296*	nonsense	-0.132984304	0.109666362	NA	NA	FALSE	FALSE
Y297S	p.Tyr297Ser	missense	0.942138565	0.121371667	-0.465444993	benign supporting	FALSE	FALSE
Y297A	p.Tyr297Ala	missense	1.242636406	0.551451172	-0.562903201	benign supporting	FALSE	FALSE
Y297V	p.Tyr297Val	missense	1.113965631	0.27361541	-0.560684647	benign supporting	FALSE	FALSE
Y297R	p.Tyr297Arg	missense	1.77644762	0.918834452	NA	NA	FALSE	TRUE
Y297D	p.Tyr297Asp	missense	NA	NA	NA	NA	NA	NA
Y297F	p.Tyr297Phe	missense	0.964353106	0.577468132	NA	NA	TRUE	FALSE
Y297T	p.Tyr297Thr	missense	0.508101919	0.780042399	NA	NA	TRUE	FALSE
Y297I	p.Tyr297Ile	missense	1.156391408	0.130346085	-0.565591765	benign supporting	FALSE	FALSE
Y297L	p.Tyr297Leu	missense	1.49077846	0.065396409	NA	NA	FALSE	TRUE
Y297K	p.Tyr297Lys	missense	0.900168644	0.115792084	-0.426466037	benign supporting	FALSE	FALSE
Y297G	p.Tyr297Gly	missense	0.995403975	0.084043825	-0.505161685	benign supporting	FALSE	FALSE
Y297Y	p.Tyr297=	synonymous	NA	NA	NA	NA	NA	NA
Y297N	p.Tyr297Asn	missense	1.501755021	0.110221573	NA	NA	FALSE	TRUE
Y297C	p.Tyr297Cys	missense	1.480523304	0.084783084	NA	NA	FALSE	TRUE
Y297P	p.Tyr297Pro	missense	-0.854245847	0.57155681	4.610883224	pathogenic very strong	FALSE	FALSE
Y297E	p.Tyr297Glu	missense	1.3853026	0.077773431	-0.49367076	benign supporting	FALSE	FALSE
Y297M	p.Tyr297Met	missense	1.355358547	0.103577368	-0.51399685	benign supporting	FALSE	FALSE
Y297W	p.Tyr297Trp	missense	0.645765288	0.087485329	-0.056374189	indeterminate	FALSE	FALSE
Y297H	p.Tyr297His	missense	2.012629204	0.120392118	NA	NA	FALSE	TRUE
Y297Q	p.Tyr297Gln	missense	1.444659564	0.085807966	-0.439386082	benign supporting	FALSE	FALSE
Y297*	p.Tyr297*	nonsense	0.417526236	0.926446554	NA	NA	TRUE	FALSE
Y298S	p.Tyr298Ser	missense	0.472521498	0.116088452	NA	NA	TRUE	FALSE
Y298A	p.Tyr298Ala	missense	-0.123027426	0.156079616	0.585947232	pathogenic supporting	FALSE	FALSE
Y298V	p.Tyr298Val	missense	0.443856443	0.172092483	NA	NA	TRUE	FALSE
Y298R	p.Tyr298Arg	missense	0.748674175	0.109938	-0.220715578	indeterminate	FALSE	FALSE
Y298D	p.Tyr298Asp	missense	0.595701632	0.082939405	0.030763369	indeterminate	FALSE	FALSE
Y298F	p.Tyr298Phe	missense	1.074863875	0.153156943	-0.550580108	benign supporting	FALSE	FALSE
Y298T	p.Tyr298Thr	missense	0.303760665	0.738453486	NA	NA	TRUE	FALSE
Y298I	p.Tyr298Ile	missense	1.671046099	0.1002505	NA	NA	FALSE	TRUE
Y298L	p.Tyr298Leu	missense	0.997911449	0.071218563	-0.506916162	benign supporting	FALSE	FALSE
Y298K	p.Tyr298Lys	missense	0.762146158	0.068655502	-0.240267326	indeterminate	FALSE	FALSE
Y298G	p.Tyr298Gly	missense	-0.360919426	0.798876397	1.003673164	pathogenic moderate	FALSE	FALSE
Y298Y	p.Tyr298=	synonymous	1.184069714	1.064385161	NA	NA	TRUE	FALSE
Y298N	p.Tyr298Asn	missense	1.358726735	0.406161384	-0.511709337	benign supporting	FALSE	FALSE
Y298C	p.Tyr298Cys	missense	0.779837249	0.11793149	-0.266270375	indeterminate	FALSE	FALSE
Y298P	p.Tyr298Pro	missense	0.452720314	0.658179816	NA	NA	TRUE	FALSE
Y298E	p.Tyr298Glu	missense	1.087520484	1.158477974	NA	NA	TRUE	FALSE
Y298M	p.Tyr298Met	missense	1.130778772	0.182025408	-0.562834077	benign supporting	FALSE	FALSE
Y298W	p.Tyr298Trp	missense	0.752935739	0.10147172	-0.22704141	indeterminate	FALSE	FALSE
Y298H	p.Tyr298His	missense	1.077052547	0.258987488	-0.551553795	benign supporting	FALSE	FALSE
Y298Q	p.Tyr298Gln	missense	0.758945416	0.099557372	-0.23573824	indeterminate	FALSE	FALSE
Y298*	p.Tyr298*	nonsense	-0.322169127	0.17931136	NA	NA	FALSE	FALSE
I299S	p.Ile299Ser	missense	1.478911035	0.091257233	NA	NA	FALSE	TRUE
I299A	p.Ile299Ala	missense	1.858152529	0.046198915	NA	NA	FALSE	TRUE
I299V	p.Ile299Val	missense	1.308246047	0.104322784	-0.539873412	benign supporting	FALSE	FALSE
I299R	p.Ile299Arg	missense	-0.094579338	0.333826733	0.570945948	pathogenic supporting	FALSE	FALSE
I299D	p.Ile299Asp	missense	1.092083479	0.071090263	-0.556411005	benign supporting	FALSE	FALSE
I299F	p.Ile299Phe	missense	1.255841345	0.197993925	-0.560501559	benign supporting	FALSE	FALSE
I299T	p.Ile299Thr	missense	1.278947209	0.07729196	-0.55336301	benign supporting	FALSE	FALSE
I299I	p.Ile299=	synonymous	1.227379003	1.10806632	NA	NA	TRUE	FALSE
I299L	p.Ile299Leu	missense	1.445027199	0.039085336	-0.439000539	benign supporting	FALSE	FALSE
I299K	p.Ile299Lys	missense	0.310836624	0.085052287	0.488573131	pathogenic supporting	FALSE	FALSE
I299G	p.Ile299Gly	missense	0.256901893	0.421476613	NA	NA	TRUE	FALSE
I299Y	p.Ile299Tyr	missense	NA	NA	NA	NA	NA	NA
I299N	p.Ile299Asn	missense	1.509996338	0.105450673	NA	NA	FALSE	TRUE
I299C	p.Ile299Cys	missense	1.344073728	0.060240031	-0.521132216	benign supporting	FALSE	FALSE
I299P	p.Ile299Pro	missense	-0.458562335	0.098991261	1.369653483	pathogenic strong	FALSE	FALSE
I299E	p.Ile299Glu	missense	2.672458679	0.029815499	NA	NA	FALSE	TRUE
I299M	p.Ile299Met	missense	1.307646713	0.031750761	-0.540193622	benign supporting	FALSE	FALSE
I299W	p.Ile299Trp	missense	-0.556060245	0.130966667	4.822855751	pathogenic very strong	FALSE	FALSE
I299H	p.Ile299His	missense	NA	NA	NA	NA	NA	NA
I299Q	p.Ile299Gln	missense	1.075540187	0.048092453	-0.550882488	benign supporting	FALSE	FALSE
I299*	p.Ile299*	nonsense	-0.561142253	0.097576319	NA	NA	FALSE	FALSE
V300S	p.Val300Ser	missense	0.619163335	0.188414996	NA	NA	TRUE	FALSE
V300A	p.Val300Ala	missense	0.976433133	0.105050542	-0.491127674	benign supporting	FALSE	FALSE
V300V	p.Val300=	synonymous	0.907896588	0.670625402	NA	NA	TRUE	FALSE
V300R	p.Val300Arg	missense	-0.513251018	0.450189889	3.012672179	pathogenic very strong	FALSE	FALSE
V300D	p.Val300Asp	missense	0.681426831	0.231962967	NA	NA	TRUE	FALSE
V300F	p.Val300Phe	missense	1.101301913	0.103417629	-0.558412489	benign supporting	FALSE	FALSE
V300T	p.Val300Thr	missense	0.840865617	0.080503726	-0.353364868	benign supporting	FALSE	FALSE
V300I	p.Val300Ile	missense	1.184716225	0.098338429	-0.568344855	benign supporting	FALSE	FALSE
V300L	p.Val300Leu	missense	1.721539485	0.064343322	NA	NA	FALSE	TRUE
V300K	p.Val300Lys	missense	-0.616761432	0.123282412	4.793768175	pathogenic very strong	FALSE	FALSE
V300G	p.Val300Gly	missense	1.302422225	0.071592698	-0.542901204	benign supporting	FALSE	FALSE
V300Y	p.Val300Tyr	missense	-0.084575054	0.150184594	0.566735892	pathogenic supporting	FALSE	FALSE
V300N	p.Val300Asn	missense	1.367049701	0.196697918	-0.505727369	benign supporting	FALSE	FALSE
V300C	p.Val300Cys	missense	0.75082339	0.097306815	-0.223922717	indeterminate	FALSE	FALSE
V300P	p.Val300Pro	missense	-0.425694409	0.412472494	1.193834544	pathogenic moderate	FALSE	FALSE
V300E	p.Val300Glu	missense	1.140059279	0.079353098	-0.563587111	benign supporting	FALSE	FALSE
V300M	p.Val300Met	missense	0.331273706	0.086397075	0.463418178	pathogenic supporting	FALSE	FALSE
V300W	p.Val300Trp	missense	NA	NA	NA	NA	NA	NA
V300H	p.Val300His	missense	1.973059272	0.049776078	NA	NA	FALSE	TRUE
V300Q	p.Val300Gln	missense	NA	NA	NA	NA	NA	NA
V300*	p.Val300*	nonsense	NA	NA	NA	NA	NA	NA
L301S	p.Leu301Ser	missense	0.471755908	0.168031387	NA	NA	TRUE	FALSE
L301A	p.Leu301Ala	missense	0.879585123	0.33916201	-0.402128761	benign supporting	FALSE	FALSE
L301V	p.Leu301Val	missense	2.123679685	0.065736235	NA	NA	FALSE	TRUE
L301R	p.Leu301Arg	missense	-0.690325914	0.514236311	4.749242088	pathogenic very strong	FALSE	FALSE
L301D	p.Leu301Asp	missense	0.977206448	0.057531485	-0.491726791	benign supporting	FALSE	FALSE
L301F	p.Leu301Phe	missense	1.763231901	0.087123124	NA	NA	FALSE	TRUE
L301T	p.Leu301Thr	missense	1.081982211	0.20420482	-0.55369535	benign supporting	FALSE	FALSE
L301I	p.Leu301Ile	missense	0.80171829	0.134045284	-0.297776703	indeterminate	FALSE	FALSE
L301L	p.Leu301=	synonymous	1.076038933	0.154065721	NA	NA	FALSE	FALSE
L301K	p.Leu301Lys	missense	-0.392507614	0.142129762	1.080621337	pathogenic moderate	FALSE	FALSE
L301G	p.Leu301Gly	missense	-0.231497084	0.394365808	0.702757767	pathogenic moderate	FALSE	FALSE
L301Y	p.Leu301Tyr	missense	-0.533967034	0.143271969	4.83198424	pathogenic very strong	FALSE	FALSE
L301N	p.Leu301Asn	missense	0.062834982	0.208342943	0.544148488	pathogenic supporting	FALSE	FALSE
L301C	p.Leu301Cys	missense	0.278144374	0.243590597	NA	NA	TRUE	FALSE
L301P	p.Leu301Pro	missense	-0.417950193	0.642578144	1.163327095	pathogenic moderate	FALSE	FALSE
L301E	p.Leu301Glu	missense	NA	NA	NA	NA	NA	NA
L301M	p.Leu301Met	missense	NA	NA	NA	NA	NA	NA
L301W	p.Leu301Trp	missense	-0.527380305	0.148913137	4.834567004	pathogenic very strong	FALSE	FALSE
L301H	p.Leu301His	missense	-0.359406924	0.269188736	1.000511466	pathogenic moderate	FALSE	FALSE
L301Q	p.Leu301Gln	missense	0.231562171	0.538179322	NA	NA	TRUE	FALSE
L301*	p.Leu301*	nonsense	-0.030602048	1.033382061	NA	NA	TRUE	FALSE
E302S	p.Glu302Ser	missense	1.628215888	0.091446046	NA	NA	FALSE	TRUE
E302A	p.Glu302Ala	missense	1.61356301	0.1026645	NA	NA	FALSE	TRUE
E302V	p.Glu302Val	missense	1.138595785	0.061037437	-0.563489201	benign supporting	FALSE	FALSE
E302R	p.Glu302Arg	missense	1.257190424	0.138362523	-0.560214808	benign supporting	FALSE	FALSE
E302D	p.Glu302Asp	missense	1.660041958	0.038040243	NA	NA	FALSE	TRUE
E302F	p.Glu302Phe	missense	0.959130569	0.053146301	-0.478471838	benign supporting	FALSE	FALSE
E302T	p.Glu302Thr	missense	1.049750511	0.178501166	-0.538385974	benign supporting	FALSE	FALSE
E302I	p.Glu302Ile	missense	1.145244481	0.181474785	-0.564083255	benign supporting	FALSE	FALSE
E302L	p.Glu302Leu	missense	0.918309704	0.11746012	-0.445136857	benign supporting	FALSE	FALSE
E302K	p.Glu302Lys	missense	1.239988374	0.093917257	-0.563298644	benign supporting	FALSE	FALSE
E302G	p.Glu302Gly	missense	0.835786792	0.936230709	NA	NA	TRUE	FALSE
E302Y	p.Glu302Tyr	missense	1.001448843	0.06376206	-0.509352736	benign supporting	FALSE	FALSE
E302N	p.Glu302Asn	missense	1.605861288	0.072786562	NA	NA	FALSE	TRUE
E302C	p.Glu302Cys	missense	1.566510373	0.142336697	NA	NA	FALSE	TRUE
E302P	p.Glu302Pro	missense	1.329765297	0.112281319	-0.52908501	benign supporting	FALSE	FALSE
E302E	p.Glu302=	synonymous	0.824080125	0.092429829	NA	NA	FALSE	FALSE
E302M	p.Glu302Met	missense	1.333830722	0.074521233	-0.526943887	benign supporting	FALSE	FALSE
E302W	p.Glu302Trp	missense	1.082186722	0.433017461	-0.553782656	benign supporting	FALSE	FALSE
E302H	p.Glu302His	missense	NA	NA	NA	NA	NA	NA
E302Q	p.Glu302Gln	missense	0.840180897	0.467570129	NA	NA	TRUE	FALSE
E302*	p.Glu302*	nonsense	0.244708284	0.490380087	NA	NA	TRUE	FALSE
L303S	p.Leu303Ser	missense	1.665179132	0.044039343	NA	NA	FALSE	TRUE
L303A	p.Leu303Ala	missense	1.121483771	0.199234653	-0.561769332	benign supporting	FALSE	FALSE
L303V	p.Leu303Val	missense	0.852474647	0.070581066	-0.368532484	benign supporting	FALSE	FALSE
L303R	p.Leu303Arg	missense	1.752984155	0.04336689	NA	NA	FALSE	TRUE
L303D	p.Leu303Asp	missense	NA	NA	NA	NA	NA	NA
L303F	p.Leu303Phe	missense	NA	NA	NA	NA	NA	NA
L303T	p.Leu303Thr	missense	1.131424584	0.099434395	-0.56289658	benign supporting	FALSE	FALSE
L303I	p.Leu303Ile	missense	1.182131247	0.084886473	-0.567993514	benign supporting	FALSE	FALSE
L303L	p.Leu303=	synonymous	0.859704768	0.137764908	NA	NA	FALSE	FALSE
L303K	p.Leu303Lys	missense	NA	NA	NA	NA	NA	NA
L303G	p.Leu303Gly	missense	1.190772519	0.041202027	-0.569067213	benign supporting	FALSE	FALSE
L303Y	p.Leu303Tyr	missense	1.948022046	0.0483829	NA	NA	FALSE	TRUE
L303N	p.Leu303Asn	missense	1.89822113	0.029501712	NA	NA	FALSE	TRUE
L303C	p.Leu303Cys	missense	1.20438474	0.144577682	-0.567795223	benign supporting	FALSE	FALSE
L303P	p.Leu303Pro	missense	1.178074732	0.066219583	-0.567399495	benign supporting	FALSE	FALSE
L303E	p.Leu303Glu	missense	0.960790656	0.045932384	-0.479683947	benign supporting	FALSE	FALSE
L303M	p.Leu303Met	missense	1.267265121	0.052728245	-0.557820774	benign supporting	FALSE	FALSE
L303W	p.Leu303Trp	missense	NA	NA	NA	NA	NA	NA
L303H	p.Leu303His	missense	1.939361075	0.028930324	NA	NA	FALSE	TRUE
L303Q	p.Leu303Gln	missense	1.238975868	0.124184097	-0.563442427	benign supporting	FALSE	FALSE
L303*	p.Leu303*	nonsense	0.624439148	0.085906072	NA	NA	FALSE	FALSE
M304S	p.Met304Ser	missense	0.945268921	0.091958664	-0.46793183	benign supporting	FALSE	FALSE
M304A	p.Met304Ala	missense	0.030055223	0.096017409	0.54349635	pathogenic supporting	FALSE	FALSE
M304V	p.Met304Val	missense	0.438447832	0.096642819	NA	NA	TRUE	FALSE
M304R	p.Met304Arg	missense	1.508601193	0.037269508	NA	NA	FALSE	TRUE
M304D	p.Met304Asp	missense	-0.930171002	0.136160205	4.542700565	pathogenic very strong	FALSE	FALSE
M304F	p.Met304Phe	missense	0.731446003	0.048486591	-0.193683329	indeterminate	FALSE	FALSE
M304T	p.Met304Thr	missense	1.04420075	0.084758203	-0.535432738	benign supporting	FALSE	FALSE
M304I	p.Met304Ile	missense	0.957600187	0.619570255	NA	NA	TRUE	FALSE
M304L	p.Met304Leu	missense	1.241201837	0.084338827	-0.563120928	benign supporting	FALSE	FALSE
M304K	p.Met304Lys	missense	2.036859765	0.054708329	NA	NA	FALSE	TRUE
M304G	p.Met304Gly	missense	0.591771987	0.079572951	0.038681375	indeterminate	FALSE	FALSE
M304Y	p.Met304Tyr	missense	0.089846432	0.088912807	0.547718851	pathogenic supporting	FALSE	FALSE
M304N	p.Met304Asn	missense	0.369293736	0.275285795	NA	NA	TRUE	FALSE
M304C	p.Met304Cys	missense	0.706254406	0.217979245	NA	NA	TRUE	FALSE
M304P	p.Met304Pro	missense	-0.410021076	0.59680874	1.134963552	pathogenic moderate	FALSE	FALSE
M304E	p.Met304Glu	missense	1.453240541	0.109143813	NA	NA	FALSE	FALSE
M304M	p.Met304=	synonymous	NA	NA	NA	NA	NA	NA
M304W	p.Met304Trp	missense	0.265460665	0.233311544	0.542793865	pathogenic supporting	FALSE	FALSE
M304H	p.Met304His	missense	NA	NA	NA	NA	NA	NA
M304Q	p.Met304Gln	missense	NA	NA	NA	NA	NA	NA
M304*	p.Met304*	nonsense	NA	NA	NA	NA	NA	NA
E305S	p.Glu305Ser	missense	1.38127925	0.071019788	-0.496486374	benign supporting	FALSE	FALSE
E305A	p.Glu305Ala	missense	0.893013445	0.143668691	-0.418257816	benign supporting	FALSE	FALSE
E305V	p.Glu305Val	missense	1.284054614	0.147724276	-0.551283117	benign supporting	FALSE	FALSE
E305R	p.Glu305Arg	missense	1.034819989	0.089681363	-0.530222023	benign supporting	FALSE	FALSE
E305D	p.Glu305Asp	missense	1.013630798	0.035932709	-0.517406496	benign supporting	FALSE	FALSE
E305F	p.Glu305Phe	missense	1.359502868	0.032712971	-0.511171544	benign supporting	FALSE	FALSE
E305T	p.Glu305Thr	missense	0.911809796	0.117979169	-0.439148543	benign supporting	FALSE	FALSE
E305I	p.Glu305Ile	missense	0.919867361	0.081215977	-0.446542163	benign supporting	FALSE	FALSE
E305L	p.Glu305Leu	missense	1.101064208	0.108568721	-0.558364543	benign supporting	FALSE	FALSE
E305K	p.Glu305Lys	missense	0.694275553	0.050488793	-0.137665077	indeterminate	FALSE	FALSE
E305G	p.Glu305Gly	missense	1.047561501	0.106730093	-0.5372325	benign supporting	FALSE	FALSE
E305Y	p.Glu305Tyr	missense	NA	NA	NA	NA	NA	NA
E305N	p.Glu305Asn	missense	1.236759975	0.036077988	-0.563742898	benign supporting	FALSE	FALSE
E305C	p.Glu305Cys	missense	1.351877546	0.031633811	-0.5162833	benign supporting	FALSE	FALSE
E305P	p.Glu305Pro	missense	1.008705794	0.077468719	-0.514212572	benign supporting	FALSE	FALSE
E305E	p.Glu305=	synonymous	1.169025949	0.041224841	NA	NA	FALSE	FALSE
E305M	p.Glu305Met	missense	1.118384483	0.047460727	-0.561346221	benign supporting	FALSE	FALSE
E305W	p.Glu305Trp	missense	1.093459752	0.044837949	-0.556728308	benign supporting	FALSE	FALSE
E305H	p.Glu305His	missense	0.952124957	0.051943201	-0.473239727	benign supporting	FALSE	FALSE
E305Q	p.Glu305Gln	missense	0.94191428	0.600589713	NA	NA	TRUE	FALSE
E305*	p.Glu305*	nonsense	0.379046882	0.127372129	NA	NA	TRUE	FALSE
G306S	p.Gly306Ser	missense	0.94509257	0.190022082	-0.4677928	benign supporting	FALSE	FALSE
G306A	p.Gly306Ala	missense	1.211184707	0.069122222	-0.566886252	benign supporting	FALSE	FALSE
G306V	p.Gly306Val	missense	-0.161210121	0.728068249	NA	NA	TRUE	FALSE
G306R	p.Gly306Arg	missense	0.480878097	0.258847007	NA	NA	TRUE	FALSE
G306D	p.Gly306Asp	missense	0.051164641	0.242663847	0.543569193	pathogenic supporting	FALSE	FALSE
G306F	p.Gly306Phe	missense	1.869591473	0.049782972	NA	NA	FALSE	TRUE
G306T	p.Gly306Thr	missense	0.759808862	0.231304626	-0.236966926	indeterminate	FALSE	FALSE
G306I	p.Gly306Ile	missense	-0.589022183	0.26949243	4.807828333	pathogenic very strong	FALSE	FALSE
G306L	p.Gly306Leu	missense	0.159978211	0.436130158	NA	NA	TRUE	FALSE
G306K	p.Gly306Lys	missense	NA	NA	NA	NA	NA	NA
G306G	p.Gly306=	synonymous	1.318479005	0.065479348	NA	NA	FALSE	FALSE
G306Y	p.Gly306Tyr	missense	0.84155009	0.0714135	-0.354283427	benign supporting	FALSE	FALSE
G306N	p.Gly306Asn	missense	0.118962691	0.112642342	0.556508689	pathogenic supporting	FALSE	FALSE
G306C	p.Gly306Cys	missense	NA	NA	NA	NA	NA	NA
G306P	p.Gly306Pro	missense	1.482049755	0.097558274	NA	NA	FALSE	TRUE
G306E	p.Gly306Glu	missense	0.795401292	0.054936065	-0.288526071	indeterminate	FALSE	FALSE
G306M	p.Gly306Met	missense	0.062389451	0.166970777	0.54411934	pathogenic supporting	FALSE	FALSE
G306W	p.Gly306Trp	missense	NA	NA	NA	NA	NA	NA
G306H	p.Gly306His	missense	0.813814268	0.134059645	-0.314766646	indeterminate	FALSE	FALSE
G306Q	p.Gly306Gln	missense	-0.78058878	0.443918764	4.676172297	pathogenic very strong	FALSE	FALSE
G306*	p.Gly306*	nonsense	-0.009926681	0.210594569	NA	NA	FALSE	FALSE
G307S	p.Gly307Ser	missense	1.310558689	0.11681003	-0.538618979	benign supporting	FALSE	FALSE
G307A	p.Gly307Ala	missense	0.553920785	0.095836304	NA	NA	TRUE	FALSE
G307V	p.Gly307Val	missense	0.04213251	0.160554519	0.543383941	pathogenic supporting	FALSE	FALSE
G307R	p.Gly307Arg	missense	0.879083584	0.438533777	NA	NA	TRUE	FALSE
G307D	p.Gly307Asp	missense	0.543406121	0.073592526	NA	NA	TRUE	FALSE
G307F	p.Gly307Phe	missense	0.672997867	0.10100557	-0.100902013	indeterminate	FALSE	FALSE
G307T	p.Gly307Thr	missense	-0.069664952	0.17367153	0.561198701	pathogenic supporting	FALSE	FALSE
G307I	p.Gly307Ile	missense	0.274527731	0.343997334	NA	NA	TRUE	FALSE
G307L	p.Gly307Leu	missense	1.12654029	0.54742303	-0.562386738	benign supporting	FALSE	FALSE
G307K	p.Gly307Lys	missense	0.605679328	0.198056175	NA	NA	TRUE	FALSE
G307G	p.Gly307=	synonymous	1.026001859	0.04455514	NA	NA	FALSE	FALSE
G307Y	p.Gly307Tyr	missense	0.515674745	0.10611488	NA	NA	TRUE	FALSE
G307N	p.Gly307Asn	missense	1.557064545	0.061086326	NA	NA	FALSE	TRUE
G307C	p.Gly307Cys	missense	1.367213532	0.049305328	-0.505604766	benign supporting	FALSE	FALSE
G307P	p.Gly307Pro	missense	0.101120753	0.239155205	0.55082091	pathogenic supporting	FALSE	FALSE
G307E	p.Gly307Glu	missense	1.223186432	0.044057729	-0.565167461	benign supporting	FALSE	FALSE
G307M	p.Gly307Met	missense	0.968290518	0.050449061	-0.485030672	benign supporting	FALSE	FALSE
G307W	p.Gly307Trp	missense	-0.103237968	0.092836652	0.574929341	pathogenic supporting	FALSE	FALSE
G307H	p.Gly307His	missense	0.940762178	0.056839763	-0.464338756	benign supporting	FALSE	FALSE
G307Q	p.Gly307Gln	missense	1.154672643	0.303496493	-0.565386378	benign supporting	FALSE	FALSE
G307*	p.Gly307*	nonsense	0.059716338	0.383818003	NA	NA	FALSE	FALSE
E308S	p.Glu308Ser	missense	-0.558883154	0.328032433	4.821636294	pathogenic very strong	FALSE	FALSE
E308A	p.Glu308Ala	missense	0.237382841	0.127228921	0.566503123	pathogenic supporting	FALSE	FALSE
E308V	p.Glu308Val	missense	-0.403644588	0.103932794	1.113970371	pathogenic moderate	FALSE	FALSE
E308R	p.Glu308Arg	missense	0.038567917	0.390876169	0.543374153	pathogenic supporting	FALSE	FALSE
E308D	p.Glu308Asp	missense	0.841569997	0.812843388	NA	NA	TRUE	FALSE
E308F	p.Glu308Phe	missense	-1.195602918	0.148004371	4.243636848	pathogenic very strong	FALSE	FALSE
E308T	p.Glu308Thr	missense	-1.338228753	0.488720068	4.092447939	pathogenic very strong	FALSE	FALSE
E308I	p.Glu308Ile	missense	-0.300692822	0.101123576	0.857679974	pathogenic moderate	FALSE	FALSE
E308L	p.Glu308Leu	missense	-0.200213945	0.185154118	0.658650053	pathogenic moderate	FALSE	FALSE
E308K	p.Glu308Lys	missense	0.155800802	0.120907534	0.571426829	pathogenic supporting	FALSE	FALSE
E308G	p.Glu308Gly	missense	0.251144084	0.154311175	0.555741964	pathogenic supporting	FALSE	FALSE
E308Y	p.Glu308Tyr	missense	0.63955921	0.059382256	-0.045685785	indeterminate	FALSE	FALSE
E308N	p.Glu308Asn	missense	0.676985608	0.078881201	-0.108371524	indeterminate	FALSE	FALSE
E308C	p.Glu308Cys	missense	0.061911805	0.302486451	0.544088712	pathogenic supporting	FALSE	FALSE
E308P	p.Glu308Pro	missense	0.062976224	0.541049853	NA	NA	TRUE	FALSE
E308E	p.Glu308=	synonymous	1.146842756	0.051152981	NA	NA	FALSE	FALSE
E308M	p.Glu308Met	missense	-0.391952307	0.101160634	1.079057714	pathogenic moderate	FALSE	FALSE
E308W	p.Glu308Trp	missense	NA	NA	NA	NA	NA	NA
E308H	p.Glu308His	missense	-0.430689027	0.268661183	1.215216381	pathogenic moderate	FALSE	FALSE
E308Q	p.Glu308Gln	missense	NA	NA	NA	NA	NA	NA
E308*	p.Glu308*	nonsense	-0.512319774	0.289802368	NA	NA	FALSE	FALSE
L309S	p.Leu309Ser	missense	-0.396185804	0.120919438	1.091206143	pathogenic moderate	FALSE	FALSE
L309A	p.Leu309Ala	missense	-0.396633076	0.332165095	1.092520983	pathogenic moderate	FALSE	FALSE
L309V	p.Leu309Val	missense	1.106203536	0.032828323	-0.559357784	benign supporting	FALSE	FALSE
L309R	p.Leu309Arg	missense	0.025860635	0.090722436	0.543632361	pathogenic supporting	FALSE	FALSE
L309D	p.Leu309Asp	missense	0.921767367	0.049646819	-0.448241053	benign supporting	FALSE	FALSE
L309F	p.Leu309Phe	missense	1.499073337	0.030279668	NA	NA	FALSE	TRUE
L309T	p.Leu309Thr	missense	-0.128915023	0.175359977	0.590143492	pathogenic supporting	FALSE	FALSE
L309I	p.Leu309Ile	missense	0.308130548	0.1096866	0.491183929	pathogenic supporting	FALSE	FALSE
L309L	p.Leu309=	synonymous	1.145668033	0.396841185	NA	NA	FALSE	FALSE
L309K	p.Leu309Lys	missense	-0.598941318	0.599653053	4.802955453	pathogenic very strong	FALSE	FALSE
L309G	p.Leu309Gly	missense	-0.397185856	0.095054617	1.094154509	pathogenic moderate	FALSE	FALSE
L309Y	p.Leu309Tyr	missense	-0.042535216	0.059887744	0.553215475	pathogenic supporting	FALSE	FALSE
L309N	p.Leu309Asn	missense	-0.083527875	0.117311706	0.566318709	pathogenic supporting	FALSE	FALSE
L309C	p.Leu309Cys	missense	NA	NA	NA	NA	NA	NA
L309P	p.Leu309Pro	missense	-0.004770902	0.281286567	0.54616948	pathogenic supporting	FALSE	FALSE
L309E	p.Leu309Glu	missense	-0.511476162	0.2039283	2.608444796	pathogenic very strong	FALSE	FALSE
L309M	p.Leu309Met	missense	1.028759492	0.037474789	-0.526706739	benign supporting	FALSE	FALSE
L309W	p.Leu309Trp	missense	-0.055154899	0.094547105	0.556606857	pathogenic supporting	FALSE	FALSE
L309H	p.Leu309His	missense	-0.28921448	0.1087869	0.823915704	pathogenic moderate	FALSE	FALSE
L309Q	p.Leu309Gln	missense	-0.153815263	0.075427637	0.610068396	pathogenic supporting	FALSE	FALSE
L309*	p.Leu309*	nonsense	-0.95394042	0.121451656	NA	NA	FALSE	FALSE
F310S	p.Phe310Ser	missense	0.405923858	0.068736848	0.357831979	pathogenic supporting	FALSE	FALSE
F310A	p.Phe310Ala	missense	0.128338878	0.088060284	0.559890397	pathogenic supporting	FALSE	FALSE
F310V	p.Phe310Val	missense	0.459149581	0.073552471	NA	NA	TRUE	FALSE
F310R	p.Phe310Arg	missense	0.196462157	0.083823242	0.586189286	pathogenic supporting	FALSE	FALSE
F310D	p.Phe310Asp	missense	-0.214704561	0.096918497	0.677709897	pathogenic moderate	FALSE	FALSE
F310F	p.Phe310=	synonymous	NA	NA	NA	NA	NA	NA
F310T	p.Phe310Thr	missense	0.590526488	0.085174295	0.041235778	indeterminate	FALSE	FALSE
F310I	p.Phe310Ile	missense	0.730232639	0.100367438	-0.191684939	indeterminate	FALSE	FALSE
F310L	p.Phe310Leu	missense	1.495631235	0.09304413	NA	NA	FALSE	TRUE
F310K	p.Phe310Lys	missense	-0.031677302	0.105250692	0.550725091	pathogenic supporting	FALSE	FALSE
F310G	p.Phe310Gly	missense	0.210235236	0.048569832	0.584534004	pathogenic supporting	FALSE	FALSE
F310Y	p.Phe310Tyr	missense	0.788177709	0.040156073	-0.2780411	indeterminate	FALSE	FALSE
F310N	p.Phe310Asn	missense	0.224766502	0.094569351	0.577879043	pathogenic supporting	FALSE	FALSE
F310C	p.Phe310Cys	missense	NA	NA	NA	NA	NA	NA
F310P	p.Phe310Pro	missense	-0.211529865	0.113068003	0.673345645	pathogenic moderate	FALSE	FALSE
F310E	p.Phe310Glu	missense	NA	NA	NA	NA	NA	NA
F310M	p.Phe310Met	missense	1.338272719	0.027866768	-0.524498286	benign supporting	FALSE	FALSE
F310W	p.Phe310Trp	missense	1.008119851	0.063588382	-0.513827015	benign supporting	FALSE	FALSE
F310H	p.Phe310His	missense	0.619594827	0.055719326	-0.013223411	indeterminate	FALSE	FALSE
F310Q	p.Phe310Gln	missense	NA	NA	NA	NA	NA	NA
F310*	p.Phe310*	nonsense	0.068995922	0.047896244	NA	NA	FALSE	FALSE
D311S	p.Asp311Ser	missense	0.428435844	0.160861198	NA	NA	TRUE	FALSE
D311A	p.Asp311Ala	missense	1.613390557	0.064430391	NA	NA	FALSE	TRUE
D311V	p.Asp311Val	missense	1.215219128	0.828368639	NA	NA	TRUE	FALSE
D311R	p.Asp311Arg	missense	0.930744871	0.215014427	-0.456046278	benign supporting	FALSE	FALSE
D311D	p.Asp311=	synonymous	1.036385286	0.038077428	NA	NA	FALSE	FALSE
D311F	p.Asp311Phe	missense	1.476222729	0.113577777	NA	NA	FALSE	TRUE
D311T	p.Asp311Thr	missense	0.418048828	0.152134854	NA	NA	TRUE	FALSE
D311I	p.Asp311Ile	missense	1.335179261	0.16249728	-0.526213286	benign supporting	FALSE	FALSE
D311L	p.Asp311Leu	missense	1.459762334	0.064749485	NA	NA	FALSE	TRUE
D311K	p.Asp311Lys	missense	0.446162171	0.109979821	NA	NA	TRUE	FALSE
D311G	p.Asp311Gly	missense	0.688633446	0.099939677	-0.1286352	indeterminate	FALSE	FALSE
D311Y	p.Asp311Tyr	missense	1.969637631	0.028435231	NA	NA	FALSE	TRUE
D311N	p.Asp311Asn	missense	0.900218555	0.070920739	-0.426522397	benign supporting	FALSE	FALSE
D311C	p.Asp311Cys	missense	1.233732282	0.162770155	-0.564122203	benign supporting	FALSE	FALSE
D311P	p.Asp311Pro	missense	0.509900295	0.130035351	NA	NA	TRUE	FALSE
D311E	p.Asp311Glu	missense	0.842563908	0.079666653	-0.355638229	benign supporting	FALSE	FALSE
D311M	p.Asp311Met	missense	0.884828568	0.11036582	-0.408543524	benign supporting	FALSE	FALSE
D311W	p.Asp311Trp	missense	1.674055421	0.034119954	NA	NA	FALSE	TRUE
D311H	p.Asp311His	missense	0.308373323	0.720315578	NA	NA	TRUE	FALSE
D311Q	p.Asp311Gln	missense	0.364553021	0.085933816	0.416390793	pathogenic supporting	FALSE	FALSE
D311*	p.Asp311*	nonsense	0.435242441	0.129085605	NA	NA	TRUE	FALSE
K312S	p.Lys312Ser	missense	1.026449858	0.071362055	-0.525335818	benign supporting	FALSE	FALSE
K312A	p.Lys312Ala	missense	0.867970304	0.098093988	-0.387504531	benign supporting	FALSE	FALSE
K312V	p.Lys312Val	missense	0.884467849	0.099087475	-0.408107118	benign supporting	FALSE	FALSE
K312R	p.Lys312Arg	missense	0.598750623	0.225931287	NA	NA	TRUE	FALSE
K312D	p.Lys312Asp	missense	0.246383053	0.338258654	NA	NA	TRUE	FALSE
K312F	p.Lys312Phe	missense	1.079712601	0.042634943	-0.552718232	benign supporting	FALSE	FALSE
K312T	p.Lys312Thr	missense	1.393039181	0.055201973	-0.487937711	benign supporting	FALSE	FALSE
K312I	p.Lys312Ile	missense	1.481820681	0.113193687	NA	NA	FALSE	TRUE
K312L	p.Lys312Leu	missense	0.940635359	0.105484012	-0.464236432	benign supporting	FALSE	FALSE
K312K	p.Lys312=	synonymous	0.900884925	0.059307255	NA	NA	FALSE	FALSE
K312G	p.Lys312Gly	missense	-0.124674613	0.15861466	0.587102661	pathogenic supporting	FALSE	FALSE
K312Y	p.Lys312Tyr	missense	1.43847804	0.035235856	-0.445668466	benign supporting	FALSE	FALSE
K312N	p.Lys312Asn	missense	1.226028023	0.091149936	-0.564927437	benign supporting	FALSE	FALSE
K312C	p.Lys312Cys	missense	0.942795364	0.074050338	-0.465970113	benign supporting	FALSE	FALSE
K312P	p.Lys312Pro	missense	0.609503917	0.185056826	NA	NA	TRUE	FALSE
K312E	p.Lys312Glu	missense	1.091514522	0.600371363	NA	NA	TRUE	FALSE
K312M	p.Lys312Met	missense	1.066493769	0.103615189	-0.54672586	benign supporting	FALSE	FALSE
K312W	p.Lys312Trp	missense	NA	NA	NA	NA	NA	NA
K312H	p.Lys312His	missense	0.899816042	0.054685506	-0.426067529	benign supporting	FALSE	FALSE
K312Q	p.Lys312Gln	missense	1.045402764	0.843807407	NA	NA	TRUE	FALSE
K312*	p.Lys312*	nonsense	1.009037229	0.388366478	NA	NA	FALSE	FALSE
V313S	p.Val313Ser	missense	-0.224201201	0.359375967	0.691450712	pathogenic moderate	FALSE	FALSE
V313A	p.Val313Ala	missense	0.824942944	0.075969664	-0.330196951	benign supporting	FALSE	FALSE
V313V	p.Val313=	synonymous	0.768924614	0.580317027	NA	NA	TRUE	FALSE
V313R	p.Val313Arg	missense	0.102019188	0.113735782	0.551084332	pathogenic supporting	FALSE	FALSE
V313D	p.Val313Asp	missense	-0.375910511	0.287618875	1.03738644	pathogenic moderate	FALSE	FALSE
V313F	p.Val313Phe	missense	0.986756237	0.043620387	-0.498933537	benign supporting	FALSE	FALSE
V313T	p.Val313Thr	missense	0.702959539	0.060929419	-0.151027556	indeterminate	FALSE	FALSE
V313I	p.Val313Ile	missense	1.088725387	0.036254178	-0.555609614	benign supporting	FALSE	FALSE
V313L	p.Val313Leu	missense	1.196426615	0.074605656	-0.568626008	benign supporting	FALSE	FALSE
V313K	p.Val313Lys	missense	0.335362812	0.277373713	NA	NA	TRUE	FALSE
V313G	p.Val313Gly	missense	0.215365304	0.075887021	0.584168066	pathogenic supporting	FALSE	FALSE
V313Y	p.Val313Tyr	missense	-0.283561904	0.097384993	0.808799731	pathogenic moderate	FALSE	FALSE
V313N	p.Val313Asn	missense	-0.985312246	0.178498655	4.485561502	pathogenic very strong	FALSE	FALSE
V313C	p.Val313Cys	missense	0.864296907	0.246676889	-0.383131016	benign supporting	FALSE	FALSE
V313P	p.Val313Pro	missense	0.151912319	0.106290498	0.569640571	pathogenic supporting	FALSE	FALSE
V313E	p.Val313Glu	missense	0.03454352	0.204537979	0.543406299	pathogenic supporting	FALSE	FALSE
V313M	p.Val313Met	missense	1.189980413	0.081283266	-0.568994283	benign supporting	FALSE	FALSE
V313W	p.Val313Trp	missense	0.153100331	0.179262208	0.570180819	pathogenic supporting	FALSE	FALSE
V313H	p.Val313His	missense	0.345520838	0.091753524	0.443947037	pathogenic supporting	FALSE	FALSE
V313Q	p.Val313Gln	missense	0.677443673	0.187212823	NA	NA	TRUE	FALSE
V313*	p.Val313*	nonsense	0.366712054	0.072256243	NA	NA	FALSE	FALSE
V314S	p.Val314Ser	missense	0.994611294	0.137339463	-0.504602289	benign supporting	FALSE	FALSE
V314A	p.Val314Ala	missense	NA	NA	NA	NA	NA	NA
V314V	p.Val314=	synonymous	0.763558697	0.378519888	NA	NA	TRUE	FALSE
V314R	p.Val314Arg	missense	0.775981684	0.081293373	-0.260671131	indeterminate	FALSE	FALSE
V314D	p.Val314Asp	missense	-0.727656005	0.126327723	4.721883097	pathogenic very strong	FALSE	FALSE
V314F	p.Val314Phe	missense	0.145077892	0.071350834	0.566625321	pathogenic supporting	FALSE	FALSE
V314T	p.Val314Thr	missense	1.028992076	0.235820811	-0.526843831	benign supporting	FALSE	FALSE
V314I	p.Val314Ile	missense	0.612415107	0.107337085	-0.000701759	indeterminate	FALSE	FALSE
V314L	p.Val314Leu	missense	1.359169829	0.075785553	-0.511402806	benign supporting	FALSE	FALSE
V314K	p.Val314Lys	missense	1.427693555	0.106199488	-0.456367836	benign supporting	FALSE	FALSE
V314G	p.Val314Gly	missense	0.698522864	0.107888716	-0.144279309	indeterminate	FALSE	FALSE
V314Y	p.Val314Tyr	missense	0.039992867	0.476431021	NA	NA	TRUE	FALSE
V314N	p.Val314Asn	missense	0.428177261	0.182112329	NA	NA	TRUE	FALSE
V314C	p.Val314Cys	missense	0.298819779	0.120958068	0.500714015	pathogenic supporting	FALSE	FALSE
V314P	p.Val314Pro	missense	-0.598292741	0.212544225	4.80327924	pathogenic very strong	FALSE	FALSE
V314E	p.Val314Glu	missense	0.354423004	0.140537483	0.433002344	pathogenic supporting	FALSE	FALSE
V314M	p.Val314Met	missense	0.617992469	0.087726166	-0.010476761	indeterminate	FALSE	FALSE
V314W	p.Val314Trp	missense	0.170635995	0.089424703	0.578727136	pathogenic supporting	FALSE	FALSE
V314H	p.Val314His	missense	0.786754427	0.049371097	-0.276064518	indeterminate	FALSE	FALSE
V314Q	p.Val314Gln	missense	0.388495931	0.175534875	NA	NA	TRUE	FALSE
V314*	p.Val314*	nonsense	1.156687552	0.099444282	NA	NA	FALSE	FALSE
G315S	p.Gly315Ser	missense	0.909347166	0.379297832	-0.436629373	benign supporting	FALSE	FALSE
G315A	p.Gly315Ala	missense	1.361727683	0.098469304	-0.509607412	benign supporting	FALSE	FALSE
G315V	p.Gly315Val	missense	0.915141134	0.114768765	-0.442242925	benign supporting	FALSE	FALSE
G315R	p.Gly315Arg	missense	1.38513343	0.329466785	-0.493791386	benign supporting	FALSE	FALSE
G315D	p.Gly315Asp	missense	0.89673213	0.073340863	-0.422555902	benign supporting	FALSE	FALSE
G315F	p.Gly315Phe	missense	1.358479434	0.816600094	-0.511879848	benign supporting	FALSE	FALSE
G315T	p.Gly315Thr	missense	1.423084598	0.116202036	-0.461188038	benign supporting	FALSE	FALSE
G315I	p.Gly315Ile	missense	0.542020299	0.766860638	NA	NA	TRUE	FALSE
G315L	p.Gly315Leu	missense	0.681879675	0.207084462	NA	NA	TRUE	FALSE
G315K	p.Gly315Lys	missense	NA	NA	NA	NA	NA	NA
G315G	p.Gly315=	synonymous	1.634177244	0.102681263	NA	NA	FALSE	TRUE
G315Y	p.Gly315Tyr	missense	1.05561832	0.108229434	-0.541405429	benign supporting	FALSE	FALSE
G315N	p.Gly315Asn	missense	0.660754457	0.143962647	-0.080796625	indeterminate	FALSE	FALSE
G315C	p.Gly315Cys	missense	0.993494419	0.16695375	-0.503810208	benign supporting	FALSE	FALSE
G315P	p.Gly315Pro	missense	0.198428229	0.144117932	0.585892113	pathogenic supporting	FALSE	FALSE
G315E	p.Gly315Glu	missense	1.605176081	0.046411196	NA	NA	FALSE	TRUE
G315M	p.Gly315Met	missense	NA	NA	NA	NA	NA	NA
G315W	p.Gly315Trp	missense	1.593073403	0.050456883	NA	NA	FALSE	TRUE
G315H	p.Gly315His	missense	0.985426898	0.933831777	NA	NA	TRUE	FALSE
G315Q	p.Gly315Gln	missense	1.151473179	0.047339105	-0.564977516	benign supporting	FALSE	FALSE
G315*	p.Gly315*	nonsense	-0.412543259	0.182044899	NA	NA	FALSE	FALSE
N316S	p.Asn316Ser	missense	0.921021815	0.083772699	-0.447576409	benign supporting	FALSE	FALSE
N316A	p.Asn316Ala	missense	0.843857255	0.188785795	-0.357356712	benign supporting	FALSE	FALSE
N316V	p.Asn316Val	missense	0.844218829	0.060512536	-0.357835175	benign supporting	FALSE	FALSE
N316R	p.Asn316Arg	missense	0.296969411	0.224511352	NA	NA	TRUE	FALSE
N316D	p.Asn316Asp	missense	1.230873556	0.082434096	-0.564447583	benign supporting	FALSE	FALSE
N316F	p.Asn316Phe	missense	1.075013364	0.044460479	-0.550647061	benign supporting	FALSE	FALSE
N316T	p.Asn316Thr	missense	0.885243204	0.091993337	-0.40904428	benign supporting	FALSE	FALSE
N316I	p.Asn316Ile	missense	1.03840614	0.076901517	-0.532246792	benign supporting	FALSE	FALSE
N316L	p.Asn316Leu	missense	0.87249825	0.154081992	-0.393208571	benign supporting	FALSE	FALSE
N316K	p.Asn316Lys	missense	NA	NA	NA	NA	NA	NA
N316G	p.Asn316Gly	missense	0.921071019	0.058647882	-0.447620352	benign supporting	FALSE	FALSE
N316Y	p.Asn316Tyr	missense	1.687486991	0.050157631	NA	NA	FALSE	TRUE
N316N	p.Asn316=	synonymous	0.871887065	1.486578787	NA	NA	TRUE	FALSE
N316C	p.Asn316Cys	missense	NA	NA	NA	NA	NA	NA
N316P	p.Asn316Pro	missense	0.451569063	0.746761908	NA	NA	TRUE	FALSE
N316E	p.Asn316Glu	missense	0.600537742	0.436557835	NA	NA	TRUE	FALSE
N316M	p.Asn316Met	missense	1.20650352	0.039564762	-0.567531922	benign supporting	FALSE	FALSE
N316W	p.Asn316Trp	missense	1.482006992	0.053730696	NA	NA	FALSE	TRUE
N316H	p.Asn316His	missense	1.651494849	0.070550629	NA	NA	FALSE	TRUE
N316Q	p.Asn316Gln	missense	0.900100344	0.07983778	-0.426388893	benign supporting	FALSE	FALSE
N316*	p.Asn316*	nonsense	0.093118594	0.090955774	NA	NA	FALSE	FALSE
K317S	p.Lys317Ser	missense	0.854786501	0.18012685	-0.371452119	benign supporting	FALSE	FALSE
K317A	p.Lys317Ala	missense	0.882213429	0.104192746	-0.405363398	benign supporting	FALSE	FALSE
K317V	p.Lys317Val	missense	0.92323088	0.237091134	-0.449538307	benign supporting	FALSE	FALSE
K317R	p.Lys317Arg	missense	0.801975866	0.126831074	-0.29814821	indeterminate	FALSE	FALSE
K317D	p.Lys317Asp	missense	1.100869205	0.05518107	-0.558325064	benign supporting	FALSE	FALSE
K317F	p.Lys317Phe	missense	1.041240052	0.032712417	-0.533818073	benign supporting	FALSE	FALSE
K317T	p.Lys317Thr	missense	1.361174152	0.098253384	-0.509999707	benign supporting	FALSE	FALSE
K317I	p.Lys317Ile	missense	0.979046642	0.960876752	NA	NA	TRUE	FALSE
K317L	p.Lys317Leu	missense	0.89578663	0.122982293	-0.421469747	benign supporting	FALSE	FALSE
K317K	p.Lys317=	synonymous	1.160721311	0.070834967	NA	NA	FALSE	FALSE
K317G	p.Lys317Gly	missense	1.064027033	0.147738811	-0.545550246	benign supporting	FALSE	FALSE
K317Y	p.Lys317Tyr	missense	0.79038779	0.048201798	-0.281084961	indeterminate	FALSE	FALSE
K317N	p.Lys317Asn	missense	1.50252758	0.0721911	NA	NA	FALSE	TRUE
K317C	p.Lys317Cys	missense	0.904285357	0.091665805	-0.431073995	benign supporting	FALSE	FALSE
K317P	p.Lys317Pro	missense	1.006551134	0.094461196	-0.512788907	benign supporting	FALSE	FALSE
K317E	p.Lys317Glu	missense	1.078615518	0.413860783	-0.552240501	benign supporting	FALSE	FALSE
K317M	p.Lys317Met	missense	1.044971931	0.097083259	-0.535848825	benign supporting	FALSE	FALSE
K317W	p.Lys317Trp	missense	0.796500601	0.056394387	-0.29015548	indeterminate	FALSE	FALSE
K317H	p.Lys317His	missense	0.635655814	0.054457944	-0.039344586	indeterminate	FALSE	FALSE
K317Q	p.Lys317Gln	missense	1.340976847	0.154386484	-0.522953865	benign supporting	FALSE	FALSE
K317*	p.Lys317*	nonsense	0.284587735	0.242956444	NA	NA	TRUE	FALSE
R318S	p.Arg318Ser	missense	1.467893122	0.072545084	NA	NA	FALSE	TRUE
R318A	p.Arg318Ala	missense	1.517781101	0.292415887	NA	NA	FALSE	TRUE
R318V	p.Arg318Val	missense	1.685361679	0.120942599	NA	NA	FALSE	TRUE
R318R	p.Arg318=	synonymous	0.922094884	0.054027696	NA	NA	FALSE	FALSE
R318D	p.Arg318Asp	missense	1.493307651	0.108014019	NA	NA	FALSE	TRUE
R318F	p.Arg318Phe	missense	1.338397598	0.1794072	-0.5244279	benign supporting	FALSE	FALSE
R318T	p.Arg318Thr	missense	1.58186479	0.093302654	NA	NA	FALSE	TRUE
R318I	p.Arg318Ile	missense	1.359805487	0.095974285	-0.510960759	benign supporting	FALSE	FALSE
R318L	p.Arg318Leu	missense	1.584554451	0.044292578	NA	NA	FALSE	TRUE
R318K	p.Arg318Lys	missense	0.863004593	0.080734002	-0.381574554	benign supporting	FALSE	FALSE
R318G	p.Arg318Gly	missense	1.79770546	0.062373594	NA	NA	FALSE	TRUE
R318Y	p.Arg318Tyr	missense	1.400340011	0.03854067	-0.48212231	benign supporting	FALSE	FALSE
R318N	p.Arg318Asn	missense	2.121361065	0.034846675	NA	NA	FALSE	TRUE
R318C	p.Arg318Cys	missense	1.60528708	0.046310918	NA	NA	FALSE	TRUE
R318P	p.Arg318Pro	missense	1.077579135	0.136888243	-0.551785958	benign supporting	FALSE	FALSE
R318E	p.Arg318Glu	missense	1.776214912	0.067320351	NA	NA	FALSE	TRUE
R318M	p.Arg318Met	missense	1.07468303	0.044603389	-0.550499023	benign supporting	FALSE	FALSE
R318W	p.Arg318Trp	missense	1.776367238	0.029857868	NA	NA	FALSE	TRUE
R318H	p.Arg318His	missense	1.528217654	0.063424839	NA	NA	FALSE	TRUE
R318Q	p.Arg318Gln	missense	1.072400066	0.046324704	-0.549467125	benign supporting	FALSE	FALSE
R318*	p.Arg318*	nonsense	-0.830107672	0.228851928	NA	NA	FALSE	FALSE
L319S	p.Leu319Ser	missense	0.632217897	0.120584606	-0.033959158	indeterminate	FALSE	FALSE
L319A	p.Leu319Ala	missense	1.190612591	0.538472212	-0.569066271	benign supporting	FALSE	FALSE
L319V	p.Leu319Val	missense	0.676326637	0.042945793	-0.107148383	indeterminate	FALSE	FALSE
L319R	p.Leu319Arg	missense	0.48468637	0.437008968	NA	NA	TRUE	FALSE
L319D	p.Leu319Asp	missense	0.394028621	0.152315452	NA	NA	TRUE	FALSE
L319F	p.Leu319Phe	missense	0.862598656	0.058890598	-0.381083702	benign supporting	FALSE	FALSE
L319T	p.Leu319Thr	missense	0.703917977	0.11064919	-0.15246439	indeterminate	FALSE	FALSE
L319I	p.Leu319Ile	missense	0.448370477	0.26441513	NA	NA	TRUE	FALSE
L319L	p.Leu319=	synonymous	1.296712148	0.040198624	NA	NA	FALSE	FALSE
L319K	p.Leu319Lys	missense	0.127933365	0.091246084	0.559738425	pathogenic supporting	FALSE	FALSE
L319G	p.Leu319Gly	missense	1.187304012	0.124489678	-0.568675223	benign supporting	FALSE	FALSE
L319Y	p.Leu319Tyr	missense	-0.34478894	0.13609169	0.971930921	pathogenic moderate	FALSE	FALSE
L319N	p.Leu319Asn	missense	0.8796377	0.075453078	-0.40219385	benign supporting	FALSE	FALSE
L319C	p.Leu319Cys	missense	0.715081582	0.070571168	-0.168677805	indeterminate	FALSE	FALSE
L319P	p.Leu319Pro	missense	0.770246469	0.1056091	-0.252147563	indeterminate	FALSE	FALSE
L319E	p.Leu319Glu	missense	0.970559524	0.04271506	-0.486607221	benign supporting	FALSE	FALSE
L319M	p.Leu319Met	missense	NA	NA	NA	NA	NA	NA
L319W	p.Leu319Trp	missense	1.428917986	0.082856896	-0.455051416	benign supporting	FALSE	FALSE
L319H	p.Leu319His	missense	0.724687152	0.094972866	-0.18317899	indeterminate	FALSE	FALSE
L319Q	p.Leu319Gln	missense	0.969860705	0.053020863	-0.486123675	benign supporting	FALSE	FALSE
L319*	p.Leu319*	nonsense	NA	NA	NA	NA	NA	NA
K320S	p.Lys320Ser	missense	0.8689496	0.091323667	-0.388657986	benign supporting	FALSE	FALSE
K320A	p.Lys320Ala	missense	1.125051922	0.188107321	-0.562214433	benign supporting	FALSE	FALSE
K320V	p.Lys320Val	missense	0.205906802	0.231248053	0.584947715	pathogenic supporting	FALSE	FALSE
K320R	p.Lys320Arg	missense	0.842971083	0.227476075	-0.356180434	benign supporting	FALSE	FALSE
K320D	p.Lys320Asp	missense	0.491014867	0.073372225	NA	NA	TRUE	FALSE
K320F	p.Lys320Phe	missense	1.146938065	0.033227268	-0.564339196	benign supporting	FALSE	FALSE
K320T	p.Lys320Thr	missense	1.33859911	0.12821537	-0.524314131	benign supporting	FALSE	FALSE
K320I	p.Lys320Ile	missense	1.352025347	0.418083144	-0.516187798	benign supporting	FALSE	FALSE
K320L	p.Lys320Leu	missense	1.085814141	0.296476879	-0.554883693	benign supporting	FALSE	FALSE
K320K	p.Lys320=	synonymous	1.030717539	0.123722241	NA	NA	FALSE	FALSE
K320G	p.Lys320Gly	missense	0.648162054	0.391834547	NA	NA	TRUE	FALSE
K320Y	p.Lys320Tyr	missense	1.145022519	0.057138005	-0.564049006	benign supporting	FALSE	FALSE
K320N	p.Lys320Asn	missense	0.921823097	0.117029499	-0.448290631	benign supporting	FALSE	FALSE
K320C	p.Lys320Cys	missense	0.68608348	0.141122514	-0.124459292	indeterminate	FALSE	FALSE
K320P	p.Lys320Pro	missense	0.929263836	0.127849277	-0.454783449	benign supporting	FALSE	FALSE
K320E	p.Lys320Glu	missense	1.532985867	0.17242562	NA	NA	FALSE	TRUE
K320M	p.Lys320Met	missense	0.757417822	0.079845923	-0.233551808	indeterminate	FALSE	FALSE
K320W	p.Lys320Trp	missense	0.935420632	0.07057462	-0.459970352	benign supporting	FALSE	FALSE
K320H	p.Lys320His	missense	1.189412789	0.075997231	-0.568928545	benign supporting	FALSE	FALSE
K320Q	p.Lys320Gln	missense	1.194164237	0.423303922	-0.568817238	benign supporting	FALSE	FALSE
K320*	p.Lys320*	nonsense	0.741400479	0.776128426	NA	NA	TRUE	FALSE
E321S	p.Glu321Ser	missense	0.854969275	0.149848022	-0.371681566	benign supporting	FALSE	FALSE
E321A	p.Glu321Ala	missense	1.00630978	0.089878765	-0.512628428	benign supporting	FALSE	FALSE
E321V	p.Glu321Val	missense	0.90393971	0.160450488	-0.430690239	benign supporting	FALSE	FALSE
E321R	p.Glu321Arg	missense	1.533312231	0.182132149	NA	NA	FALSE	TRUE
E321D	p.Glu321Asp	missense	1.192428414	0.268301335	-0.56895065	benign supporting	FALSE	FALSE
E321F	p.Glu321Phe	missense	0.221542607	0.072906229	0.581035634	pathogenic supporting	FALSE	FALSE
E321T	p.Glu321Thr	missense	0.914492019	0.179939196	-0.441644177	benign supporting	FALSE	FALSE
E321I	p.Glu321Ile	missense	0.854078583	0.095645159	-0.370561529	benign supporting	FALSE	FALSE
E321L	p.Glu321Leu	missense	0.509902147	0.338106673	NA	NA	TRUE	FALSE
E321K	p.Glu321Lys	missense	1.118300899	0.097377792	-0.561334342	benign supporting	FALSE	FALSE
E321G	p.Glu321Gly	missense	0.883499229	0.372626943	-0.406931716	benign supporting	FALSE	FALSE
E321Y	p.Glu321Tyr	missense	0.975579644	0.196217311	-0.490463696	benign supporting	FALSE	FALSE
E321N	p.Glu321Asn	missense	1.387789518	0.032023399	-0.491874426	benign supporting	FALSE	FALSE
E321C	p.Glu321Cys	missense	0.424108213	0.050984989	0.330383128	pathogenic supporting	FALSE	FALSE
E321P	p.Glu321Pro	missense	1.42538482	0.088424261	-0.458808743	benign supporting	FALSE	FALSE
E321E	p.Glu321=	synonymous	0.659430784	0.100112595	NA	NA	FALSE	FALSE
E321M	p.Glu321Met	missense	1.439098373	0.033159989	-0.44505474	benign supporting	FALSE	FALSE
E321W	p.Glu321Trp	missense	0.846460256	0.112244104	-0.36078226	benign supporting	FALSE	FALSE
E321H	p.Glu321His	missense	0.231796865	0.085029632	0.571353042	pathogenic supporting	FALSE	FALSE
E321Q	p.Glu321Gln	missense	1.075241925	0.195797047	-0.550749301	benign supporting	FALSE	FALSE
E321*	p.Glu321*	nonsense	0.440309064	0.244521404	NA	NA	TRUE	FALSE
A322S	p.Ala322Ser	missense	1.029541432	0.047821251	-0.527166944	benign supporting	FALSE	FALSE
A322A	p.Ala322=	synonymous	1.313962555	0.366893655	NA	NA	FALSE	FALSE
A322V	p.Ala322Val	missense	1.125740685	0.051295257	-0.56229515	benign supporting	FALSE	FALSE
A322R	p.Ala322Arg	missense	0.996300748	0.113557514	-0.505791777	benign supporting	FALSE	FALSE
A322D	p.Ala322Asp	missense	0.956413372	0.042940946	-0.47646511	benign supporting	FALSE	FALSE
A322F	p.Ala322Phe	missense	0.722072078	0.053767439	-0.179179709	indeterminate	FALSE	FALSE
A322T	p.Ala322Thr	missense	0.824529559	0.12475252	-0.329600858	benign supporting	FALSE	FALSE
A322I	p.Ala322Ile	missense	0.411151609	0.560105733	NA	NA	TRUE	FALSE
A322L	p.Ala322Leu	missense	1.35093206	0.125678835	-0.516890954	benign supporting	FALSE	FALSE
A322K	p.Ala322Lys	missense	0.7783812	0.051547579	-0.264167897	indeterminate	FALSE	FALSE
A322G	p.Ala322Gly	missense	1.094449256	0.094720161	-0.556952436	benign supporting	FALSE	FALSE
A322Y	p.Ala322Tyr	missense	-0.183297292	0.147270331	0.638945543	pathogenic moderate	FALSE	FALSE
A322N	p.Ala322Asn	missense	1.423474708	0.043694703	-0.460788163	benign supporting	FALSE	FALSE
A322C	p.Ala322Cys	missense	2.092840302	0.058449803	NA	NA	FALSE	TRUE
A322P	p.Ala322Pro	missense	0.950665771	0.146144292	-0.472125775	benign supporting	FALSE	FALSE
A322E	p.Ala322Glu	missense	0.624829687	0.083591798	-0.022012568	indeterminate	FALSE	FALSE
A322M	p.Ala322Met	missense	0.753257419	0.057725908	-0.227513473	indeterminate	FALSE	FALSE
A322W	p.Ala322Trp	missense	1.188011207	0.036270141	-0.568761772	benign supporting	FALSE	FALSE
A322H	p.Ala322His	missense	1.197873245	0.136335846	-0.568493377	benign supporting	FALSE	FALSE
A322Q	p.Ala322Gln	missense	0.866935905	0.057327768	-0.386280502	benign supporting	FALSE	FALSE
A322*	p.Ala322*	nonsense	0.309402074	0.083524737	NA	NA	FALSE	FALSE
T323S	p.Thr323Ser	missense	0.648916038	0.145186474	-0.061666354	indeterminate	FALSE	FALSE
T323A	p.Thr323Ala	missense	1.099212734	0.107077992	-0.55798444	benign supporting	FALSE	FALSE
T323V	p.Thr323Val	missense	0.993997376	0.071268218	-0.504167467	benign supporting	FALSE	FALSE
T323R	p.Thr323Arg	missense	1.301816789	0.093663088	-0.543205384	benign supporting	FALSE	FALSE
T323D	p.Thr323Asp	missense	1.080042193	0.261897975	-0.552861065	benign supporting	FALSE	FALSE
T323F	p.Thr323Phe	missense	-1.019427394	1.00476802	4.456135895	pathogenic very strong	FALSE	FALSE
T323T	p.Thr323=	synonymous	1.095613712	0.074800252	NA	NA	FALSE	FALSE
T323I	p.Thr323Ile	missense	1.316723193	0.058711595	-0.535354779	benign supporting	FALSE	FALSE
T323L	p.Thr323Leu	missense	1.529906373	0.119669212	NA	NA	FALSE	TRUE
T323K	p.Thr323Lys	missense	1.456516588	0.04824055	NA	NA	FALSE	FALSE
T323G	p.Thr323Gly	missense	1.051402802	0.106535841	-0.539246865	benign supporting	FALSE	FALSE
T323Y	p.Thr323Tyr	missense	1.251983235	0.10757768	-0.561278636	benign supporting	FALSE	FALSE
T323N	p.Thr323Asn	missense	0.871305338	0.271588294	-0.391677791	benign supporting	FALSE	FALSE
T323C	p.Thr323Cys	missense	-0.440196345	0.181642369	1.260323793	pathogenic moderate	FALSE	FALSE
T323P	p.Thr323Pro	missense	1.255136015	0.253749781	-0.560648364	benign supporting	FALSE	FALSE
T323E	p.Thr323Glu	missense	0.784504791	0.062568879	-0.27291378	indeterminate	FALSE	FALSE
T323M	p.Thr323Met	missense	NA	NA	NA	NA	NA	NA
T323W	p.Thr323Trp	missense	1.153455498	0.089525437	-0.565234899	benign supporting	FALSE	FALSE
T323H	p.Thr323His	missense	1.352993106	0.107965294	-0.515559036	benign supporting	FALSE	FALSE
T323Q	p.Thr323Gln	missense	1.210936073	0.339000873	-0.566922778	benign supporting	FALSE	FALSE
T323*	p.Thr323*	nonsense	-0.192016003	0.142168063	NA	NA	FALSE	FALSE
C324S	p.Cys324Ser	missense	0.981147556	0.118862593	-0.494743658	benign supporting	FALSE	FALSE
C324A	p.Cys324Ala	missense	0.566837288	0.502336001	NA	NA	TRUE	FALSE
C324V	p.Cys324Val	missense	0.644648276	0.561103019	NA	NA	TRUE	FALSE
C324R	p.Cys324Arg	missense	0.221778929	0.739451478	NA	NA	TRUE	FALSE
C324D	p.Cys324Asp	missense	-0.431497352	0.284602784	1.218816129	pathogenic moderate	FALSE	FALSE
C324F	p.Cys324Phe	missense	1.176013903	0.59973801	-0.56721633	benign supporting	FALSE	FALSE
C324T	p.Cys324Thr	missense	0.453529078	0.11143969	NA	NA	TRUE	FALSE
C324I	p.Cys324Ile	missense	1.222462326	0.065962184	-0.565223784	benign supporting	FALSE	FALSE
C324L	p.Cys324Leu	missense	0.851243922	0.369250744	NA	NA	TRUE	FALSE
C324K	p.Cys324Lys	missense	-1.100710132	0.764756339	4.369628356	pathogenic very strong	FALSE	FALSE
C324G	p.Cys324Gly	missense	1.049999937	0.137361554	-0.53851647	benign supporting	FALSE	FALSE
C324Y	p.Cys324Tyr	missense	1.009211687	0.63140026	NA	NA	TRUE	FALSE
C324N	p.Cys324Asn	missense	0.155173871	0.254033071	0.571135327	pathogenic supporting	FALSE	FALSE
C324C	p.Cys324=	synonymous	1.467411354	0.045462594	NA	NA	FALSE	TRUE
C324P	p.Cys324Pro	missense	0.325540159	0.841044882	NA	NA	TRUE	FALSE
C324E	p.Cys324Glu	missense	-0.503628812	0.517825846	2.048518086	pathogenic strong	FALSE	FALSE
C324M	p.Cys324Met	missense	0.689335865	0.192094833	NA	NA	TRUE	FALSE
C324W	p.Cys324Trp	missense	NA	NA	NA	NA	NA	NA
C324H	p.Cys324His	missense	0.655510423	0.120106782	-0.072464961	indeterminate	FALSE	FALSE
C324Q	p.Cys324Gln	missense	NA	NA	NA	NA	NA	NA
C324*	p.Cys324*	nonsense	-0.17397195	0.271862651	NA	NA	FALSE	FALSE
K325S	p.Lys325Ser	missense	1.706765753	0.063817934	NA	NA	FALSE	TRUE
K325A	p.Lys325Ala	missense	1.538694041	0.178819083	NA	NA	FALSE	TRUE
K325V	p.Lys325Val	missense	0.875398806	0.139080105	-0.396895082	benign supporting	FALSE	FALSE
K325R	p.Lys325Arg	missense	0.805358329	0.167650262	-0.302986617	indeterminate	FALSE	FALSE
K325D	p.Lys325Asp	missense	0.818877945	0.26962121	-0.321615034	benign supporting	FALSE	FALSE
K325F	p.Lys325Phe	missense	0.120620608	0.216877096	0.557086665	pathogenic supporting	FALSE	FALSE
K325T	p.Lys325Thr	missense	1.043692436	0.145717316	-0.535157468	benign supporting	FALSE	FALSE
K325I	p.Lys325Ile	missense	NA	NA	NA	NA	NA	NA
K325L	p.Lys325Leu	missense	0.01538824	0.432829809	0.54419211	pathogenic supporting	FALSE	FALSE
K325K	p.Lys325=	synonymous	1.034439915	0.073295781	NA	NA	FALSE	FALSE
K325G	p.Lys325Gly	missense	1.118706725	0.057893871	-0.561391788	benign supporting	FALSE	FALSE
K325Y	p.Lys325Tyr	missense	NA	NA	NA	NA	NA	NA
K325N	p.Lys325Asn	missense	0.97818303	0.185011324	-0.492480019	benign supporting	FALSE	FALSE
K325C	p.Lys325Cys	missense	NA	NA	NA	NA	NA	NA
K325P	p.Lys325Pro	missense	-0.298771002	0.186764239	0.851713378	pathogenic moderate	FALSE	FALSE
K325E	p.Lys325Glu	missense	0.968114972	0.467241532	-0.484907913	benign supporting	FALSE	FALSE
K325M	p.Lys325Met	missense	1.731024248	0.122788856	NA	NA	FALSE	TRUE
K325W	p.Lys325Trp	missense	0.658300052	0.136950818	-0.076924461	indeterminate	FALSE	FALSE
K325H	p.Lys325His	missense	0.726344341	0.292848135	NA	NA	TRUE	FALSE
K325Q	p.Lys325Gln	missense	1.881127517	0.07624853	NA	NA	FALSE	TRUE
K325*	p.Lys325*	nonsense	0.225414173	1.621606714	NA	NA	TRUE	FALSE
L326S	p.Leu326Ser	missense	0.75021129	0.223068182	-0.22301284	indeterminate	FALSE	FALSE
L326A	p.Leu326Ala	missense	1.018887152	0.165280431	-0.520724203	benign supporting	FALSE	FALSE
L326V	p.Leu326Val	missense	0.895099165	0.101367312	-0.420677174	benign supporting	FALSE	FALSE
L326R	p.Leu326Arg	missense	0.189034725	0.467203228	NA	NA	TRUE	FALSE
L326D	p.Leu326Asp	missense	0.556714105	0.246033154	NA	NA	TRUE	FALSE
L326F	p.Leu326Phe	missense	1.119611347	0.143993151	-0.561517756	benign supporting	FALSE	FALSE
L326T	p.Leu326Thr	missense	0.25466661	0.339490916	NA	NA	TRUE	FALSE
L326I	p.Leu326Ile	missense	1.132217607	0.24911103	-0.562971276	benign supporting	FALSE	FALSE
L326L	p.Leu326=	synonymous	0.612700552	0.097641346	NA	NA	FALSE	FALSE
L326K	p.Leu326Lys	missense	1.321749028	0.146723332	-0.533044214	benign supporting	FALSE	FALSE
L326G	p.Leu326Gly	missense	0.525139528	0.137633686	NA	NA	TRUE	FALSE
L326Y	p.Leu326Tyr	missense	0.700115381	0.131130937	-0.146720127	indeterminate	FALSE	FALSE
L326N	p.Leu326Asn	missense	1.221801368	0.859802563	NA	NA	TRUE	FALSE
L326C	p.Leu326Cys	missense	1.08141359	0.415223753	-0.553451961	benign supporting	FALSE	FALSE
L326P	p.Leu326Pro	missense	0.771842884	0.368590326	NA	NA	TRUE	FALSE
L326E	p.Leu326Glu	missense	1.691031072	0.042609109	NA	NA	FALSE	TRUE
L326M	p.Leu326Met	missense	1.450170565	0.049841201	-0.433843926	benign supporting	FALSE	FALSE
L326W	p.Leu326Trp	missense	1.196323188	0.547662805	-0.56863518	benign supporting	FALSE	FALSE
L326H	p.Leu326His	missense	1.390524951	0.35796847	-0.489847999	benign supporting	FALSE	FALSE
L326Q	p.Leu326Gln	missense	0.978018664	0.071442818	-0.492353507	benign supporting	FALSE	FALSE
L326*	p.Leu326*	nonsense	-0.607950885	0.191917505	NA	NA	FALSE	FALSE
Y327S	p.Tyr327Ser	missense	0.723174129	0.106909328	-0.180871807	indeterminate	FALSE	FALSE
Y327A	p.Tyr327Ala	missense	0.60816033	0.175043725	NA	NA	TRUE	FALSE
Y327V	p.Tyr327Val	missense	0.919362206	0.149581435	-0.446087658	benign supporting	FALSE	FALSE
Y327R	p.Tyr327Arg	missense	0.277840855	0.152891734	0.525593918	pathogenic supporting	FALSE	FALSE
Y327D	p.Tyr327Asp	missense	0.236389906	0.085874818	0.567344159	pathogenic supporting	FALSE	FALSE
Y327F	p.Tyr327Phe	missense	1.480315017	0.056502992	NA	NA	FALSE	TRUE
Y327T	p.Tyr327Thr	missense	1.190196992	0.056842883	-0.569019091	benign supporting	FALSE	FALSE
Y327I	p.Tyr327Ile	missense	0.759586644	0.075903564	-0.236651201	indeterminate	FALSE	FALSE
Y327L	p.Tyr327Leu	missense	1.092892132	0.403648679	-0.556598227	benign supporting	FALSE	FALSE
Y327K	p.Tyr327Lys	missense	0.440134618	0.107284016	NA	NA	TRUE	FALSE
Y327G	p.Tyr327Gly	missense	-0.53310259	0.129608949	4.832326765	pathogenic very strong	FALSE	FALSE
Y327Y	p.Tyr327=	synonymous	NA	NA	NA	NA	NA	NA
Y327N	p.Tyr327Asn	missense	1.103583629	1.57837245	NA	NA	TRUE	FALSE
Y327C	p.Tyr327Cys	missense	1.190323342	0.095357129	-0.569033494	benign supporting	FALSE	FALSE
Y327P	p.Tyr327Pro	missense	-1.120827587	0.629673992	4.343318698	pathogenic very strong	FALSE	FALSE
Y327E	p.Tyr327Glu	missense	0.083921112	0.106788837	0.546238318	pathogenic supporting	FALSE	FALSE
Y327M	p.Tyr327Met	missense	1.76822699	0.08788001	NA	NA	FALSE	TRUE
Y327W	p.Tyr327Trp	missense	1.286842602	0.074230681	-0.550120358	benign supporting	FALSE	FALSE
Y327H	p.Tyr327His	missense	1.490604026	0.039238868	NA	NA	FALSE	TRUE
Y327Q	p.Tyr327Gln	missense	0.548427924	0.114995161	NA	NA	TRUE	FALSE
Y327*	p.Tyr327*	nonsense	0.609531437	0.641198352	NA	NA	TRUE	FALSE
F328S	p.Phe328Ser	missense	0.952163779	0.145752203	-0.473269249	benign supporting	FALSE	FALSE
F328A	p.Phe328Ala	missense	0.941177702	0.427898964	-0.464673552	benign supporting	FALSE	FALSE
F328V	p.Phe328Val	missense	1.019724167	0.149472184	-0.521243936	benign supporting	FALSE	FALSE
F328R	p.Phe328Arg	missense	0.239471749	0.562549804	NA	NA	TRUE	FALSE
F328D	p.Phe328Asp	missense	NA	NA	NA	NA	NA	NA
F328F	p.Phe328=	synonymous	NA	NA	NA	NA	NA	NA
F328T	p.Phe328Thr	missense	1.290944678	0.244854104	-0.5483398	benign supporting	FALSE	FALSE
F328I	p.Phe328Ile	missense	1.782524619	0.078166438	NA	NA	FALSE	TRUE
F328L	p.Phe328Leu	missense	1.052519671	0.730161669	NA	NA	TRUE	FALSE
F328K	p.Phe328Lys	missense	-0.352403466	0.547398652	0.986387394	pathogenic moderate	FALSE	FALSE
F328G	p.Phe328Gly	missense	0.593661113	0.116346307	NA	NA	TRUE	FALSE
F328Y	p.Phe328Tyr	missense	1.321868432	0.175993458	-0.532987735	benign supporting	FALSE	FALSE
F328N	p.Phe328Asn	missense	0.104742215	0.927017461	NA	NA	TRUE	FALSE
F328C	p.Phe328Cys	missense	1.330855333	0.039798063	-0.52851989	benign supporting	FALSE	FALSE
F328P	p.Phe328Pro	missense	-0.826932534	0.469322065	4.635723581	pathogenic very strong	FALSE	FALSE
F328E	p.Phe328Glu	missense	NA	NA	NA	NA	NA	NA
F328M	p.Phe328Met	missense	1.691753739	0.15100971	NA	NA	FALSE	TRUE
F328W	p.Phe328Trp	missense	1.542394045	0.091193768	NA	NA	FALSE	TRUE
F328H	p.Phe328His	missense	0.962832107	0.164665209	-0.481160177	benign supporting	FALSE	FALSE
F328Q	p.Phe328Gln	missense	1.121370299	0.132646629	-0.561754438	benign supporting	FALSE	FALSE
F328*	p.Phe328*	nonsense	-0.580019861	0.295047162	NA	NA	FALSE	FALSE
Y329S	p.Tyr329Ser	missense	0.649454673	0.333008806	NA	NA	TRUE	FALSE
Y329A	p.Tyr329Ala	missense	1.111768033	0.366044199	-0.560330231	benign supporting	FALSE	FALSE
Y329V	p.Tyr329Val	missense	1.366500211	0.300011693	-0.506137183	benign supporting	FALSE	FALSE
Y329R	p.Tyr329Arg	missense	1.03854893	0.604527009	NA	NA	TRUE	FALSE
Y329D	p.Tyr329Asp	missense	-0.591672439	0.158012592	4.806542809	pathogenic very strong	FALSE	FALSE
Y329F	p.Tyr329Phe	missense	0.918810991	0.096799484	-0.445590352	benign supporting	FALSE	FALSE
Y329T	p.Tyr329Thr	missense	1.312824243	0.160468313	-0.537360741	benign supporting	FALSE	FALSE
Y329I	p.Tyr329Ile	missense	2.335848942	0.076648643	NA	NA	FALSE	TRUE
Y329L	p.Tyr329Leu	missense	0.61457924	0.32112589	NA	NA	TRUE	FALSE
Y329K	p.Tyr329Lys	missense	1.008046877	0.09845419	-0.513778914	benign supporting	FALSE	FALSE
Y329G	p.Tyr329Gly	missense	0.676458661	0.424675552	NA	NA	TRUE	FALSE
Y329Y	p.Tyr329=	synonymous	0.876173457	0.061968385	NA	NA	FALSE	FALSE
Y329N	p.Tyr329Asn	missense	0.032250753	0.138406993	0.543445147	pathogenic supporting	FALSE	FALSE
Y329C	p.Tyr329Cys	missense	1.433999649	0.100189343	-0.449992262	benign supporting	FALSE	FALSE
Y329P	p.Tyr329Pro	missense	0.04054979	0.102654808	0.543375164	pathogenic supporting	FALSE	FALSE
Y329E	p.Tyr329Glu	missense	0.632898354	0.204981809	NA	NA	TRUE	FALSE
Y329M	p.Tyr329Met	missense	-0.077959778	0.16361182	0.56417318	pathogenic supporting	FALSE	FALSE
Y329W	p.Tyr329Trp	missense	0.880967674	0.084940839	-0.403835114	benign supporting	FALSE	FALSE
Y329H	p.Tyr329His	missense	1.094168072	0.631211404	NA	NA	TRUE	FALSE
Y329Q	p.Tyr329Gln	missense	1.586125828	0.205212506	NA	NA	FALSE	TRUE
Y329*	p.Tyr329*	nonsense	0.398085339	0.930949399	NA	NA	TRUE	FALSE
Q330S	p.Gln330Ser	missense	1.112323208	0.091416768	-0.560421355	benign supporting	FALSE	FALSE
Q330A	p.Gln330Ala	missense	0.841693768	0.251505222	-0.354475845	benign supporting	FALSE	FALSE
Q330V	p.Gln330Val	missense	-0.514244851	0.246827456	3.881878706	pathogenic very strong	FALSE	FALSE
Q330R	p.Gln330Arg	missense	0.500291758	0.506775196	NA	NA	TRUE	FALSE
Q330D	p.Gln330Asp	missense	-0.36917551	0.688507464	1.021682086	pathogenic moderate	FALSE	FALSE
Q330F	p.Gln330Phe	missense	-1.305052314	0.635332974	4.128771566	pathogenic very strong	FALSE	FALSE
Q330T	p.Gln330Thr	missense	0.443415842	0.206330083	NA	NA	TRUE	FALSE
Q330I	p.Gln330Ile	missense	-0.192048692	0.521428259	0.6488209	pathogenic moderate	FALSE	FALSE
Q330L	p.Gln330Leu	missense	-0.533158399	0.795164296	4.832304684	pathogenic very strong	FALSE	FALSE
Q330K	p.Gln330Lys	missense	0.400141911	0.174352474	NA	NA	TRUE	FALSE
Q330G	p.Gln330Gly	missense	0.514857841	0.503799379	NA	NA	TRUE	FALSE
Q330Y	p.Gln330Tyr	missense	NA	NA	NA	NA	NA	NA
Q330N	p.Gln330Asn	missense	1.15302495	0.123982782	-0.56518012	benign supporting	FALSE	FALSE
Q330C	p.Gln330Cys	missense	0.61086575	0.156037368	NA	NA	TRUE	FALSE
Q330P	p.Gln330Pro	missense	0.543500728	0.540163683	NA	NA	TRUE	FALSE
Q330E	p.Gln330Glu	missense	1.30809607	0.130757778	-0.539953729	benign supporting	FALSE	FALSE
Q330M	p.Gln330Met	missense	0.767119886	0.061369826	-0.247399124	indeterminate	FALSE	FALSE
Q330W	p.Gln330Trp	missense	-1.119148313	0.370823282	4.345606326	pathogenic very strong	FALSE	FALSE
Q330H	p.Gln330His	missense	0.488335412	0.06535036	NA	NA	TRUE	FALSE
Q330Q	p.Gln330=	synonymous	1.802752632	0.034353914	NA	NA	FALSE	TRUE
Q330*	p.Gln330*	nonsense	0.533053958	0.163724567	NA	NA	TRUE	FALSE
M331S	p.Met331Ser	missense	0.891686082	0.281589011	-0.416706457	benign supporting	FALSE	FALSE
M331A	p.Met331Ala	missense	2.03306528	0.074058181	NA	NA	FALSE	TRUE
M331V	p.Met331Val	missense	1.436504298	0.07352277	-0.447597023	benign supporting	FALSE	FALSE
M331R	p.Met331Arg	missense	-0.024794394	0.252078116	0.549344357	pathogenic supporting	FALSE	FALSE
M331D	p.Met331Asp	missense	-0.341631554	0.293201101	0.966192206	pathogenic moderate	FALSE	FALSE
M331F	p.Met331Phe	missense	0.156797646	0.416393002	NA	NA	TRUE	FALSE
M331T	p.Met331Thr	missense	0.38417191	0.941497751	NA	NA	TRUE	FALSE
M331I	p.Met331Ile	missense	1.816823766	0.366312915	NA	NA	FALSE	TRUE
M331L	p.Met331Leu	missense	0.91965471	0.320696537	-0.446350978	benign supporting	FALSE	FALSE
M331K	p.Met331Lys	missense	0.699255575	0.814745821	NA	NA	TRUE	FALSE
M331G	p.Met331Gly	missense	-0.524865288	0.133027164	4.835536808	pathogenic very strong	FALSE	FALSE
M331Y	p.Met331Tyr	missense	-0.231693353	0.591262848	0.703071532	pathogenic moderate	FALSE	FALSE
M331N	p.Met331Asn	missense	-0.323955093	1.121905249	NA	NA	TRUE	FALSE
M331C	p.Met331Cys	missense	1.190434612	0.17077978	-0.569046135	benign supporting	FALSE	FALSE
M331P	p.Met331Pro	missense	0.367732532	0.80396335	NA	NA	TRUE	FALSE
M331E	p.Met331Glu	missense	-0.406891391	0.326683307	1.124471545	pathogenic moderate	FALSE	FALSE
M331M	p.Met331=	synonymous	NA	NA	NA	NA	NA	NA
M331W	p.Met331Trp	missense	-0.652143416	0.727182392	4.773761689	pathogenic very strong	FALSE	FALSE
M331H	p.Met331His	missense	-0.234942703	0.180826988	0.708342147	pathogenic moderate	FALSE	FALSE
M331Q	p.Met331Gln	missense	0.078545901	0.648473727	NA	NA	TRUE	FALSE
M331*	p.Met331*	nonsense	-0.114911595	1.044465536	NA	NA	TRUE	FALSE
L332S	p.Leu332Ser	missense	NA	NA	NA	NA	NA	NA
L332A	p.Leu332Ala	missense	1.187028557	0.360677145	-0.568641077	benign supporting	FALSE	FALSE
L332V	p.Leu332Val	missense	1.146362699	0.096157677	-0.564253312	benign supporting	FALSE	FALSE
L332R	p.Leu332Arg	missense	1.665268483	0.102097311	NA	NA	FALSE	TRUE
L332D	p.Leu332Asp	missense	NA	NA	NA	NA	NA	NA
L332F	p.Leu332Phe	missense	0.785680168	0.06874102	-0.274564047	indeterminate	FALSE	FALSE
L332T	p.Leu332Thr	missense	NA	NA	NA	NA	NA	NA
L332I	p.Leu332Ile	missense	0.579715222	0.29570891	NA	NA	TRUE	FALSE
L332L	p.Leu332=	synonymous	0.516891687	0.272236272	NA	NA	TRUE	FALSE
L332K	p.Leu332Lys	missense	-0.828671198	0.865087948	4.634216637	pathogenic very strong	FALSE	FALSE
L332G	p.Leu332Gly	missense	1.653636389	0.260757757	NA	NA	FALSE	TRUE
L332Y	p.Leu332Tyr	missense	NA	NA	NA	NA	NA	NA
L332N	p.Leu332Asn	missense	NA	NA	NA	NA	NA	NA
L332C	p.Leu332Cys	missense	NA	NA	NA	NA	NA	NA
L332P	p.Leu332Pro	missense	-1.141440927	0.651719669	4.313739224	pathogenic very strong	FALSE	FALSE
L332E	p.Leu332Glu	missense	NA	NA	NA	NA	NA	NA
L332M	p.Leu332Met	missense	-0.573751317	1.12320318	NA	NA	TRUE	FALSE
L332W	p.Leu332Trp	missense	NA	NA	NA	NA	NA	NA
L332H	p.Leu332His	missense	NA	NA	NA	NA	NA	NA
L332Q	p.Leu332Gln	missense	0.562191972	0.117478582	NA	NA	TRUE	FALSE
L332*	p.Leu332*	nonsense	0.712640121	0.580894885	NA	NA	TRUE	FALSE
L333S	p.Leu333Ser	missense	0.858539948	0.326559747	-0.376124185	benign supporting	FALSE	FALSE
L333A	p.Leu333Ala	missense	0.100962629	0.174425025	0.550774797	pathogenic supporting	FALSE	FALSE
L333V	p.Leu333Val	missense	0.846475994	0.164575155	-0.360802838	benign supporting	FALSE	FALSE
L333R	p.Leu333Arg	missense	0.873373926	0.365180576	-0.394326809	benign supporting	FALSE	FALSE
L333D	p.Leu333Asp	missense	NA	NA	NA	NA	NA	NA
L333F	p.Leu333Phe	missense	1.384719147	0.084043912	-0.49408595	benign supporting	FALSE	FALSE
L333T	p.Leu333Thr	missense	NA	NA	NA	NA	NA	NA
L333I	p.Leu333Ile	missense	1.025437661	0.07706548	-0.524729526	benign supporting	FALSE	FALSE
L333L	p.Leu333=	synonymous	0.294464035	0.191214059	NA	NA	FALSE	FALSE
L333K	p.Leu333Lys	missense	1.398566297	0.51783598	-0.483572686	benign supporting	FALSE	FALSE
L333G	p.Leu333Gly	missense	-0.656592073	0.807630972	4.771068963	pathogenic very strong	FALSE	FALSE
L333Y	p.Leu333Tyr	missense	0.934697676	0.101185701	-0.459369795	benign supporting	FALSE	FALSE
L333N	p.Leu333Asn	missense	NA	NA	NA	NA	NA	NA
L333C	p.Leu333Cys	missense	1.092903197	0.142098942	-0.556600773	benign supporting	FALSE	FALSE
L333P	p.Leu333Pro	missense	-0.504130896	0.201866757	2.068841387	pathogenic strong	FALSE	FALSE
L333E	p.Leu333Glu	missense	-0.379790123	0.462721881	1.046884288	pathogenic moderate	FALSE	FALSE
L333M	p.Leu333Met	missense	1.170138071	0.077675169	-0.566870663	benign supporting	FALSE	FALSE
L333W	p.Leu333Trp	missense	0.71265244	0.112405576	-0.165229453	indeterminate	FALSE	FALSE
L333H	p.Leu333His	missense	0.838517113	0.096659581	-0.350189193	benign supporting	FALSE	FALSE
L333Q	p.Leu333Gln	missense	1.071482053	0.479342821	-0.549047842	benign supporting	FALSE	FALSE
L333*	p.Leu333*	nonsense	0.346973729	0.30605603	NA	NA	TRUE	FALSE
A334S	p.Ala334Ser	missense	0.919446531	0.087624524	-0.44616361	benign supporting	FALSE	FALSE
A334A	p.Ala334=	synonymous	1.071748608	0.291312201	NA	NA	FALSE	FALSE
A334V	p.Ala334Val	missense	-0.817556642	0.482442523	4.64368611	pathogenic very strong	FALSE	FALSE
A334R	p.Ala334Arg	missense	-0.266381561	0.106047014	0.767922051	pathogenic moderate	FALSE	FALSE
A334D	p.Ala334Asp	missense	-0.078935373	0.197341323	0.564540335	pathogenic supporting	FALSE	FALSE
A334F	p.Ala334Phe	missense	-0.518348769	0.793179903	4.838008046	pathogenic very strong	FALSE	FALSE
A334T	p.Ala334Thr	missense	1.390096029	0.085173128	-0.490169296	benign supporting	FALSE	FALSE
A334I	p.Ala334Ile	missense	0.358102798	0.315102713	NA	NA	TRUE	FALSE
A334L	p.Ala334Leu	missense	-0.382182772	0.732408768	1.052917151	pathogenic moderate	FALSE	FALSE
A334K	p.Ala334Lys	missense	NA	NA	NA	NA	NA	NA
A334G	p.Ala334Gly	missense	0.623236862	0.10623179	-0.019367589	indeterminate	FALSE	FALSE
A334Y	p.Ala334Tyr	missense	-0.552261347	0.187831574	4.824477529	pathogenic very strong	FALSE	FALSE
A334N	p.Ala334Asn	missense	NA	NA	NA	NA	NA	NA
A334C	p.Ala334Cys	missense	1.490429412	0.06034836	NA	NA	FALSE	TRUE
A334P	p.Ala334Pro	missense	0.040855095	0.408635729	0.543376306	pathogenic supporting	FALSE	FALSE
A334E	p.Ala334Glu	missense	-0.755231178	0.859968696	4.699187299	pathogenic very strong	FALSE	FALSE
A334M	p.Ala334Met	missense	-1.137057078	0.31807453	4.320272546	pathogenic very strong	FALSE	FALSE
A334W	p.Ala334Trp	missense	-2.274014728	0.638883891	0	indeterminate	FALSE	FALSE
A334H	p.Ala334His	missense	NA	NA	NA	NA	NA	NA
A334Q	p.Ala334Gln	missense	-0.620750762	0.317216685	4.791632673	pathogenic very strong	FALSE	FALSE
A334*	p.Ala334*	nonsense	NA	NA	NA	NA	NA	NA
V335S	p.Val335Ser	missense	0.381440465	0.23828881	NA	NA	TRUE	FALSE
V335A	p.Val335Ala	missense	1.358986489	0.150231468	-0.5115298	benign supporting	FALSE	FALSE
V335V	p.Val335=	synonymous	1.065625234	0.086964969	NA	NA	FALSE	FALSE
V335R	p.Val335Arg	missense	-0.620840107	0.648022264	4.791584509	pathogenic very strong	FALSE	FALSE
V335D	p.Val335Asp	missense	0.334282259	1.116983564	NA	NA	TRUE	FALSE
V335F	p.Val335Phe	missense	0.803959417	0.24335656	-0.300994555	indeterminate	FALSE	FALSE
V335T	p.Val335Thr	missense	1.071538809	0.587867516	NA	NA	TRUE	FALSE
V335I	p.Val335Ile	missense	NA	NA	NA	NA	NA	NA
V335L	p.Val335Leu	missense	1.226498373	0.224044922	-0.564884772	benign supporting	FALSE	FALSE
V335K	p.Val335Lys	missense	0.970664516	0.305949714	-0.486679716	benign supporting	FALSE	FALSE
V335G	p.Val335Gly	missense	0.899206585	0.16949164	-0.425377284	benign supporting	FALSE	FALSE
V335Y	p.Val335Tyr	missense	-0.53216645	0.431149076	4.83269648	pathogenic very strong	FALSE	FALSE
V335N	p.Val335Asn	missense	NA	NA	NA	NA	NA	NA
V335C	p.Val335Cys	missense	NA	NA	NA	NA	NA	NA
V335P	p.Val335Pro	missense	0.595757881	0.55768431	NA	NA	TRUE	FALSE
V335E	p.Val335Glu	missense	NA	NA	NA	NA	NA	NA
V335M	p.Val335Met	missense	1.064886648	0.111390337	-0.545961991	benign supporting	FALSE	FALSE
V335W	p.Val335Trp	missense	0.071502245	0.589521657	NA	NA	TRUE	FALSE
V335H	p.Val335His	missense	NA	NA	NA	NA	NA	NA
V335Q	p.Val335Gln	missense	-0.18422495	0.194201381	0.639961563	pathogenic moderate	FALSE	FALSE
V335*	p.Val335*	nonsense	-1.069703586	0.177649379	NA	NA	FALSE	FALSE
Q336S	p.Gln336Ser	missense	0.116259036	0.275388513	0.555584391	pathogenic supporting	FALSE	FALSE
Q336A	p.Gln336Ala	missense	1.116028198	0.544901969	-0.561001954	benign supporting	FALSE	FALSE
Q336V	p.Gln336Val	missense	0.458138049	0.466986538	NA	NA	TRUE	FALSE
Q336R	p.Gln336Arg	missense	1.064024206	0.102882817	-0.545548888	benign supporting	FALSE	FALSE
Q336D	p.Gln336Asp	missense	0.484205028	0.095340222	NA	NA	TRUE	FALSE
Q336F	p.Gln336Phe	missense	NA	NA	NA	NA	NA	NA
Q336T	p.Gln336Thr	missense	1.429346653	0.124781794	-0.454586909	benign supporting	FALSE	FALSE
Q336I	p.Gln336Ile	missense	NA	NA	NA	NA	NA	NA
Q336L	p.Gln336Leu	missense	0.812427362	0.153299361	-0.31286455	indeterminate	FALSE	FALSE
Q336K	p.Gln336Lys	missense	1.167772073	0.077325961	-0.566697128	benign supporting	FALSE	FALSE
Q336G	p.Gln336Gly	missense	NA	NA	NA	NA	NA	NA
Q336Y	p.Gln336Tyr	missense	1.294182304	0.178780317	-0.546874731	benign supporting	FALSE	FALSE
Q336N	p.Gln336Asn	missense	NA	NA	NA	NA	NA	NA
Q336C	p.Gln336Cys	missense	0.152859809	0.94971873	NA	NA	TRUE	FALSE
Q336P	p.Gln336Pro	missense	-0.438268264	0.780266459	1.250658093	pathogenic moderate	FALSE	FALSE
Q336E	p.Gln336Glu	missense	1.367040536	0.062493001	-0.505734222	benign supporting	FALSE	FALSE
Q336M	p.Gln336Met	missense	-1.374291487	0.568443318	4.046823202	pathogenic very strong	FALSE	FALSE
Q336W	p.Gln336Trp	missense	1.396302305	0.127157834	-0.485388635	benign supporting	FALSE	FALSE
Q336H	p.Gln336His	missense	1.34042278	0.078243945	-0.523273792	benign supporting	FALSE	FALSE
Q336Q	p.Gln336=	synonymous	0.908259921	0.112358486	NA	NA	FALSE	FALSE
Q336*	p.Gln336*	nonsense	0.386272027	0.126309327	NA	NA	TRUE	FALSE
Y337S	p.Tyr337Ser	missense	1.543311579	0.157793982	NA	NA	FALSE	TRUE
Y337A	p.Tyr337Ala	missense	0.820668713	0.189561554	-0.324001598	benign supporting	FALSE	FALSE
Y337V	p.Tyr337Val	missense	0.82355474	0.69741687	NA	NA	TRUE	FALSE
Y337R	p.Tyr337Arg	missense	0.747828266	0.165041873	-0.219443727	indeterminate	FALSE	FALSE
Y337D	p.Tyr337Asp	missense	1.057750361	0.425317386	-0.542476553	benign supporting	FALSE	FALSE
Y337F	p.Tyr337Phe	missense	1.063336091	0.114170742	-0.54521769	benign supporting	FALSE	FALSE
Y337T	p.Tyr337Thr	missense	1.070600997	0.688141052	NA	NA	TRUE	FALSE
Y337I	p.Tyr337Ile	missense	0.946521171	0.218835081	-0.468915431	benign supporting	FALSE	FALSE
Y337L	p.Tyr337Leu	missense	0.270861369	0.350743856	NA	NA	TRUE	FALSE
Y337K	p.Tyr337Lys	missense	0.623682516	0.596196435	NA	NA	TRUE	FALSE
Y337G	p.Tyr337Gly	missense	0.50720994	0.120098881	NA	NA	TRUE	FALSE
Y337Y	p.Tyr337=	synonymous	NA	NA	NA	NA	NA	NA
Y337N	p.Tyr337Asn	missense	0.39044776	0.155546372	NA	NA	TRUE	FALSE
Y337C	p.Tyr337Cys	missense	0.655880151	0.39659317	NA	NA	TRUE	FALSE
Y337P	p.Tyr337Pro	missense	-1.103264779	0.771290315	4.366415106	pathogenic very strong	FALSE	FALSE
Y337E	p.Tyr337Glu	missense	0.008671738	0.256413999	0.544718136	pathogenic supporting	FALSE	FALSE
Y337M	p.Tyr337Met	missense	1.08424568	0.063712278	-0.554480606	benign supporting	FALSE	FALSE
Y337W	p.Tyr337Trp	missense	0.301101114	0.070403894	0.498298497	pathogenic supporting	FALSE	FALSE
Y337H	p.Tyr337His	missense	0.630685955	0.894897808	NA	NA	TRUE	FALSE
Y337Q	p.Tyr337Gln	missense	1.308616094	0.050610764	-0.539674706	benign supporting	FALSE	FALSE
Y337*	p.Tyr337*	nonsense	-0.067488695	0.34715611	NA	NA	FALSE	FALSE
L338S	p.Leu338Ser	missense	1.582537476	0.104693901	NA	NA	FALSE	TRUE
L338A	p.Leu338Ala	missense	1.36280488	0.048428488	-0.508837974	benign supporting	FALSE	FALSE
L338V	p.Leu338Val	missense	1.203190381	0.098681221	-0.567935777	benign supporting	FALSE	FALSE
L338R	p.Leu338Arg	missense	-0.166768791	0.34472471	0.621979906	pathogenic supporting	FALSE	FALSE
L338D	p.Leu338Asp	missense	-0.836271187	0.713430726	4.627514526	pathogenic very strong	FALSE	FALSE
L338F	p.Leu338Phe	missense	1.879730751	0.065605186	NA	NA	FALSE	TRUE
L338T	p.Leu338Thr	missense	-0.666742461	0.528285349	4.764767814	pathogenic very strong	FALSE	FALSE
L338I	p.Leu338Ile	missense	1.632278338	0.035433484	NA	NA	FALSE	TRUE
L338L	p.Leu338=	synonymous	0.990650792	0.2122248	NA	NA	FALSE	FALSE
L338K	p.Leu338Lys	missense	-0.931224718	1.073557879	4.541719405	pathogenic very strong	FALSE	FALSE
L338G	p.Leu338Gly	missense	0.462167205	0.565700138	NA	NA	TRUE	FALSE
L338Y	p.Leu338Tyr	missense	NA	NA	NA	NA	NA	NA
L338N	p.Leu338Asn	missense	NA	NA	NA	NA	NA	NA
L338C	p.Leu338Cys	missense	NA	NA	NA	NA	NA	NA
L338P	p.Leu338Pro	missense	0.121333629	0.507121384	NA	NA	TRUE	FALSE
L338E	p.Leu338Glu	missense	0.657105092	0.236344413	NA	NA	TRUE	FALSE
L338M	p.Leu338Met	missense	NA	NA	NA	NA	NA	NA
L338W	p.Leu338Trp	missense	-0.592447123	0.161081189	4.806164794	pathogenic very strong	FALSE	FALSE
L338H	p.Leu338His	missense	NA	NA	NA	NA	NA	NA
L338Q	p.Leu338Gln	missense	1.102170676	0.078544642	-0.558586071	benign supporting	FALSE	FALSE
L338*	p.Leu338*	nonsense	-0.487227754	0.146894422	NA	NA	FALSE	FALSE
H339S	p.His339Ser	missense	0.148706368	0.125069096	0.568206578	pathogenic supporting	FALSE	FALSE
H339A	p.His339Ala	missense	1.356625018	0.140499134	-0.513145498	benign supporting	FALSE	FALSE
H339V	p.His339Val	missense	0.157594925	0.483476171	NA	NA	TRUE	FALSE
H339R	p.His339Arg	missense	0.849593627	0.319703414	-0.364848222	benign supporting	FALSE	FALSE
H339D	p.His339Asp	missense	0.928023405	0.152502831	-0.453718315	benign supporting	FALSE	FALSE
H339F	p.His339Phe	missense	NA	NA	NA	NA	NA	NA
H339T	p.His339Thr	missense	NA	NA	NA	NA	NA	NA
H339I	p.His339Ile	missense	-0.505711239	0.536964052	2.140131511	pathogenic strong	FALSE	FALSE
H339L	p.His339Leu	missense	-0.277145925	0.711572487	0.792698579	pathogenic moderate	FALSE	FALSE
H339K	p.His339Lys	missense	-0.462223228	1.023414899	NA	NA	TRUE	FALSE
H339G	p.His339Gly	missense	-0.180005581	0.402131089	0.635397119	pathogenic supporting	FALSE	FALSE
H339Y	p.His339Tyr	missense	1.306812208	0.065929337	-0.540636154	benign supporting	FALSE	FALSE
H339N	p.His339Asn	missense	1.152111698	0.04884878	-0.565061862	benign supporting	FALSE	FALSE
H339C	p.His339Cys	missense	1.137930031	0.065076358	-0.563442064	benign supporting	FALSE	FALSE
H339P	p.His339Pro	missense	1.014020584	0.191044765	-0.517655731	benign supporting	FALSE	FALSE
H339E	p.His339Glu	missense	-0.278042063	0.135708436	0.794883989	pathogenic moderate	FALSE	FALSE
H339M	p.His339Met	missense	0.855351044	0.078217069	-0.372160179	benign supporting	FALSE	FALSE
H339W	p.His339Trp	missense	3.08557947	0.236398431	NA	NA	FALSE	TRUE
H339H	p.His339=	synonymous	0.896801989	0.261276869	NA	NA	FALSE	FALSE
H339Q	p.His339Gln	missense	1.884296724	0.099956081	NA	NA	FALSE	TRUE
H339*	p.His339*	nonsense	-0.153575743	0.152543808	NA	NA	FALSE	FALSE
E340S	p.Glu340Ser	missense	0.712350736	0.285909857	NA	NA	TRUE	FALSE
E340A	p.Glu340Ala	missense	1.043875138	0.104189575	-0.535256501	benign supporting	FALSE	FALSE
E340V	p.Glu340Val	missense	1.317819889	0.256472078	-0.534861606	benign supporting	FALSE	FALSE
E340R	p.Glu340Arg	missense	0.99271122	0.274439943	-0.503252035	benign supporting	FALSE	FALSE
E340D	p.Glu340Asp	missense	1.61859582	0.201810247	NA	NA	FALSE	TRUE
E340F	p.Glu340Phe	missense	0.895044975	0.140576612	-0.420614597	benign supporting	FALSE	FALSE
E340T	p.Glu340Thr	missense	1.17861407	0.599511937	-0.567481464	benign supporting	FALSE	FALSE
E340I	p.Glu340Ile	missense	0.427631233	0.233644494	NA	NA	TRUE	FALSE
E340L	p.Glu340Leu	missense	0.92776507	0.27201432	-0.453495628	benign supporting	FALSE	FALSE
E340K	p.Glu340Lys	missense	0.911564997	0.107243449	-0.438919034	benign supporting	FALSE	FALSE
E340G	p.Glu340Gly	missense	0.635755191	0.662234474	NA	NA	TRUE	FALSE
E340Y	p.Glu340Tyr	missense	NA	NA	NA	NA	NA	NA
E340N	p.Glu340Asn	missense	0.359020082	0.10852123	0.425977633	pathogenic supporting	FALSE	FALSE
E340C	p.Glu340Cys	missense	NA	NA	NA	NA	NA	NA
E340P	p.Glu340Pro	missense	-0.989999069	0.384465478	4.481381875	pathogenic very strong	FALSE	FALSE
E340E	p.Glu340=	synonymous	0.750695167	1.601598569	NA	NA	TRUE	FALSE
E340M	p.Glu340Met	missense	-1.170878494	0.704574951	4.273103454	pathogenic very strong	FALSE	FALSE
E340W	p.Glu340Trp	missense	1.899629717	0.07574345	NA	NA	FALSE	TRUE
E340H	p.Glu340His	missense	NA	NA	NA	NA	NA	NA
E340Q	p.Glu340Gln	missense	0.909852717	0.383650802	-0.437177676	benign supporting	FALSE	FALSE
E340*	p.Glu340*	nonsense	-0.220687341	0.737069697	NA	NA	TRUE	FALSE
N341S	p.Asn341Ser	missense	0.495201951	0.21411588	NA	NA	TRUE	FALSE
N341A	p.Asn341Ala	missense	1.299702726	0.368390256	-0.544252155	benign supporting	FALSE	FALSE
N341V	p.Asn341Val	missense	0.265759589	0.478219831	NA	NA	TRUE	FALSE
N341R	p.Asn341Arg	missense	1.249856867	0.182436933	-0.561680014	benign supporting	FALSE	FALSE
N341D	p.Asn341Asp	missense	1.089667386	0.120966842	-0.555838305	benign supporting	FALSE	FALSE
N341F	p.Asn341Phe	missense	0.425431191	1.125090606	NA	NA	TRUE	FALSE
N341T	p.Asn341Thr	missense	1.076588822	0.247151201	-0.551348672	benign supporting	FALSE	FALSE
N341I	p.Asn341Ile	missense	1.751110236	0.13388079	NA	NA	FALSE	TRUE
N341L	p.Asn341Leu	missense	0.893712021	0.359170603	-0.419070622	benign supporting	FALSE	FALSE
N341K	p.Asn341Lys	missense	0.804990273	0.124916125	-0.302463721	indeterminate	FALSE	FALSE
N341G	p.Asn341Gly	missense	0.379465523	0.184323757	NA	NA	TRUE	FALSE
N341Y	p.Asn341Tyr	missense	2.04106789	0.03301253	NA	NA	FALSE	TRUE
N341N	p.Asn341=	synonymous	0.860072534	0.105160252	NA	NA	FALSE	FALSE
N341C	p.Asn341Cys	missense	1.087410235	0.1173165	-0.555285263	benign supporting	FALSE	FALSE
N341P	p.Asn341Pro	missense	0.049446015	0.321552643	0.543516244	pathogenic supporting	FALSE	FALSE
N341E	p.Asn341Glu	missense	0.505282313	0.134814218	NA	NA	TRUE	FALSE
N341M	p.Asn341Met	missense	1.847245739	0.09013287	NA	NA	FALSE	TRUE
N341W	p.Asn341Trp	missense	-1.519567531	0.818471469	3.958156823	pathogenic very strong	FALSE	FALSE
N341H	p.Asn341His	missense	1.25743169	0.578664533	-0.560162698	benign supporting	FALSE	FALSE
N341Q	p.Asn341Gln	missense	NA	NA	NA	NA	NA	NA
N341*	p.Asn341*	nonsense	0.18163429	0.090328198	NA	NA	FALSE	FALSE
G342S	p.Gly342Ser	missense	-0.013870371	0.474643414	0.547459382	pathogenic supporting	FALSE	FALSE
G342A	p.Gly342Ala	missense	1.165104682	0.064045554	-0.566478083	benign supporting	FALSE	FALSE
G342V	p.Gly342Val	missense	0.940164931	0.365710152	-0.46385628	benign supporting	FALSE	FALSE
G342R	p.Gly342Arg	missense	0.88324866	0.294996324	-0.406626812	benign supporting	FALSE	FALSE
G342D	p.Gly342Asp	missense	1.306014515	0.093852655	-0.541055567	benign supporting	FALSE	FALSE
G342F	p.Gly342Phe	missense	NA	NA	NA	NA	NA	NA
G342T	p.Gly342Thr	missense	1.085458741	0.192380672	-0.554793092	benign supporting	FALSE	FALSE
G342I	p.Gly342Ile	missense	-0.070272792	0.132014602	0.561407844	pathogenic supporting	FALSE	FALSE
G342L	p.Gly342Leu	missense	0.988107172	0.150125054	-0.499924855	benign supporting	FALSE	FALSE
G342K	p.Gly342Lys	missense	NA	NA	NA	NA	NA	NA
G342G	p.Gly342=	synonymous	0.965351907	0.259879858	NA	NA	FALSE	FALSE
G342Y	p.Gly342Tyr	missense	1.006014596	0.329696363	-0.512431879	benign supporting	FALSE	FALSE
G342N	p.Gly342Asn	missense	-0.323135132	0.660557112	0.93526685	pathogenic moderate	FALSE	FALSE
G342C	p.Gly342Cys	missense	1.177934485	0.043361161	-0.56737803	benign supporting	FALSE	FALSE
G342P	p.Gly342Pro	missense	0.523774577	0.475287002	NA	NA	TRUE	FALSE
G342E	p.Gly342Glu	missense	-0.084842792	0.41180499	0.566843259	pathogenic supporting	FALSE	FALSE
G342M	p.Gly342Met	missense	NA	NA	NA	NA	NA	NA
G342W	p.Gly342Trp	missense	1.042684176	0.057665611	-0.534609073	benign supporting	FALSE	FALSE
G342H	p.Gly342His	missense	0.708026115	0.106386603	-0.158541048	indeterminate	FALSE	FALSE
G342Q	p.Gly342Gln	missense	NA	NA	NA	NA	NA	NA
G342*	p.Gly342*	nonsense	NA	NA	NA	NA	NA	NA
I343S	p.Ile343Ser	missense	1.259346155	0.621282734	-0.55974024	benign supporting	FALSE	FALSE
I343A	p.Ile343Ala	missense	-0.674476961	0.958297753	4.759815521	pathogenic very strong	FALSE	FALSE
I343V	p.Ile343Val	missense	1.052512982	0.099337879	-0.539820599	benign supporting	FALSE	FALSE
I343R	p.Ile343Arg	missense	0.265127848	1.238974258	NA	NA	TRUE	FALSE
I343D	p.Ile343Asp	missense	-1.030359851	0.902766232	4.44603716	pathogenic very strong	FALSE	FALSE
I343F	p.Ile343Phe	missense	1.433437241	0.480830616	-0.450522226	benign supporting	FALSE	FALSE
I343T	p.Ile343Thr	missense	0.621417337	1.851371135	NA	NA	TRUE	FALSE
I343I	p.Ile343=	synonymous	NA	NA	NA	NA	NA	NA
I343L	p.Ile343Leu	missense	0.191488851	0.785739579	NA	NA	TRUE	FALSE
I343K	p.Ile343Lys	missense	-1.379668973	0.821790131	4.03937521	pathogenic very strong	FALSE	FALSE
I343G	p.Ile343Gly	missense	-0.220289788	0.185193017	0.685662832	pathogenic moderate	FALSE	FALSE
I343Y	p.Ile343Tyr	missense	-0.511204594	0.219402012	2.570092199	pathogenic very strong	FALSE	FALSE
I343N	p.Ile343Asn	missense	0.68543768	0.556175028	NA	NA	TRUE	FALSE
I343C	p.Ile343Cys	missense	NA	NA	NA	NA	NA	NA
I343P	p.Ile343Pro	missense	-0.341991916	0.46701051	0.966839914	pathogenic moderate	FALSE	FALSE
I343E	p.Ile343Glu	missense	NA	NA	NA	NA	NA	NA
I343M	p.Ile343Met	missense	0.919508039	1.085365399	NA	NA	TRUE	FALSE
I343W	p.Ile343Trp	missense	NA	NA	NA	NA	NA	NA
I343H	p.Ile343His	missense	-0.47001858	0.743701544	1.460424765	pathogenic strong	FALSE	FALSE
I343Q	p.Ile343Gln	missense	-1.406307827	0.724709007	4.020688878	pathogenic very strong	FALSE	FALSE
I343*	p.Ile343*	nonsense	NA	NA	NA	NA	NA	NA
I344S	p.Ile344Ser	missense	0.356338606	0.297340357	NA	NA	TRUE	FALSE
I344A	p.Ile344Ala	missense	NA	NA	NA	NA	NA	NA
I344V	p.Ile344Val	missense	0.708867912	0.538328332	NA	NA	TRUE	FALSE
I344R	p.Ile344Arg	missense	0.58531486	0.321899395	NA	NA	TRUE	FALSE
I344D	p.Ile344Asp	missense	NA	NA	NA	NA	NA	NA
I344F	p.Ile344Phe	missense	-0.560135114	0.833983769	4.821091525	pathogenic very strong	FALSE	FALSE
I344T	p.Ile344Thr	missense	1.005598146	1.071469395	NA	NA	TRUE	FALSE
I344I	p.Ile344=	synonymous	1.19260637	0.742827439	NA	NA	TRUE	FALSE
I344L	p.Ile344Leu	missense	-0.444922407	0.604642704	1.285279552	pathogenic strong	FALSE	FALSE
I344K	p.Ile344Lys	missense	NA	NA	NA	NA	NA	NA
I344G	p.Ile344Gly	missense	-1.858531411	0.640243101	3.478781458	pathogenic very strong	FALSE	FALSE
I344Y	p.Ile344Tyr	missense	NA	NA	NA	NA	NA	NA
I344N	p.Ile344Asn	missense	2.290950253	0.191928336	NA	NA	FALSE	TRUE
I344C	p.Ile344Cys	missense	-0.328410279	0.151208166	0.94364571	pathogenic moderate	FALSE	FALSE
I344P	p.Ile344Pro	missense	NA	NA	NA	NA	NA	NA
I344E	p.Ile344Glu	missense	NA	NA	NA	NA	NA	NA
I344M	p.Ile344Met	missense	1.611953209	0.129829176	NA	NA	FALSE	TRUE
I344W	p.Ile344Trp	missense	NA	NA	NA	NA	NA	NA
I344H	p.Ile344His	missense	-0.509402797	1.073106842	NA	NA	TRUE	FALSE
I344Q	p.Ile344Gln	missense	NA	NA	NA	NA	NA	NA
I344*	p.Ile344*	nonsense	NA	NA	NA	NA	NA	NA
H345S	p.His345Ser	missense	-0.150351997	0.561714854	0.607072488	pathogenic supporting	FALSE	FALSE
H345A	p.His345Ala	missense	-0.136986816	0.664010577	NA	NA	TRUE	FALSE
H345V	p.His345Val	missense	NA	NA	NA	NA	NA	NA
H345R	p.His345Arg	missense	0.495195646	0.63583622	NA	NA	TRUE	FALSE
H345D	p.His345Asp	missense	0.293624778	0.686484944	NA	NA	TRUE	FALSE
H345F	p.His345Phe	missense	-0.63245196	0.198110652	4.785196628	pathogenic very strong	FALSE	FALSE
H345T	p.His345Thr	missense	-0.325218502	0.265154424	0.938536411	pathogenic moderate	FALSE	FALSE
H345I	p.His345Ile	missense	0.032927543	0.800291639	NA	NA	TRUE	FALSE
H345L	p.His345Leu	missense	0.015540612	0.753596084	NA	NA	TRUE	FALSE
H345K	p.His345Lys	missense	NA	NA	NA	NA	NA	NA
H345G	p.His345Gly	missense	-1.472682386	1.005286087	3.986837432	pathogenic very strong	FALSE	FALSE
H345Y	p.His345Tyr	missense	0.584384872	0.197196761	NA	NA	TRUE	FALSE
H345N	p.His345Asn	missense	-0.075160465	0.204465985	0.563140087	pathogenic supporting	FALSE	FALSE
H345C	p.His345Cys	missense	-1.033002991	0.83364599	4.443532678	pathogenic very strong	FALSE	FALSE
H345P	p.His345Pro	missense	0.05149869	0.453788516	NA	NA	TRUE	FALSE
H345E	p.His345Glu	missense	-1.759837656	0.565016075	3.704726542	pathogenic very strong	FALSE	FALSE
H345M	p.His345Met	missense	-0.799265922	0.27181371	4.658460288	pathogenic very strong	FALSE	FALSE
H345W	p.His345Trp	missense	NA	NA	NA	NA	NA	NA
H345H	p.His345=	synonymous	1.078110288	0.092252236	NA	NA	FALSE	FALSE
H345Q	p.His345Gln	missense	0.600422637	0.26067498	NA	NA	TRUE	FALSE
H345*	p.His345*	nonsense	1.456024208	0.078686506	NA	NA	FALSE	FALSE
R346S	p.Arg346Ser	missense	-0.388689029	0.424018964	1.070043971	pathogenic moderate	FALSE	FALSE
R346A	p.Arg346Ala	missense	1.604092912	0.453054057	NA	NA	FALSE	TRUE
R346V	p.Arg346Val	missense	-0.353758791	0.752291227	0.989056507	pathogenic moderate	FALSE	FALSE
R346R	p.Arg346=	synonymous	1.009264624	0.07780643	NA	NA	FALSE	FALSE
R346D	p.Arg346Asp	missense	0.249549447	0.82916902	NA	NA	TRUE	FALSE
R346F	p.Arg346Phe	missense	-0.901723377	0.259755811	4.567786719	pathogenic very strong	FALSE	FALSE
R346T	p.Arg346Thr	missense	0.308671704	0.333727127	NA	NA	TRUE	FALSE
R346I	p.Arg346Ile	missense	0.637730577	0.076472406	-0.042543424	indeterminate	FALSE	FALSE
R346L	p.Arg346Leu	missense	-0.391845805	0.560197435	1.078758835	pathogenic moderate	FALSE	FALSE
R346K	p.Arg346Lys	missense	-0.978724337	0.809063079	4.493067943	pathogenic very strong	FALSE	FALSE
R346G	p.Arg346Gly	missense	0.357966142	0.359179986	NA	NA	TRUE	FALSE
R346Y	p.Arg346Tyr	missense	NA	NA	NA	NA	NA	NA
R346N	p.Arg346Asn	missense	-0.908589995	0.2908549	4.561969947	pathogenic very strong	FALSE	FALSE
R346C	p.Arg346Cys	missense	0.048361941	0.107653885	0.543487121	pathogenic supporting	FALSE	FALSE
R346P	p.Arg346Pro	missense	0.09544301	0.284227417	0.549211746	pathogenic supporting	FALSE	FALSE
R346E	p.Arg346Glu	missense	0.109291437	0.764260731	NA	NA	TRUE	FALSE
R346M	p.Arg346Met	missense	-0.377709515	0.330800066	1.041747901	pathogenic moderate	FALSE	FALSE
R346W	p.Arg346Trp	missense	NA	NA	NA	NA	NA	NA
R346H	p.Arg346His	missense	0.155878166	0.20208333	0.571462894	pathogenic supporting	FALSE	FALSE
R346Q	p.Arg346Gln	missense	0.046141076	1.085072922	NA	NA	TRUE	FALSE
R346*	p.Arg346*	nonsense	NA	NA	NA	NA	NA	NA
D347S	p.Asp347Ser	missense	-0.629833101	0.63381815	4.786659741	pathogenic very strong	FALSE	FALSE
D347A	p.Asp347Ala	missense	0.688658714	0.400091417	NA	NA	TRUE	FALSE
D347V	p.Asp347Val	missense	-0.137831163	0.867208857	NA	NA	TRUE	FALSE
D347R	p.Asp347Arg	missense	-0.995431137	0.635528272	4.476922591	pathogenic very strong	FALSE	FALSE
D347D	p.Asp347=	synonymous	0.893587268	0.074691248	NA	NA	FALSE	FALSE
D347F	p.Asp347Phe	missense	-1.182847806	0.566559136	4.259220798	pathogenic very strong	FALSE	FALSE
D347T	p.Asp347Thr	missense	0.098123577	0.120486443	0.549959534	pathogenic supporting	FALSE	FALSE
D347I	p.Asp347Ile	missense	-0.551709401	0.354934108	4.824711329	pathogenic very strong	FALSE	FALSE
D347L	p.Asp347Leu	missense	-1.036045415	0.577365329	4.440618638	pathogenic very strong	FALSE	FALSE
D347K	p.Asp347Lys	missense	NA	NA	NA	NA	NA	NA
D347G	p.Asp347Gly	missense	-0.773837283	0.522934509	4.6825165	pathogenic very strong	FALSE	FALSE
D347Y	p.Asp347Tyr	missense	0.54400308	0.117025858	NA	NA	TRUE	FALSE
D347N	p.Asp347Asn	missense	-0.351881087	0.497073728	0.985366615	pathogenic moderate	FALSE	FALSE
D347C	p.Asp347Cys	missense	-1.648676687	0.435474134	3.851158888	pathogenic very strong	FALSE	FALSE
D347P	p.Asp347Pro	missense	-1.143521763	0.754531246	4.310589507	pathogenic very strong	FALSE	FALSE
D347E	p.Asp347Glu	missense	-0.087090026	0.903507069	NA	NA	TRUE	FALSE
D347M	p.Asp347Met	missense	NA	NA	NA	NA	NA	NA
D347W	p.Asp347Trp	missense	-0.964692981	0.758535784	4.50839939	pathogenic very strong	FALSE	FALSE
D347H	p.Asp347His	missense	0.340251259	0.76803119	NA	NA	TRUE	FALSE
D347Q	p.Asp347Gln	missense	0.188743874	0.648475556	NA	NA	TRUE	FALSE
D347*	p.Asp347*	nonsense	-0.882933968	0.34439996	NA	NA	FALSE	FALSE
L348S	p.Leu348Ser	missense	0.295110508	0.609577293	NA	NA	TRUE	FALSE
L348A	p.Leu348Ala	missense	0.404477283	0.176789921	NA	NA	TRUE	FALSE
L348V	p.Leu348Val	missense	1.040582358	0.291097174	-0.533455662	benign supporting	FALSE	FALSE
L348R	p.Leu348Arg	missense	-0.16030808	0.549155262	0.615896061	pathogenic supporting	FALSE	FALSE
L348D	p.Leu348Asp	missense	-1.435290651	0.710239667	4.006793686	pathogenic very strong	FALSE	FALSE
L348F	p.Leu348Phe	missense	0.549387277	0.149521548	NA	NA	TRUE	FALSE
L348T	p.Leu348Thr	missense	-0.938738396	0.212211197	4.534608541	pathogenic very strong	FALSE	FALSE
L348I	p.Leu348Ile	missense	1.001762462	0.573580653	NA	NA	TRUE	FALSE
L348L	p.Leu348=	synonymous	0.973295048	0.320376248	NA	NA	FALSE	FALSE
L348K	p.Leu348Lys	missense	-1.014015759	0.659340586	4.460984737	pathogenic very strong	FALSE	FALSE
L348G	p.Leu348Gly	missense	-0.533045772	0.426870361	4.832349241	pathogenic very strong	FALSE	FALSE
L348Y	p.Leu348Tyr	missense	-0.71392983	0.941173382	4.732365862	pathogenic very strong	FALSE	FALSE
L348N	p.Leu348Asn	missense	NA	NA	NA	NA	NA	NA
L348C	p.Leu348Cys	missense	1.433961826	0.071408748	-0.450027993	benign supporting	FALSE	FALSE
L348P	p.Leu348Pro	missense	-0.353753194	0.232341493	0.989045424	pathogenic moderate	FALSE	FALSE
L348E	p.Leu348Glu	missense	-0.670655584	1.06691717	4.762278894	pathogenic very strong	FALSE	FALSE
L348M	p.Leu348Met	missense	1.683027261	0.137705894	NA	NA	FALSE	TRUE
L348W	p.Leu348Trp	missense	0.891079349	0.151624086	-0.415994285	benign supporting	FALSE	FALSE
L348H	p.Leu348His	missense	NA	NA	NA	NA	NA	NA
L348Q	p.Leu348Gln	missense	-0.409896192	0.351612392	1.134537661	pathogenic moderate	FALSE	FALSE
L348*	p.Leu348*	nonsense	1.165935062	1.025466246	NA	NA	TRUE	FALSE
K349S	p.Lys349Ser	missense	-0.221287281	0.58582494	0.687121373	pathogenic moderate	FALSE	FALSE
K349A	p.Lys349Ala	missense	NA	NA	NA	NA	NA	NA
K349V	p.Lys349Val	missense	-0.056463651	0.79194866	NA	NA	TRUE	FALSE
K349R	p.Lys349Arg	missense	-0.234143018	0.64816616	0.707031571	pathogenic moderate	FALSE	FALSE
K349D	p.Lys349Asp	missense	-0.017854884	0.512149255	0.548103922	pathogenic supporting	FALSE	FALSE
K349F	p.Lys349Phe	missense	-0.569749969	0.46029885	4.816826061	pathogenic very strong	FALSE	FALSE
K349T	p.Lys349Thr	missense	-1.134655188	1.041724325	4.323794572	pathogenic very strong	FALSE	FALSE
K349I	p.Lys349Ile	missense	-0.608605955	1.052856018	4.798043231	pathogenic very strong	FALSE	FALSE
K349L	p.Lys349Leu	missense	-0.729291705	0.78509182	4.720599215	pathogenic very strong	FALSE	FALSE
K349K	p.Lys349=	synonymous	0.905540804	0.069303933	NA	NA	FALSE	FALSE
K349G	p.Lys349Gly	missense	-0.405943948	0.094597509	1.121367892	pathogenic moderate	FALSE	FALSE
K349Y	p.Lys349Tyr	missense	0.223322737	0.825368288	NA	NA	TRUE	FALSE
K349N	p.Lys349Asn	missense	-0.038348687	0.178360275	0.552209314	pathogenic supporting	FALSE	FALSE
K349C	p.Lys349Cys	missense	-1.172141679	0.563954395	4.271670557	pathogenic very strong	FALSE	FALSE
K349P	p.Lys349Pro	missense	-0.888283643	0.530280876	4.57876127	pathogenic very strong	FALSE	FALSE
K349E	p.Lys349Glu	missense	-0.183180738	1.711180191	NA	NA	TRUE	FALSE
K349M	p.Lys349Met	missense	0.174872038	0.901505155	NA	NA	TRUE	FALSE
K349W	p.Lys349Trp	missense	-0.407904572	0.101347973	1.127827364	pathogenic moderate	FALSE	FALSE
K349H	p.Lys349His	missense	-0.814440273	0.250262261	4.646272898	pathogenic very strong	FALSE	FALSE
K349Q	p.Lys349Gln	missense	0.708831202	0.089285794	-0.159716596	indeterminate	FALSE	FALSE
K349*	p.Lys349*	nonsense	0.511195101	1.024070863	NA	NA	TRUE	FALSE
P350S	p.Pro350Ser	missense	1.049565952	0.06385159	-0.538289293	benign supporting	FALSE	FALSE
P350A	p.Pro350Ala	missense	1.309243617	0.088899576	-0.53933599	benign supporting	FALSE	FALSE
P350V	p.Pro350Val	missense	1.340367682	0.109080617	-0.523305508	benign supporting	FALSE	FALSE
P350R	p.Pro350Arg	missense	0.476964364	0.995006588	NA	NA	TRUE	FALSE
P350D	p.Pro350Asp	missense	NA	NA	NA	NA	NA	NA
P350F	p.Pro350Phe	missense	0.03811139	0.09728627	0.543375493	pathogenic supporting	FALSE	FALSE
P350T	p.Pro350Thr	missense	1.57673666	0.076216534	NA	NA	FALSE	TRUE
P350I	p.Pro350Ile	missense	-0.44421753	0.637665666	1.281437195	pathogenic strong	FALSE	FALSE
P350L	p.Pro350Leu	missense	1.212342953	0.223527498	-0.566712771	benign supporting	FALSE	FALSE
P350K	p.Pro350Lys	missense	-1.558150887	0.919522333	3.931012499	pathogenic very strong	FALSE	FALSE
P350G	p.Pro350Gly	missense	0.128485872	0.906691388	NA	NA	TRUE	FALSE
P350Y	p.Pro350Tyr	missense	NA	NA	NA	NA	NA	NA
P350N	p.Pro350Asn	missense	0.17063015	1.381603303	NA	NA	TRUE	FALSE
P350C	p.Pro350Cys	missense	-0.514950474	0.932081201	4.83927321	pathogenic very strong	FALSE	FALSE
P350P	p.Pro350=	synonymous	1.316016035	0.352248852	NA	NA	FALSE	FALSE
P350E	p.Pro350Glu	missense	NA	NA	NA	NA	NA	NA
P350M	p.Pro350Met	missense	0.989127668	1.134641424	NA	NA	TRUE	FALSE
P350W	p.Pro350Trp	missense	NA	NA	NA	NA	NA	NA
P350H	p.Pro350His	missense	-0.558734858	0.380453776	4.821700662	pathogenic very strong	FALSE	FALSE
P350Q	p.Pro350Gln	missense	0.472319257	0.398908968	NA	NA	TRUE	FALSE
P350*	p.Pro350*	nonsense	-1.675806639	0.693218975	NA	NA	FALSE	FALSE
E351S	p.Glu351Ser	missense	-1.482484017	0.748197649	3.981196317	pathogenic very strong	FALSE	FALSE
E351A	p.Glu351Ala	missense	-0.550841969	0.685150593	4.825077833	pathogenic very strong	FALSE	FALSE
E351V	p.Glu351Val	missense	0.064073898	0.688372527	NA	NA	TRUE	FALSE
E351R	p.Glu351Arg	missense	0.386772691	0.60641452	NA	NA	TRUE	FALSE
E351D	p.Glu351Asp	missense	0.315819502	0.056254375	0.483945078	pathogenic supporting	FALSE	FALSE
E351F	p.Glu351Phe	missense	0.399977928	0.226162894	NA	NA	TRUE	FALSE
E351T	p.Glu351Thr	missense	0.527532394	0.210842806	NA	NA	TRUE	FALSE
E351I	p.Glu351Ile	missense	-0.901256953	0.582864395	4.568176582	pathogenic very strong	FALSE	FALSE
E351L	p.Glu351Leu	missense	0.123141376	0.479915621	NA	NA	TRUE	FALSE
E351K	p.Glu351Lys	missense	-0.091329259	0.446895322	0.569533067	pathogenic supporting	FALSE	FALSE
E351G	p.Glu351Gly	missense	-0.716638639	0.962758182	4.730337564	pathogenic very strong	FALSE	FALSE
E351Y	p.Glu351Tyr	missense	0.52887682	0.447923816	NA	NA	TRUE	FALSE
E351N	p.Glu351Asn	missense	1.374517307	0.096953084	-0.50097502	benign supporting	FALSE	FALSE
E351C	p.Glu351Cys	missense	0.441426467	0.733447055	NA	NA	TRUE	FALSE
E351P	p.Glu351Pro	missense	NA	NA	NA	NA	NA	NA
E351E	p.Glu351=	synonymous	1.160439869	0.076665199	NA	NA	FALSE	FALSE
E351M	p.Glu351Met	missense	NA	NA	NA	NA	NA	NA
E351W	p.Glu351Trp	missense	-0.166237724	0.128008908	0.62146874	pathogenic supporting	FALSE	FALSE
E351H	p.Glu351His	missense	NA	NA	NA	NA	NA	NA
E351Q	p.Glu351Gln	missense	0.845199446	0.159027661	-0.359128517	benign supporting	FALSE	FALSE
E351*	p.Glu351*	nonsense	-0.436490053	0.298381339	NA	NA	FALSE	FALSE
N352S	p.Asn352Ser	missense	0.101579799	0.755334821	NA	NA	TRUE	FALSE
N352A	p.Asn352Ala	missense	0.302828886	0.154776659	0.49650434	pathogenic supporting	FALSE	FALSE
N352V	p.Asn352Val	missense	-1.04844225	0.377102928	4.428388045	pathogenic very strong	FALSE	FALSE
N352R	p.Asn352Arg	missense	-0.956243019	0.630939432	4.517225603	pathogenic very strong	FALSE	FALSE
N352D	p.Asn352Asp	missense	NA	NA	NA	NA	NA	NA
N352F	p.Asn352Phe	missense	-0.942234744	0.711680671	4.531229656	pathogenic very strong	FALSE	FALSE
N352T	p.Asn352Thr	missense	0.171647419	0.127594186	0.579253555	pathogenic supporting	FALSE	FALSE
N352I	p.Asn352Ile	missense	0.229071564	0.15493224	0.573825797	pathogenic supporting	FALSE	FALSE
N352L	p.Asn352Leu	missense	0.395270808	0.328542823	NA	NA	TRUE	FALSE
N352K	p.Asn352Lys	missense	-0.217825562	0.342213244	0.682109784	pathogenic moderate	FALSE	FALSE
N352G	p.Asn352Gly	missense	-0.709730728	0.474721224	4.735471772	pathogenic very strong	FALSE	FALSE
N352Y	p.Asn352Tyr	missense	-0.001708137	0.411620682	0.545791559	pathogenic supporting	FALSE	FALSE
N352N	p.Asn352=	synonymous	0.755624712	1.807307438	NA	NA	TRUE	FALSE
N352C	p.Asn352Cys	missense	-0.975555333	0.42656075	4.496607116	pathogenic very strong	FALSE	FALSE
N352P	p.Asn352Pro	missense	-0.759921924	0.633432357	4.695093017	pathogenic very strong	FALSE	FALSE
N352E	p.Asn352Glu	missense	-1.193808062	1.117046593	4.245881533	pathogenic very strong	FALSE	FALSE
N352M	p.Asn352Met	missense	0.084404982	0.485166653	NA	NA	TRUE	FALSE
N352W	p.Asn352Trp	missense	0.270996532	0.073866759	0.534850716	pathogenic supporting	FALSE	FALSE
N352H	p.Asn352His	missense	0.333842989	0.191167336	NA	NA	TRUE	FALSE
N352Q	p.Asn352Gln	missense	0.124028807	1.038785857	NA	NA	TRUE	FALSE
N352*	p.Asn352*	nonsense	-0.369498776	0.992536739	NA	NA	TRUE	FALSE
V353S	p.Val353Ser	missense	0.086577649	0.759028099	NA	NA	TRUE	FALSE
V353A	p.Val353Ala	missense	1.319347879	0.206394138	-0.534164277	benign supporting	FALSE	FALSE
V353V	p.Val353=	synonymous	0.745911734	0.434840889	NA	NA	TRUE	FALSE
V353R	p.Val353Arg	missense	0.401321143	0.267408415	NA	NA	TRUE	FALSE
V353D	p.Val353Asp	missense	-0.083832711	1.374059519	NA	NA	TRUE	FALSE
V353F	p.Val353Phe	missense	0.142277218	0.158828128	0.565434797	pathogenic supporting	FALSE	FALSE
V353T	p.Val353Thr	missense	1.056470267	0.505328507	-0.541835095	benign supporting	FALSE	FALSE
V353I	p.Val353Ile	missense	0.838908323	0.162048358	-0.35072079	benign supporting	FALSE	FALSE
V353L	p.Val353Leu	missense	0.750161385	0.897863613	NA	NA	TRUE	FALSE
V353K	p.Val353Lys	missense	0.858583686	1.129276048	NA	NA	TRUE	FALSE
V353G	p.Val353Gly	missense	-0.056411669	0.617609534	NA	NA	TRUE	FALSE
V353Y	p.Val353Tyr	missense	-1.436914881	0.752649656	4.00597582	pathogenic very strong	FALSE	FALSE
V353N	p.Val353Asn	missense	NA	NA	NA	NA	NA	NA
V353C	p.Val353Cys	missense	0.755761043	0.285835399	NA	NA	TRUE	FALSE
V353P	p.Val353Pro	missense	-0.508351937	0.50918906	2.295323398	pathogenic strong	FALSE	FALSE
V353E	p.Val353Glu	missense	-0.872633589	0.824886104	4.592643922	pathogenic very strong	FALSE	FALSE
V353M	p.Val353Met	missense	0.909985173	0.225042277	-0.437321139	benign supporting	FALSE	FALSE
V353W	p.Val353Trp	missense	0.341526135	0.073906216	0.449153986	pathogenic supporting	FALSE	FALSE
V353H	p.Val353His	missense	-0.68446372	0.720009875	4.753221178	pathogenic very strong	FALSE	FALSE
V353Q	p.Val353Gln	missense	-0.796337968	0.799066182	4.66073642	pathogenic very strong	FALSE	FALSE
V353*	p.Val353*	nonsense	NA	NA	NA	NA	NA	NA
L354S	p.Leu354Ser	missense	-0.331154781	0.627908829	0.948138836	pathogenic moderate	FALSE	FALSE
L354A	p.Leu354Ala	missense	-0.200486321	0.261405873	0.658988728	pathogenic moderate	FALSE	FALSE
L354V	p.Leu354Val	missense	2.211732501	0.133882973	NA	NA	FALSE	TRUE
L354R	p.Leu354Arg	missense	-0.247694535	0.584601246	0.730505511	pathogenic moderate	FALSE	FALSE
L354D	p.Leu354Asp	missense	-0.366192731	0.252178497	1.015024902	pathogenic moderate	FALSE	FALSE
L354F	p.Leu354Phe	missense	0.647524378	0.507420726	NA	NA	TRUE	FALSE
L354T	p.Leu354Thr	missense	-0.36272841	0.877215202	NA	NA	TRUE	FALSE
L354I	p.Leu354Ile	missense	-0.249284726	0.495123473	0.733446941	pathogenic moderate	FALSE	FALSE
L354L	p.Leu354=	synonymous	0.960586707	0.448360916	NA	NA	FALSE	FALSE
L354K	p.Leu354Lys	missense	1.155536083	0.166815235	-0.565490805	benign supporting	FALSE	FALSE
L354G	p.Leu354Gly	missense	-0.540737516	0.555496862	4.829263871	pathogenic very strong	FALSE	FALSE
L354Y	p.Leu354Tyr	missense	0.619786089	0.143401488	NA	NA	TRUE	FALSE
L354N	p.Leu354Asn	missense	NA	NA	NA	NA	NA	NA
L354C	p.Leu354Cys	missense	1.757653922	0.14597243	NA	NA	FALSE	TRUE
L354P	p.Leu354Pro	missense	-0.951141599	0.80096125	4.52241389	pathogenic very strong	FALSE	FALSE
L354E	p.Leu354Glu	missense	-0.188652004	0.255369579	0.644909807	pathogenic moderate	FALSE	FALSE
L354M	p.Leu354Met	missense	1.032125044	0.072612096	-0.528673454	benign supporting	FALSE	FALSE
L354W	p.Leu354Trp	missense	-0.780855227	0.132478791	4.675918557	pathogenic very strong	FALSE	FALSE
L354H	p.Leu354His	missense	0.196757683	0.238083919	0.586143306	pathogenic supporting	FALSE	FALSE
L354Q	p.Leu354Gln	missense	-0.306893071	0.976691926	NA	NA	TRUE	FALSE
L354*	p.Leu354*	nonsense	0.43514673	0.380812941	NA	NA	TRUE	FALSE
L355S	p.Leu355Ser	missense	0.821011499	0.14251873	-0.324483606	benign supporting	FALSE	FALSE
L355A	p.Leu355Ala	missense	0.904874961	0.068660618	-0.431727291	benign supporting	FALSE	FALSE
L355V	p.Leu355Val	missense	0.969863649	0.129771249	-0.486125716	benign supporting	FALSE	FALSE
L355R	p.Leu355Arg	missense	0.156753875	0.10835568	0.571872573	pathogenic supporting	FALSE	FALSE
L355D	p.Leu355Asp	missense	-1.336838611	1.029095837	4.09407004	pathogenic very strong	FALSE	FALSE
L355F	p.Leu355Phe	missense	0.080655287	0.199534301	0.545773251	pathogenic supporting	FALSE	FALSE
L355T	p.Leu355Thr	missense	0.753492622	0.073723643	-0.227858155	indeterminate	FALSE	FALSE
L355I	p.Leu355Ile	missense	0.802020787	0.22708303	-0.298212955	indeterminate	FALSE	FALSE
L355L	p.Leu355=	synonymous	1.358617448	0.418543589	NA	NA	FALSE	FALSE
L355K	p.Leu355Lys	missense	-0.613290649	0.168301286	4.795602294	pathogenic very strong	FALSE	FALSE
L355G	p.Leu355Gly	missense	1.33081915	0.256861335	-0.528538753	benign supporting	FALSE	FALSE
L355Y	p.Leu355Tyr	missense	-1.443405102	0.680988668	4.002664676	pathogenic very strong	FALSE	FALSE
L355N	p.Leu355Asn	missense	0.262966309	0.124424286	0.546513109	pathogenic supporting	FALSE	FALSE
L355C	p.Leu355Cys	missense	1.048201116	0.073492691	-0.537571066	benign supporting	FALSE	FALSE
L355P	p.Leu355Pro	missense	-0.01589632	0.32756842	0.54778098	pathogenic supporting	FALSE	FALSE
L355E	p.Leu355Glu	missense	0.557343855	0.177244321	NA	NA	TRUE	FALSE
L355M	p.Leu355Met	missense	0.92799117	0.083063219	-0.453690544	benign supporting	FALSE	FALSE
L355W	p.Leu355Trp	missense	-0.234520453	0.098309062	0.70764903	pathogenic moderate	FALSE	FALSE
L355H	p.Leu355His	missense	0.578898004	0.119229828	NA	NA	TRUE	FALSE
L355Q	p.Leu355Gln	missense	0.40383686	0.351328208	NA	NA	TRUE	FALSE
L355*	p.Leu355*	nonsense	-0.494093283	0.170148789	NA	NA	FALSE	FALSE
S356S	p.Ser356=	synonymous	0.905506427	0.246866499	NA	NA	FALSE	FALSE
S356A	p.Ser356Ala	missense	0.844711078	0.614462828	NA	NA	TRUE	FALSE
S356V	p.Ser356Val	missense	0.853578296	0.099420563	-0.369930322	benign supporting	FALSE	FALSE
S356R	p.Ser356Arg	missense	0.82756704	0.369739543	NA	NA	TRUE	FALSE
S356D	p.Ser356Asp	missense	0.21336906	0.107936332	0.584294517	pathogenic supporting	FALSE	FALSE
S356F	p.Ser356Phe	missense	1.564443678	0.088306654	NA	NA	FALSE	TRUE
S356T	p.Ser356Thr	missense	0.827939572	0.687637506	NA	NA	TRUE	FALSE
S356I	p.Ser356Ile	missense	1.318456178	0.553262309	-0.534572671	benign supporting	FALSE	FALSE
S356L	p.Ser356Leu	missense	0.97111003	0.088795167	-0.486986889	benign supporting	FALSE	FALSE
S356K	p.Ser356Lys	missense	1.073284025	0.210925759	-0.549868499	benign supporting	FALSE	FALSE
S356G	p.Ser356Gly	missense	1.445218856	0.315810639	-0.438799004	benign supporting	FALSE	FALSE
S356Y	p.Ser356Tyr	missense	1.557548927	0.201551627	NA	NA	FALSE	TRUE
S356N	p.Ser356Asn	missense	-0.74982617	1.134947517	4.703817821	pathogenic very strong	FALSE	FALSE
S356C	p.Ser356Cys	missense	1.082642657	0.178851944	-0.553976855	benign supporting	FALSE	FALSE
S356P	p.Ser356Pro	missense	1.16148126	0.624701445	-0.566141103	benign supporting	FALSE	FALSE
S356E	p.Ser356Glu	missense	0.776516589	0.124406523	-0.261454116	indeterminate	FALSE	FALSE
S356M	p.Ser356Met	missense	1.012828308	0.194873231	-0.516891742	benign supporting	FALSE	FALSE
S356W	p.Ser356Trp	missense	1.219487193	0.162778248	-0.565520218	benign supporting	FALSE	FALSE
S356H	p.Ser356His	missense	0.056913908	0.171512045	0.54380671	pathogenic supporting	FALSE	FALSE
S356Q	p.Ser356Gln	missense	0.566285506	0.122393133	NA	NA	TRUE	FALSE
S356*	p.Ser356*	nonsense	0.455642571	0.498150302	NA	NA	TRUE	FALSE
S357S	p.Ser357=	synonymous	1.003361825	0.655568162	NA	NA	TRUE	FALSE
S357A	p.Ser357Ala	missense	1.114315851	0.110711369	-0.560739573	benign supporting	FALSE	FALSE
S357V	p.Ser357Val	missense	NA	NA	NA	NA	NA	NA
S357R	p.Ser357Arg	missense	-0.220156075	0.271550391	0.685468212	pathogenic moderate	FALSE	FALSE
S357D	p.Ser357Asp	missense	2.335176516	0.048211068	NA	NA	FALSE	TRUE
S357F	p.Ser357Phe	missense	1.435183681	0.084327708	-0.448867133	benign supporting	FALSE	FALSE
S357T	p.Ser357Thr	missense	1.404115705	0.352366974	-0.478952084	benign supporting	FALSE	FALSE
S357I	p.Ser357Ile	missense	0.605946087	0.134687709	NA	NA	TRUE	FALSE
S357L	p.Ser357Leu	missense	1.198747826	0.320949599	-0.568409255	benign supporting	FALSE	FALSE
S357K	p.Ser357Lys	missense	NA	NA	NA	NA	NA	NA
S357G	p.Ser357Gly	missense	0.982881379	0.112697039	-0.496051756	benign supporting	FALSE	FALSE
S357Y	p.Ser357Tyr	missense	1.298401967	0.03950334	-0.544884442	benign supporting	FALSE	FALSE
S357N	p.Ser357Asn	missense	NA	NA	NA	NA	NA	NA
S357C	p.Ser357Cys	missense	1.287825102	0.500429846	-0.549701507	benign supporting	FALSE	FALSE
S357P	p.Ser357Pro	missense	1.442890075	0.11902942	-0.441222781	benign supporting	FALSE	FALSE
S357E	p.Ser357Glu	missense	0.686001196	1.257902491	NA	NA	TRUE	FALSE
S357M	p.Ser357Met	missense	0.849112135	0.138195403	-0.364227455	benign supporting	FALSE	FALSE
S357W	p.Ser357Trp	missense	-0.523681368	0.198190417	4.835990228	pathogenic very strong	FALSE	FALSE
S357H	p.Ser357His	missense	-0.276670327	0.171038407	0.79154681	pathogenic moderate	FALSE	FALSE
S357Q	p.Ser357Gln	missense	-0.163462253	0.168109208	0.618829828	pathogenic supporting	FALSE	FALSE
S357*	p.Ser357*	nonsense	NA	NA	NA	NA	NA	NA
Q358S	p.Gln358Ser	missense	NA	NA	NA	NA	NA	NA
Q358A	p.Gln358Ala	missense	NA	NA	NA	NA	NA	NA
Q358V	p.Gln358Val	missense	NA	NA	NA	NA	NA	NA
Q358R	p.Gln358Arg	missense	1.589311107	0.251097155	NA	NA	FALSE	TRUE
Q358D	p.Gln358Asp	missense	NA	NA	NA	NA	NA	NA
Q358F	p.Gln358Phe	missense	1.068940579	0.081258395	-0.547874055	benign supporting	FALSE	FALSE
Q358T	p.Gln358Thr	missense	NA	NA	NA	NA	NA	NA
Q358I	p.Gln358Ile	missense	1.203118403	0.172053551	-0.567944067	benign supporting	FALSE	FALSE
Q358L	p.Gln358Leu	missense	0.498610595	0.75680392	NA	NA	TRUE	FALSE
Q358K	p.Gln358Lys	missense	0.538689377	0.152688829	NA	NA	TRUE	FALSE
Q358G	p.Gln358Gly	missense	NA	NA	NA	NA	NA	NA
Q358Y	p.Gln358Tyr	missense	1.174504638	0.251462009	-0.567139227	benign supporting	FALSE	FALSE
Q358N	p.Gln358Asn	missense	NA	NA	NA	NA	NA	NA
Q358C	p.Gln358Cys	missense	NA	NA	NA	NA	NA	NA
Q358P	p.Gln358Pro	missense	1.35886884	0.126483261	-0.511611172	benign supporting	FALSE	FALSE
Q358E	p.Gln358Glu	missense	0.602009487	0.232272449	NA	NA	TRUE	FALSE
Q358M	p.Gln358Met	missense	NA	NA	NA	NA	NA	NA
Q358W	p.Gln358Trp	missense	-0.986223311	0.70288275	4.484507221	pathogenic very strong	FALSE	FALSE
Q358H	p.Gln358His	missense	1.154418289	1.565000086	NA	NA	TRUE	FALSE
Q358Q	p.Gln358=	synonymous	2.409569145	0.09547558	NA	NA	FALSE	TRUE
Q358*	p.Gln358*	nonsense	0.440985392	0.125075206	NA	NA	TRUE	FALSE
E359S	p.Glu359Ser	missense	0.352907741	0.102058685	0.434803169	pathogenic supporting	FALSE	FALSE
E359A	p.Glu359Ala	missense	1.22718428	0.326493577	-0.564821053	benign supporting	FALSE	FALSE
E359V	p.Glu359Val	missense	0.697896299	0.723730232	NA	NA	TRUE	FALSE
E359R	p.Glu359Arg	missense	0.641478454	0.426072654	NA	NA	TRUE	FALSE
E359D	p.Glu359Asp	missense	0.772504034	1.107109657	NA	NA	TRUE	FALSE
E359F	p.Glu359Phe	missense	0.906512246	0.342963421	-0.433532814	benign supporting	FALSE	FALSE
E359T	p.Glu359Thr	missense	0.795081114	0.145493158	-0.288049917	indeterminate	FALSE	FALSE
E359I	p.Glu359Ile	missense	-1.05221586	0.716427945	4.424547197	pathogenic very strong	FALSE	FALSE
E359L	p.Glu359Leu	missense	0.548545888	0.273490664	NA	NA	TRUE	FALSE
E359K	p.Glu359Lys	missense	0.499717992	0.285698886	NA	NA	TRUE	FALSE
E359G	p.Glu359Gly	missense	0.776680261	0.543609121	NA	NA	TRUE	FALSE
E359Y	p.Glu359Tyr	missense	NA	NA	NA	NA	NA	NA
E359N	p.Glu359Asn	missense	0.683162617	0.163741625	-0.119600821	indeterminate	FALSE	FALSE
E359C	p.Glu359Cys	missense	NA	NA	NA	NA	NA	NA
E359P	p.Glu359Pro	missense	-0.053382394	0.604990681	NA	NA	TRUE	FALSE
E359E	p.Glu359=	synonymous	1.339002137	0.820838928	NA	NA	FALSE	FALSE
E359M	p.Glu359Met	missense	NA	NA	NA	NA	NA	NA
E359W	p.Glu359Trp	missense	1.826516333	0.575015326	NA	NA	FALSE	TRUE
E359H	p.Glu359His	missense	NA	NA	NA	NA	NA	NA
E359Q	p.Glu359Gln	missense	1.107965249	0.170999522	-0.55967727	benign supporting	FALSE	FALSE
E359*	p.Glu359*	nonsense	0.008019509	0.434377809	NA	NA	FALSE	FALSE
E360S	p.Glu360Ser	missense	0.917874739	0.129797042	-0.444742403	benign supporting	FALSE	FALSE
E360A	p.Glu360Ala	missense	1.400155537	0.116429566	-0.482274301	benign supporting	FALSE	FALSE
E360V	p.Glu360Val	missense	0.965457915	0.230237194	-0.483035938	benign supporting	FALSE	FALSE
E360R	p.Glu360Arg	missense	1.318379974	0.224701288	-0.534607384	benign supporting	FALSE	FALSE
E360D	p.Glu360Asp	missense	0.871582942	0.050852981	-0.392034789	benign supporting	FALSE	FALSE
E360F	p.Glu360Phe	missense	NA	NA	NA	NA	NA	NA
E360T	p.Glu360Thr	missense	0.92859725	0.103413447	-0.454211913	benign supporting	FALSE	FALSE
E360I	p.Glu360Ile	missense	1.199803368	0.09385766	-0.568303762	benign supporting	FALSE	FALSE
E360L	p.Glu360Leu	missense	0.658730978	0.457864321	NA	NA	TRUE	FALSE
E360K	p.Glu360Lys	missense	1.202063995	0.096183527	-0.568063162	benign supporting	FALSE	FALSE
E360G	p.Glu360Gly	missense	1.117944057	0.36445541	-0.561283352	benign supporting	FALSE	FALSE
E360Y	p.Glu360Tyr	missense	1.248909785	1.427215227	NA	NA	TRUE	FALSE
E360N	p.Glu360Asn	missense	0.446258194	0.102830484	NA	NA	TRUE	FALSE
E360C	p.Glu360Cys	missense	0.659476809	0.122612704	-0.078786893	indeterminate	FALSE	FALSE
E360P	p.Glu360Pro	missense	1.027460753	0.128516496	-0.525937989	benign supporting	FALSE	FALSE
E360E	p.Glu360=	synonymous	1.251789224	0.086229841	NA	NA	FALSE	FALSE
E360M	p.Glu360Met	missense	1.037675038	0.088751786	-0.531837317	benign supporting	FALSE	FALSE
E360W	p.Glu360Trp	missense	NA	NA	NA	NA	NA	NA
E360H	p.Glu360His	missense	-0.414211762	0.614730179	1.149620304	pathogenic moderate	FALSE	FALSE
E360Q	p.Glu360Gln	missense	1.208299635	0.208239372	-0.567294647	benign supporting	FALSE	FALSE
E360*	p.Glu360*	nonsense	-0.088910289	0.125011467	NA	NA	FALSE	FALSE
D361S	p.Asp361Ser	missense	0.498769236	0.397997004	NA	NA	TRUE	FALSE
D361A	p.Asp361Ala	missense	1.614909776	0.424001864	NA	NA	FALSE	TRUE
D361V	p.Asp361Val	missense	1.00164184	0.263414182	-0.509484386	benign supporting	FALSE	FALSE
D361R	p.Asp361Arg	missense	1.198711262	0.536587722	-0.568412832	benign supporting	FALSE	FALSE
D361D	p.Asp361=	synonymous	0.960390681	0.05156531	NA	NA	FALSE	FALSE
D361F	p.Asp361Phe	missense	1.699436683	0.057755115	NA	NA	FALSE	TRUE
D361T	p.Asp361Thr	missense	0.821783249	0.098095146	-0.325613015	benign supporting	FALSE	FALSE
D361I	p.Asp361Ile	missense	1.154109217	0.116580154	-0.565316878	benign supporting	FALSE	FALSE
D361L	p.Asp361Leu	missense	0.515723032	0.119447522	NA	NA	TRUE	FALSE
D361K	p.Asp361Lys	missense	0.105730458	0.263054879	0.552198092	pathogenic supporting	FALSE	FALSE
D361G	p.Asp361Gly	missense	0.937100138	0.385754715	-0.461356889	benign supporting	FALSE	FALSE
D361Y	p.Asp361Tyr	missense	0.976756643	0.076004944	-0.491378598	benign supporting	FALSE	FALSE
D361N	p.Asp361Asn	missense	0.99847805	0.062900963	-0.507309461	benign supporting	FALSE	FALSE
D361C	p.Asp361Cys	missense	NA	NA	NA	NA	NA	NA
D361P	p.Asp361Pro	missense	1.180378624	0.251582971	-0.567743242	benign supporting	FALSE	FALSE
D361E	p.Asp361Glu	missense	0.728547362	0.146275334	-0.188983479	indeterminate	FALSE	FALSE
D361M	p.Asp361Met	missense	0.423399474	0.088759416	NA	NA	TRUE	FALSE
D361W	p.Asp361Trp	missense	1.227535484	0.15631328	-0.564787736	benign supporting	FALSE	FALSE
D361H	p.Asp361His	missense	1.16321385	0.75902855	NA	NA	TRUE	FALSE
D361Q	p.Asp361Gln	missense	1.717879443	0.192659634	NA	NA	FALSE	TRUE
D361*	p.Asp361*	nonsense	-0.340623811	0.643818977	NA	NA	FALSE	FALSE
C362S	p.Cys362Ser	missense	0.407629556	0.523900368	NA	NA	TRUE	FALSE
C362A	p.Cys362Ala	missense	-1.191598334	0.686951318	4.248621329	pathogenic very strong	FALSE	FALSE
C362V	p.Cys362Val	missense	1.22515613	0.126410128	-0.565004315	benign supporting	FALSE	FALSE
C362R	p.Cys362Arg	missense	1.117061589	0.13397518	-0.561155335	benign supporting	FALSE	FALSE
C362D	p.Cys362Asp	missense	-0.119259696	0.239228587	0.583357469	pathogenic supporting	FALSE	FALSE
C362F	p.Cys362Phe	missense	0.755527832	0.080336795	-0.230824017	indeterminate	FALSE	FALSE
C362T	p.Cys362Thr	missense	0.065218881	0.213395125	0.544313941	pathogenic supporting	FALSE	FALSE
C362I	p.Cys362Ile	missense	-1.369819259	0.525669877	4.052880432	pathogenic very strong	FALSE	FALSE
C362L	p.Cys362Leu	missense	0.84993842	0.250402144	-0.365291857	benign supporting	FALSE	FALSE
C362K	p.Cys362Lys	missense	NA	NA	NA	NA	NA	NA
C362G	p.Cys362Gly	missense	1.013191051	0.12401106	-0.517124694	benign supporting	FALSE	FALSE
C362Y	p.Cys362Tyr	missense	1.250777532	0.050030877	-0.561508555	benign supporting	FALSE	FALSE
C362N	p.Cys362Asn	missense	0.750143041	0.191562611	-0.222911216	indeterminate	FALSE	FALSE
C362C	p.Cys362=	synonymous	1.348376871	0.430217184	NA	NA	FALSE	FALSE
C362P	p.Cys362Pro	missense	-0.108858339	0.277087585	0.577691279	pathogenic supporting	FALSE	FALSE
C362E	p.Cys362Glu	missense	NA	NA	NA	NA	NA	NA
C362M	p.Cys362Met	missense	-0.065559078	0.13397569	0.559821853	pathogenic supporting	FALSE	FALSE
C362W	p.Cys362Trp	missense	0.762063891	0.089743634	-0.240151789	indeterminate	FALSE	FALSE
C362H	p.Cys362His	missense	1.341133323	0.086596534	-0.522863187	benign supporting	FALSE	FALSE
C362Q	p.Cys362Gln	missense	-0.04291717	0.191784687	0.553310178	pathogenic supporting	FALSE	FALSE
C362*	p.Cys362*	nonsense	-2.349930065	0.695488088	NA	NA	FALSE	FALSE
L363S	p.Leu363Ser	missense	1.779459365	0.065204147	NA	NA	FALSE	TRUE
L363A	p.Leu363Ala	missense	1.421477975	0.403059353	-0.462819377	benign supporting	FALSE	FALSE
L363V	p.Leu363Val	missense	1.018367837	0.213050126	-0.520400564	benign supporting	FALSE	FALSE
L363R	p.Leu363Arg	missense	0.671021726	0.116626693	-0.097439665	indeterminate	FALSE	FALSE
L363D	p.Leu363Asp	missense	-0.244420111	1.047238162	NA	NA	TRUE	FALSE
L363F	p.Leu363Phe	missense	1.083766283	0.048755584	-0.554355728	benign supporting	FALSE	FALSE
L363T	p.Leu363Thr	missense	0.842860907	0.263398176	-0.356033828	benign supporting	FALSE	FALSE
L363I	p.Leu363Ile	missense	0.898892836	0.065005953	-0.425021231	benign supporting	FALSE	FALSE
L363L	p.Leu363=	synonymous	0.862395636	0.217258573	NA	NA	FALSE	FALSE
L363K	p.Leu363Lys	missense	NA	NA	NA	NA	NA	NA
L363G	p.Leu363Gly	missense	1.506623731	0.124278524	NA	NA	FALSE	TRUE
L363Y	p.Leu363Tyr	missense	NA	NA	NA	NA	NA	NA
L363N	p.Leu363Asn	missense	NA	NA	NA	NA	NA	NA
L363C	p.Leu363Cys	missense	NA	NA	NA	NA	NA	NA
L363P	p.Leu363Pro	missense	1.282227173	0.224254556	-0.552024778	benign supporting	FALSE	FALSE
L363E	p.Leu363Glu	missense	NA	NA	NA	NA	NA	NA
L363M	p.Leu363Met	missense	-1.42650821	0.823681065	4.011142555	pathogenic very strong	FALSE	FALSE
L363W	p.Leu363Trp	missense	0.43157959	0.410158107	NA	NA	TRUE	FALSE
L363H	p.Leu363His	missense	0.395153568	0.772065661	NA	NA	TRUE	FALSE
L363Q	p.Leu363Gln	missense	NA	NA	NA	NA	NA	NA
L363*	p.Leu363*	nonsense	1.795524966	0.075984638	NA	NA	FALSE	TRUE
I364S	p.Ile364Ser	missense	-0.104353836	0.367852927	0.57546645	pathogenic supporting	FALSE	FALSE
I364A	p.Ile364Ala	missense	0.552306257	0.091351282	NA	NA	TRUE	FALSE
I364V	p.Ile364Val	missense	0.430560478	0.847594485	NA	NA	TRUE	FALSE
I364R	p.Ile364Arg	missense	-0.703272903	0.816527661	4.74015924	pathogenic very strong	FALSE	FALSE
I364D	p.Ile364Asp	missense	-0.38144509	0.214621056	1.051042489	pathogenic moderate	FALSE	FALSE
I364F	p.Ile364Phe	missense	-0.081981554	0.225089913	0.565710645	pathogenic supporting	FALSE	FALSE
I364T	p.Ile364Thr	missense	0.879775879	0.357494228	-0.402364838	benign supporting	FALSE	FALSE
I364I	p.Ile364=	synonymous	1.009240481	0.54940948	NA	NA	TRUE	FALSE
I364L	p.Ile364Leu	missense	0.494877262	0.160491957	NA	NA	TRUE	FALSE
I364K	p.Ile364Lys	missense	NA	NA	NA	NA	NA	NA
I364G	p.Ile364Gly	missense	-1.237878102	0.702721543	4.189579469	pathogenic very strong	FALSE	FALSE
I364Y	p.Ile364Tyr	missense	-0.415282538	0.893340191	1.153483208	pathogenic moderate	FALSE	FALSE
I364N	p.Ile364Asn	missense	-0.752346233	0.271182645	4.701670334	pathogenic very strong	FALSE	FALSE
I364C	p.Ile364Cys	missense	-1.310631135	0.313139181	4.122994416	pathogenic very strong	FALSE	FALSE
I364P	p.Ile364Pro	missense	0.788925641	0.185274579	-0.279074635	indeterminate	FALSE	FALSE
I364E	p.Ile364Glu	missense	-0.105001888	0.554892323	0.575780921	pathogenic supporting	FALSE	FALSE
I364M	p.Ile364Met	missense	1.418962963	0.104812138	-0.465323735	benign supporting	FALSE	FALSE
I364W	p.Ile364Trp	missense	-0.59775856	0.203106295	4.803545369	pathogenic very strong	FALSE	FALSE
I364H	p.Ile364His	missense	NA	NA	NA	NA	NA	NA
I364Q	p.Ile364Gln	missense	-0.936785595	0.449208473	4.536476201	pathogenic very strong	FALSE	FALSE
I364*	p.Ile364*	nonsense	0.020122434	0.385775152	NA	NA	FALSE	FALSE
K365S	p.Lys365Ser	missense	0.31657417	0.747044209	NA	NA	TRUE	FALSE
K365A	p.Lys365Ala	missense	0.581240817	0.181354877	NA	NA	TRUE	FALSE
K365V	p.Lys365Val	missense	0.52110773	0.263866294	NA	NA	TRUE	FALSE
K365R	p.Lys365Arg	missense	0.726223076	0.673267575	NA	NA	TRUE	FALSE
K365D	p.Lys365Asp	missense	0.821327568	0.922845196	NA	NA	TRUE	FALSE
K365F	p.Lys365Phe	missense	-0.781287333	0.470289948	4.675506509	pathogenic very strong	FALSE	FALSE
K365T	p.Lys365Thr	missense	1.278954234	0.221079507	-0.553359406	benign supporting	FALSE	FALSE
K365I	p.Lys365Ile	missense	1.193488707	0.115094218	-0.568870527	benign supporting	FALSE	FALSE
K365L	p.Lys365Leu	missense	0.605695646	0.265961827	NA	NA	TRUE	FALSE
K365K	p.Lys365=	synonymous	1.030366733	0.116763737	NA	NA	FALSE	FALSE
K365G	p.Lys365Gly	missense	0.983078817	0.073512947	-0.49619998	benign supporting	FALSE	FALSE
K365Y	p.Lys365Tyr	missense	0.508822965	0.075755739	NA	NA	TRUE	FALSE
K365N	p.Lys365Asn	missense	1.562238959	0.060404165	NA	NA	FALSE	TRUE
K365C	p.Lys365Cys	missense	1.114944886	0.063330902	-0.56083715	benign supporting	FALSE	FALSE
K365P	p.Lys365Pro	missense	-1.399011513	0.774415811	4.023985961	pathogenic very strong	FALSE	FALSE
K365E	p.Lys365Glu	missense	1.17693215	0.125484387	-0.56725926	benign supporting	FALSE	FALSE
K365M	p.Lys365Met	missense	1.280958512	0.078630177	-0.552530215	benign supporting	FALSE	FALSE
K365W	p.Lys365Trp	missense	-0.109184307	0.204800771	0.577855842	pathogenic supporting	FALSE	FALSE
K365H	p.Lys365His	missense	NA	NA	NA	NA	NA	NA
K365Q	p.Lys365Gln	missense	0.029522586	0.357591859	0.543510839	pathogenic supporting	FALSE	FALSE
K365*	p.Lys365*	nonsense	0.299435169	1.048869548	NA	NA	TRUE	FALSE
I366S	p.Ile366Ser	missense	-0.431400929	0.297612451	1.218384594	pathogenic moderate	FALSE	FALSE
I366A	p.Ile366Ala	missense	1.464877053	0.119548755	NA	NA	FALSE	TRUE
I366V	p.Ile366Val	missense	1.881473148	0.068697133	NA	NA	FALSE	TRUE
I366R	p.Ile366Arg	missense	-0.275892706	0.149995519	0.789675547	pathogenic moderate	FALSE	FALSE
I366D	p.Ile366Asp	missense	-1.078580736	0.272739328	4.396048144	pathogenic very strong	FALSE	FALSE
I366F	p.Ile366Phe	missense	0.282959846	1.256765624	NA	NA	TRUE	FALSE
I366T	p.Ile366Thr	missense	1.068009946	0.124566734	-0.547439444	benign supporting	FALSE	FALSE
I366I	p.Ile366=	synonymous	0.857810157	1.44709206	NA	NA	TRUE	FALSE
I366L	p.Ile366Leu	missense	0.862651638	0.514606878	NA	NA	TRUE	FALSE
I366K	p.Ile366Lys	missense	0.154457946	0.123615595	0.5708041	pathogenic supporting	FALSE	FALSE
I366G	p.Ile366Gly	missense	-0.618704687	0.52931515	4.792731621	pathogenic very strong	FALSE	FALSE
I366Y	p.Ile366Tyr	missense	0.343786591	0.199049826	NA	NA	TRUE	FALSE
I366N	p.Ile366Asn	missense	0.109337632	1.507690811	NA	NA	TRUE	FALSE
I366C	p.Ile366Cys	missense	1.244110575	0.054020754	-0.562670802	benign supporting	FALSE	FALSE
I366P	p.Ile366Pro	missense	-1.561813686	0.972955438	3.928248998	pathogenic very strong	FALSE	FALSE
I366E	p.Ile366Glu	missense	-0.00989759	0.103289292	0.546865275	pathogenic supporting	FALSE	FALSE
I366M	p.Ile366Met	missense	1.659601977	0.074648911	NA	NA	FALSE	TRUE
I366W	p.Ile366Trp	missense	-0.401909482	0.207814947	1.10851075	pathogenic moderate	FALSE	FALSE
I366H	p.Ile366His	missense	NA	NA	NA	NA	NA	NA
I366Q	p.Ile366Gln	missense	-0.352389488	0.104277421	0.986360022	pathogenic moderate	FALSE	FALSE
I366*	p.Ile366*	nonsense	-1.247689116	0.699507885	NA	NA	FALSE	FALSE
T367S	p.Thr367Ser	missense	0.707759969	0.122842032	-0.158151343	indeterminate	FALSE	FALSE
T367A	p.Thr367Ala	missense	0.242515693	0.289463316	NA	NA	TRUE	FALSE
T367V	p.Thr367Val	missense	-0.22688812	0.146241815	0.695535557	pathogenic moderate	FALSE	FALSE
T367R	p.Thr367Arg	missense	-0.911615084	0.359510347	4.559360681	pathogenic very strong	FALSE	FALSE
T367D	p.Thr367Asp	missense	0.16023405	0.232530545	0.573526999	pathogenic supporting	FALSE	FALSE
T367F	p.Thr367Phe	missense	NA	NA	NA	NA	NA	NA
T367T	p.Thr367=	synonymous	0.637146898	0.143574114	NA	NA	TRUE	FALSE
T367I	p.Thr367Ile	missense	0.184756907	0.093572773	0.588389208	pathogenic supporting	FALSE	FALSE
T367L	p.Thr367Leu	missense	-0.252248766	0.347849502	0.739042589	pathogenic moderate	FALSE	FALSE
T367K	p.Thr367Lys	missense	0.033711866	0.220460483	0.543418666	pathogenic supporting	FALSE	FALSE
T367G	p.Thr367Gly	missense	0.40593113	0.103094405	NA	NA	TRUE	FALSE
T367Y	p.Thr367Tyr	missense	-0.791879517	0.78983124	4.665188627	pathogenic very strong	FALSE	FALSE
T367N	p.Thr367Asn	missense	1.366511462	0.042751684	-0.506128814	benign supporting	FALSE	FALSE
T367C	p.Thr367Cys	missense	-1.360994369	0.904283995	4.064484033	pathogenic very strong	FALSE	FALSE
T367P	p.Thr367Pro	missense	-0.883429609	0.699937698	4.582596561	pathogenic very strong	FALSE	FALSE
T367E	p.Thr367Glu	missense	-0.979225692	0.236158485	4.492503813	pathogenic very strong	FALSE	FALSE
T367M	p.Thr367Met	missense	1.526678749	0.359321874	NA	NA	FALSE	TRUE
T367W	p.Thr367Trp	missense	0.377910232	0.281587395	NA	NA	TRUE	FALSE
T367H	p.Thr367His	missense	-1.11119799	1.106137768	4.356205114	pathogenic very strong	FALSE	FALSE
T367Q	p.Thr367Gln	missense	-0.89095093	0.123623124	4.576625254	pathogenic very strong	FALSE	FALSE
T367*	p.Thr367*	nonsense	-1.09561378	0.249698155	NA	NA	FALSE	FALSE
D368S	p.Asp368Ser	missense	-1.65174328	0.499250651	3.84796427	pathogenic very strong	FALSE	FALSE
D368A	p.Asp368Ala	missense	-0.907692939	0.665751315	4.562738154	pathogenic very strong	FALSE	FALSE
D368V	p.Asp368Val	missense	0.490590463	0.236567935	NA	NA	TRUE	FALSE
D368R	p.Asp368Arg	missense	0.024283872	0.68432147	NA	NA	TRUE	FALSE
D368D	p.Asp368=	synonymous	NA	NA	NA	NA	NA	NA
D368F	p.Asp368Phe	missense	-1.354189048	0.242557229	4.073130352	pathogenic very strong	FALSE	FALSE
D368T	p.Asp368Thr	missense	0.094034935	0.202626122	0.548827455	pathogenic supporting	FALSE	FALSE
D368I	p.Asp368Ile	missense	0.437959799	0.128165423	NA	NA	TRUE	FALSE
D368L	p.Asp368Leu	missense	-1.356245324	0.861085094	4.07054466	pathogenic very strong	FALSE	FALSE
D368K	p.Asp368Lys	missense	0.210845063	0.13596596	0.584483464	pathogenic supporting	FALSE	FALSE
D368G	p.Asp368Gly	missense	-0.669008813	0.936285956	4.763330428	pathogenic very strong	FALSE	FALSE
D368Y	p.Asp368Tyr	missense	0.330562905	0.195743718	NA	NA	TRUE	FALSE
D368N	p.Asp368Asn	missense	-0.749855547	1.488606383	NA	NA	TRUE	FALSE
D368C	p.Asp368Cys	missense	0.289762707	0.390670804	NA	NA	TRUE	FALSE
D368P	p.Asp368Pro	missense	0.614146959	0.249191492	NA	NA	TRUE	FALSE
D368E	p.Asp368Glu	missense	NA	NA	NA	NA	NA	NA
D368M	p.Asp368Met	missense	-0.688347817	0.329005951	4.750593878	pathogenic very strong	FALSE	FALSE
D368W	p.Asp368Trp	missense	-0.932569048	0.779476772	4.540461966	pathogenic very strong	FALSE	FALSE
D368H	p.Asp368His	missense	NA	NA	NA	NA	NA	NA
D368Q	p.Asp368Gln	missense	-0.62317003	0.456744756	4.790323225	pathogenic very strong	FALSE	FALSE
D368*	p.Asp368*	nonsense	-2.059691491	0.742590886	NA	NA	FALSE	FALSE
F369S	p.Phe369Ser	missense	-0.382370354	0.695360438	1.053395964	pathogenic moderate	FALSE	FALSE
F369A	p.Phe369Ala	missense	-1.125577318	0.459402082	4.336752605	pathogenic very strong	FALSE	FALSE
F369V	p.Phe369Val	missense	-0.118084338	0.476127614	0.582564505	pathogenic supporting	FALSE	FALSE
F369R	p.Phe369Arg	missense	-1.030113697	0.402124702	4.446269131	pathogenic very strong	FALSE	FALSE
F369D	p.Phe369Asp	missense	-1.062448422	0.340042635	4.413841537	pathogenic very strong	FALSE	FALSE
F369F	p.Phe369=	synonymous	2.034173748	0.041333313	NA	NA	FALSE	TRUE
F369T	p.Phe369Thr	missense	-1.713548649	0.700034182	3.774457155	pathogenic very strong	FALSE	FALSE
F369I	p.Phe369Ile	missense	-0.464630965	0.947414258	1.414889621	pathogenic strong	FALSE	FALSE
F369L	p.Phe369Leu	missense	-0.256961447	0.556263361	0.748254665	pathogenic moderate	FALSE	FALSE
F369K	p.Phe369Lys	missense	0.381660608	0.39092292	NA	NA	TRUE	FALSE
F369G	p.Phe369Gly	missense	0.115070548	0.823852259	NA	NA	TRUE	FALSE
F369Y	p.Phe369Tyr	missense	-0.20645823	1.004136061	NA	NA	TRUE	FALSE
F369N	p.Phe369Asn	missense	-1.488193934	0.911471827	3.977826865	pathogenic very strong	FALSE	FALSE
F369C	p.Phe369Cys	missense	NA	NA	NA	NA	NA	NA
F369P	p.Phe369Pro	missense	-0.137189077	0.585490943	0.596360856	pathogenic supporting	FALSE	FALSE
F369E	p.Phe369Glu	missense	-1.146089292	0.212262142	4.306658923	pathogenic very strong	FALSE	FALSE
F369M	p.Phe369Met	missense	0.469596882	0.217573226	NA	NA	TRUE	FALSE
F369W	p.Phe369Trp	missense	-0.485711155	0.096434632	1.637489662	pathogenic strong	FALSE	FALSE
F369H	p.Phe369His	missense	-1.443420195	0.964388047	4.002656895	pathogenic very strong	FALSE	FALSE
F369Q	p.Phe369Gln	missense	-0.126884916	0.542608324	0.588675658	pathogenic supporting	FALSE	FALSE
F369*	p.Phe369*	nonsense	0.810566141	0.078093718	NA	NA	FALSE	FALSE
G370S	p.Gly370Ser	missense	NA	NA	NA	NA	NA	NA
G370A	p.Gly370Ala	missense	NA	NA	NA	NA	NA	NA
G370V	p.Gly370Val	missense	-0.151376156	0.321068126	0.607950467	pathogenic supporting	FALSE	FALSE
G370R	p.Gly370Arg	missense	0.589896317	0.41343456	NA	NA	TRUE	FALSE
G370D	p.Gly370Asp	missense	1.138465537	0.137046483	-0.563480107	benign supporting	FALSE	FALSE
G370F	p.Gly370Phe	missense	NA	NA	NA	NA	NA	NA
G370T	p.Gly370Thr	missense	NA	NA	NA	NA	NA	NA
G370I	p.Gly370Ile	missense	NA	NA	NA	NA	NA	NA
G370L	p.Gly370Leu	missense	-0.258579122	0.356660788	0.751509789	pathogenic moderate	FALSE	FALSE
G370K	p.Gly370Lys	missense	NA	NA	NA	NA	NA	NA
G370G	p.Gly370=	synonymous	0.940582841	0.097204591	NA	NA	FALSE	FALSE
G370Y	p.Gly370Tyr	missense	NA	NA	NA	NA	NA	NA
G370N	p.Gly370Asn	missense	NA	NA	NA	NA	NA	NA
G370C	p.Gly370Cys	missense	NA	NA	NA	NA	NA	NA
G370P	p.Gly370Pro	missense	-0.538142052	0.91529354	4.83031465	pathogenic very strong	FALSE	FALSE
G370E	p.Gly370Glu	missense	0.294014124	0.276032438	NA	NA	TRUE	FALSE
G370M	p.Gly370Met	missense	NA	NA	NA	NA	NA	NA
G370W	p.Gly370Trp	missense	0.296258017	0.080661054	0.503490715	pathogenic supporting	FALSE	FALSE
G370H	p.Gly370His	missense	NA	NA	NA	NA	NA	NA
G370Q	p.Gly370Gln	missense	-0.821996939	0.924464357	4.639949238	pathogenic very strong	FALSE	FALSE
G370*	p.Gly370*	nonsense	NA	NA	NA	NA	NA	NA
H371S	p.His371Ser	missense	-0.24880892	0.59806505	0.732562455	pathogenic moderate	FALSE	FALSE
H371A	p.His371Ala	missense	0.21931976	0.107196843	0.583274202	pathogenic supporting	FALSE	FALSE
H371V	p.His371Val	missense	-0.645843423	0.348591975	4.77750496	pathogenic very strong	FALSE	FALSE
H371R	p.His371Arg	missense	0.134556262	1.133515586	NA	NA	TRUE	FALSE
H371D	p.His371Asp	missense	NA	NA	NA	NA	NA	NA
H371F	p.His371Phe	missense	0.342136211	0.123531267	0.448346477	pathogenic supporting	FALSE	FALSE
H371T	p.His371Thr	missense	-0.413259824	0.117534523	1.146227283	pathogenic moderate	FALSE	FALSE
H371I	p.His371Ile	missense	NA	NA	NA	NA	NA	NA
H371L	p.His371Leu	missense	2.079093699	0.513841508	NA	NA	FALSE	TRUE
H371K	p.His371Lys	missense	NA	NA	NA	NA	NA	NA
H371G	p.His371Gly	missense	-0.49118541	0.538196926	1.725063037	pathogenic strong	FALSE	FALSE
H371Y	p.His371Tyr	missense	NA	NA	NA	NA	NA	NA
H371N	p.His371Asn	missense	1.661428444	0.056612622	NA	NA	FALSE	TRUE
H371C	p.His371Cys	missense	NA	NA	NA	NA	NA	NA
H371P	p.His371Pro	missense	0.361597521	0.802526825	NA	NA	TRUE	FALSE
H371E	p.His371Glu	missense	NA	NA	NA	NA	NA	NA
H371M	p.His371Met	missense	0.525577832	0.300001571	NA	NA	TRUE	FALSE
H371W	p.His371Trp	missense	1.279000913	0.52770017	-0.553335449	benign supporting	FALSE	FALSE
H371H	p.His371=	synonymous	0.954579427	0.083707985	NA	NA	FALSE	FALSE
H371Q	p.His371Gln	missense	1.4051601	0.145580552	-0.478054883	benign supporting	FALSE	FALSE
H371*	p.His371*	nonsense	NA	NA	NA	NA	NA	NA
S372S	p.Ser372=	synonymous	0.784016488	0.124039318	NA	NA	FALSE	FALSE
S372A	p.Ser372Ala	missense	1.897383025	0.242929311	NA	NA	FALSE	TRUE
S372V	p.Ser372Val	missense	-0.745415654	0.798580131	4.707528782	pathogenic very strong	FALSE	FALSE
S372R	p.Ser372Arg	missense	-0.593716537	0.91044437	4.805543159	pathogenic very strong	FALSE	FALSE
S372D	p.Ser372Asp	missense	NA	NA	NA	NA	NA	NA
S372F	p.Ser372Phe	missense	0.394294304	0.525394882	NA	NA	TRUE	FALSE
S372T	p.Ser372Thr	missense	0.839816796	0.755204049	NA	NA	TRUE	FALSE
S372I	p.Ser372Ile	missense	0.450963344	0.117792279	NA	NA	TRUE	FALSE
S372L	p.Ser372Leu	missense	0.137348678	0.49153141	NA	NA	TRUE	FALSE
S372K	p.Ser372Lys	missense	0.567949085	0.828883508	NA	NA	TRUE	FALSE
S372G	p.Ser372Gly	missense	1.681619795	0.328881552	NA	NA	FALSE	TRUE
S372Y	p.Ser372Tyr	missense	-0.094171201	0.107889766	0.570766095	pathogenic supporting	FALSE	FALSE
S372N	p.Ser372Asn	missense	-0.930423147	0.214420073	4.542466137	pathogenic very strong	FALSE	FALSE
S372C	p.Ser372Cys	missense	-0.716567363	0.243577223	4.730391184	pathogenic very strong	FALSE	FALSE
S372P	p.Ser372Pro	missense	-0.204243089	0.207072147	0.663733853	pathogenic moderate	FALSE	FALSE
S372E	p.Ser372Glu	missense	-1.39675672	0.212501255	4.024989103	pathogenic very strong	FALSE	FALSE
S372M	p.Ser372Met	missense	NA	NA	NA	NA	NA	NA
S372W	p.Ser372Trp	missense	-0.532527412	0.140295482	4.832554073	pathogenic very strong	FALSE	FALSE
S372H	p.Ser372His	missense	-0.621669396	0.313820035	4.791136743	pathogenic very strong	FALSE	FALSE
S372Q	p.Ser372Gln	missense	-0.675148776	0.717794048	4.759379063	pathogenic very strong	FALSE	FALSE
S372*	p.Ser372*	nonsense	0.203215554	0.139348063	NA	NA	FALSE	FALSE
K373S	p.Lys373Ser	missense	-0.812312724	0.614217114	4.648022155	pathogenic very strong	FALSE	FALSE
K373A	p.Lys373Ala	missense	-1.256736403	0.821693572	4.173994233	pathogenic very strong	FALSE	FALSE
K373V	p.Lys373Val	missense	-0.852748272	0.437970109	4.612312516	pathogenic very strong	FALSE	FALSE
K373R	p.Lys373Arg	missense	0.656268748	0.132890545	-0.073683463	indeterminate	FALSE	FALSE
K373D	p.Lys373Asp	missense	-0.435870568	0.72825405	1.239022076	pathogenic moderate	FALSE	FALSE
K373F	p.Lys373Phe	missense	0.132526254	1.000861418	NA	NA	TRUE	FALSE
K373T	p.Lys373Thr	missense	0.389506327	1.177517216	NA	NA	TRUE	FALSE
K373I	p.Lys373Ile	missense	-0.500181534	0.458258505	1.930723408	pathogenic strong	FALSE	FALSE
K373L	p.Lys373Leu	missense	0.179616448	1.042311444	NA	NA	TRUE	FALSE
K373K	p.Lys373=	synonymous	1.016403764	0.121507057	NA	NA	FALSE	FALSE
K373G	p.Lys373Gly	missense	-0.390136869	0.383182787	1.074006734	pathogenic moderate	FALSE	FALSE
K373Y	p.Lys373Tyr	missense	0.857991738	0.090328224	-0.375446993	benign supporting	FALSE	FALSE
K373N	p.Lys373Asn	missense	0.39729395	0.083285087	0.36836398	pathogenic supporting	FALSE	FALSE
K373C	p.Lys373Cys	missense	0.816309106	0.294517825	-0.318159487	benign supporting	FALSE	FALSE
K373P	p.Lys373Pro	missense	NA	NA	NA	NA	NA	NA
K373E	p.Lys373Glu	missense	0.238487485	0.288732589	NA	NA	TRUE	FALSE
K373M	p.Lys373Met	missense	NA	NA	NA	NA	NA	NA
K373W	p.Lys373Trp	missense	0.076022431	0.646941113	NA	NA	TRUE	FALSE
K373H	p.Lys373His	missense	NA	NA	NA	NA	NA	NA
K373Q	p.Lys373Gln	missense	NA	NA	NA	NA	NA	NA
K373*	p.Lys373*	nonsense	-0.281466816	1.733229618	NA	NA	TRUE	FALSE
I374S	p.Ile374Ser	missense	0.872275728	0.117128917	-0.392923676	benign supporting	FALSE	FALSE
I374A	p.Ile374Ala	missense	1.162495167	0.059232365	-0.566239952	benign supporting	FALSE	FALSE
I374V	p.Ile374Val	missense	-0.082715016	0.479853352	0.565997885	pathogenic supporting	FALSE	FALSE
I374R	p.Ile374Arg	missense	-0.398991178	0.450592383	1.099556159	pathogenic moderate	FALSE	FALSE
I374D	p.Ile374Asp	missense	1.265484343	0.046277725	-0.5582769	benign supporting	FALSE	FALSE
I374F	p.Ile374Phe	missense	0.321850437	0.216458662	NA	NA	TRUE	FALSE
I374T	p.Ile374Thr	missense	1.814822953	0.042847546	NA	NA	FALSE	TRUE
I374I	p.Ile374=	synonymous	NA	NA	NA	NA	NA	NA
I374L	p.Ile374Leu	missense	0.979553028	0.139272856	-0.493530376	benign supporting	FALSE	FALSE
I374K	p.Ile374Lys	missense	1.577640452	0.073285218	NA	NA	FALSE	TRUE
I374G	p.Ile374Gly	missense	-0.542719919	0.330292494	4.828454604	pathogenic very strong	FALSE	FALSE
I374Y	p.Ile374Tyr	missense	2.039433394	0.045017546	NA	NA	FALSE	TRUE
I374N	p.Ile374Asn	missense	2.090400959	0.119730448	NA	NA	FALSE	TRUE
I374C	p.Ile374Cys	missense	0.127202026	0.34612889	0.55946566	pathogenic supporting	FALSE	FALSE
I374P	p.Ile374Pro	missense	0.842978497	0.25246855	-0.356190297	benign supporting	FALSE	FALSE
I374E	p.Ile374Glu	missense	NA	NA	NA	NA	NA	NA
I374M	p.Ile374Met	missense	0.421377897	0.104543935	NA	NA	TRUE	FALSE
I374W	p.Ile374Trp	missense	2.151070177	0.183242487	NA	NA	FALSE	TRUE
I374H	p.Ile374His	missense	2.293121632	0.032192519	NA	NA	FALSE	TRUE
I374Q	p.Ile374Gln	missense	-0.764615792	1.178429461	4.690923884	pathogenic very strong	FALSE	FALSE
I374*	p.Ile374*	nonsense	NA	NA	NA	NA	NA	NA
L375S	p.Leu375Ser	missense	0.327140773	0.331130906	NA	NA	TRUE	FALSE
L375A	p.Leu375Ala	missense	0.502019628	0.300913571	NA	NA	TRUE	FALSE
L375V	p.Leu375Val	missense	0.899383818	0.073281454	-0.4255782	benign supporting	FALSE	FALSE
L375R	p.Leu375Arg	missense	1.19907221	0.133748108	-0.568377298	benign supporting	FALSE	FALSE
L375D	p.Leu375Asp	missense	NA	NA	NA	NA	NA	NA
L375F	p.Leu375Phe	missense	1.064877876	0.087350287	-0.545957801	benign supporting	FALSE	FALSE
L375T	p.Leu375Thr	missense	0.525744652	0.218246507	NA	NA	TRUE	FALSE
L375I	p.Leu375Ile	missense	1.162283568	0.137718338	-0.566219614	benign supporting	FALSE	FALSE
L375L	p.Leu375=	synonymous	0.934545468	0.119602495	NA	NA	FALSE	FALSE
L375K	p.Leu375Lys	missense	1.156952684	0.039605893	-0.565656668	benign supporting	FALSE	FALSE
L375G	p.Leu375Gly	missense	1.115255179	0.300025418	-0.560884774	benign supporting	FALSE	FALSE
L375Y	p.Leu375Tyr	missense	2.224475733	0.039932112	NA	NA	FALSE	TRUE
L375N	p.Leu375Asn	missense	1.917739385	0.061982558	NA	NA	FALSE	TRUE
L375C	p.Leu375Cys	missense	NA	NA	NA	NA	NA	NA
L375P	p.Leu375Pro	missense	1.553585408	0.04100481	NA	NA	FALSE	TRUE
L375E	p.Leu375Glu	missense	0.285405481	0.103849588	0.5160422	pathogenic supporting	FALSE	FALSE
L375M	p.Leu375Met	missense	1.323956381	0.119961216	-0.531988083	benign supporting	FALSE	FALSE
L375W	p.Leu375Trp	missense	NA	NA	NA	NA	NA	NA
L375H	p.Leu375His	missense	-0.534015249	0.885512803	4.831965103	pathogenic very strong	FALSE	FALSE
L375Q	p.Leu375Gln	missense	0.281293508	0.210579313	0.521148724	pathogenic supporting	FALSE	FALSE
L375*	p.Leu375*	nonsense	0.108176608	1.237847232	NA	NA	TRUE	FALSE
G376S	p.Gly376Ser	missense	0.779006673	0.132763183	-0.265072834	indeterminate	FALSE	FALSE
G376A	p.Gly376Ala	missense	1.197934423	0.227015277	-0.568487589	benign supporting	FALSE	FALSE
G376V	p.Gly376Val	missense	0.735020762	0.423621422	NA	NA	TRUE	FALSE
G376R	p.Gly376Arg	missense	1.138074633	0.389701672	-0.56345244	benign supporting	FALSE	FALSE
G376D	p.Gly376Asp	missense	-1.677978977	0.705710473	3.819013433	pathogenic very strong	FALSE	FALSE
G376F	p.Gly376Phe	missense	0.14520018	0.158219813	0.566677897	pathogenic supporting	FALSE	FALSE
G376T	p.Gly376Thr	missense	0.741911787	0.334373039	NA	NA	TRUE	FALSE
G376I	p.Gly376Ile	missense	1.157191192	0.58334566	-0.565683925	benign supporting	FALSE	FALSE
G376L	p.Gly376Leu	missense	0.85253107	0.30972187	-0.368604127	benign supporting	FALSE	FALSE
G376K	p.Gly376Lys	missense	1.180827277	0.095530124	-0.567808234	benign supporting	FALSE	FALSE
G376G	p.Gly376=	synonymous	1.329312874	0.258887126	NA	NA	FALSE	FALSE
G376Y	p.Gly376Tyr	missense	0.389331206	0.067695612	0.378808553	pathogenic supporting	FALSE	FALSE
G376N	p.Gly376Asn	missense	1.602110796	0.590799338	NA	NA	FALSE	TRUE
G376C	p.Gly376Cys	missense	1.096572375	0.053231667	-0.557422018	benign supporting	FALSE	FALSE
G376P	p.Gly376Pro	missense	1.324266871	0.111024739	-0.531837472	benign supporting	FALSE	FALSE
G376E	p.Gly376Glu	missense	-0.002752574	0.176583461	0.545917277	pathogenic supporting	FALSE	FALSE
G376M	p.Gly376Met	missense	-0.800720316	0.291570184	4.657320784	pathogenic very strong	FALSE	FALSE
G376W	p.Gly376Trp	missense	1.925005664	0.154581875	NA	NA	FALSE	TRUE
G376H	p.Gly376His	missense	NA	NA	NA	NA	NA	NA
G376Q	p.Gly376Gln	missense	0.559449377	0.977554333	NA	NA	TRUE	FALSE
G376*	p.Gly376*	nonsense	-0.034530515	0.285505256	NA	NA	FALSE	FALSE
E377S	p.Glu377Ser	missense	0.835075025	0.291033562	-0.34510246	benign supporting	FALSE	FALSE
E377A	p.Glu377Ala	missense	1.329687443	0.139908428	-0.529125123	benign supporting	FALSE	FALSE
E377V	p.Glu377Val	missense	1.520203667	0.687106038	NA	NA	FALSE	TRUE
E377R	p.Glu377Arg	missense	1.036038836	0.33758819	-0.530914776	benign supporting	FALSE	FALSE
E377D	p.Glu377Asp	missense	1.074782247	0.356025684	-0.550543521	benign supporting	FALSE	FALSE
E377F	p.Glu377Phe	missense	0.521590022	0.390465255	NA	NA	TRUE	FALSE
E377T	p.Glu377Thr	missense	-0.83409161	0.57280763	4.629455976	pathogenic very strong	FALSE	FALSE
E377I	p.Glu377Ile	missense	NA	NA	NA	NA	NA	NA
E377L	p.Glu377Leu	missense	0.295340623	0.131194177	0.504501878	pathogenic supporting	FALSE	FALSE
E377K	p.Glu377Lys	missense	NA	NA	NA	NA	NA	NA
E377G	p.Glu377Gly	missense	1.655433566	0.114927618	NA	NA	FALSE	TRUE
E377Y	p.Glu377Tyr	missense	NA	NA	NA	NA	NA	NA
E377N	p.Glu377Asn	missense	1.069971078	0.522993848	-0.548352303	benign supporting	FALSE	FALSE
E377C	p.Glu377Cys	missense	2.005384648	0.041891345	NA	NA	FALSE	TRUE
E377P	p.Glu377Pro	missense	0.596171947	1.029324744	NA	NA	TRUE	FALSE
E377E	p.Glu377=	synonymous	0.745478101	0.060874969	NA	NA	FALSE	FALSE
E377M	p.Glu377Met	missense	1.501232395	0.342900923	NA	NA	FALSE	TRUE
E377W	p.Glu377Trp	missense	0.272151613	0.783181383	NA	NA	TRUE	FALSE
E377H	p.Glu377His	missense	1.825591223	0.072212463	NA	NA	FALSE	TRUE
E377Q	p.Glu377Gln	missense	1.268194359	0.117532847	-0.55757703	benign supporting	FALSE	FALSE
E377*	p.Glu377*	nonsense	0.006280929	0.375555308	NA	NA	FALSE	FALSE
T378S	p.Thr378Ser	missense	0.833261813	0.351974878	NA	NA	TRUE	FALSE
T378A	p.Thr378Ala	missense	1.021349365	0.148373114	-0.522246409	benign supporting	FALSE	FALSE
T378V	p.Thr378Val	missense	0.836883394	0.084658672	-0.347826426	benign supporting	FALSE	FALSE
T378R	p.Thr378Arg	missense	2.027205821	0.095787951	NA	NA	FALSE	TRUE
T378D	p.Thr378Asp	missense	1.185941608	0.071770542	-0.568503964	benign supporting	FALSE	FALSE
T378F	p.Thr378Phe	missense	0.935345892	0.327977359	-0.459908369	benign supporting	FALSE	FALSE
T378T	p.Thr378=	synonymous	0.861456807	0.073277502	NA	NA	FALSE	FALSE
T378I	p.Thr378Ile	missense	1.44065806	0.040252342	-0.443495396	benign supporting	FALSE	FALSE
T378L	p.Thr378Leu	missense	1.032901593	0.071880237	-0.529122061	benign supporting	FALSE	FALSE
T378K	p.Thr378Lys	missense	NA	NA	NA	NA	NA	NA
T378G	p.Thr378Gly	missense	0.534579352	0.284222464	NA	NA	TRUE	FALSE
T378Y	p.Thr378Tyr	missense	1.581618142	0.783522218	NA	NA	FALSE	TRUE
T378N	p.Thr378Asn	missense	0.933960212	0.715566871	NA	NA	TRUE	FALSE
T378C	p.Thr378Cys	missense	1.756135283	0.098333563	NA	NA	FALSE	TRUE
T378P	p.Thr378Pro	missense	0.486591472	0.593608977	NA	NA	TRUE	FALSE
T378E	p.Thr378Glu	missense	-0.064055755	0.098260452	0.559333227	pathogenic supporting	FALSE	FALSE
T378M	p.Thr378Met	missense	1.494792964	0.165581976	NA	NA	FALSE	TRUE
T378W	p.Thr378Trp	missense	2.075449895	0.052548921	NA	NA	FALSE	TRUE
T378H	p.Thr378His	missense	0.97866373	0.084537461	-0.492849401	benign supporting	FALSE	FALSE
T378Q	p.Thr378Gln	missense	0.65652644	0.087220298	-0.074096464	indeterminate	FALSE	FALSE
T378*	p.Thr378*	nonsense	0.670130752	0.088123866	NA	NA	FALSE	FALSE
S379S	p.Ser379=	synonymous	1.171513485	0.471727037	NA	NA	FALSE	FALSE
S379A	p.Ser379Ala	missense	2.258767458	0.066838841	NA	NA	FALSE	TRUE
S379V	p.Ser379Val	missense	NA	NA	NA	NA	NA	NA
S379R	p.Ser379Arg	missense	1.814677406	0.099013372	NA	NA	FALSE	TRUE
S379D	p.Ser379Asp	missense	0.490294787	0.078929221	NA	NA	TRUE	FALSE
S379F	p.Ser379Phe	missense	1.840403234	0.036576835	NA	NA	FALSE	TRUE
S379T	p.Ser379Thr	missense	1.15174886	0.627982079	-0.5650141	benign supporting	FALSE	FALSE
S379I	p.Ser379Ile	missense	1.687859116	0.082790035	NA	NA	FALSE	TRUE
S379L	p.Ser379Leu	missense	1.546248714	0.204198052	NA	NA	FALSE	TRUE
S379K	p.Ser379Lys	missense	NA	NA	NA	NA	NA	NA
S379G	p.Ser379Gly	missense	2.039348837	0.044544504	NA	NA	FALSE	TRUE
S379Y	p.Ser379Tyr	missense	NA	NA	NA	NA	NA	NA
S379N	p.Ser379Asn	missense	1.826987547	0.143760506	NA	NA	FALSE	TRUE
S379C	p.Ser379Cys	missense	2.273971754	0.122564912	NA	NA	FALSE	TRUE
S379P	p.Ser379Pro	missense	1.888862804	0.089458889	NA	NA	FALSE	TRUE
S379E	p.Ser379Glu	missense	0.956728417	0.047994098	-0.476699238	benign supporting	FALSE	FALSE
S379M	p.Ser379Met	missense	0.990663082	0.111605057	-0.501781656	benign supporting	FALSE	FALSE
S379W	p.Ser379Trp	missense	0.952658039	0.087319209	-0.473644587	benign supporting	FALSE	FALSE
S379H	p.Ser379His	missense	2.714749286	0.05394879	NA	NA	FALSE	TRUE
S379Q	p.Ser379Gln	missense	1.529777464	0.04750102	NA	NA	FALSE	TRUE
S379*	p.Ser379*	nonsense	0.413425279	0.12561125	NA	NA	TRUE	FALSE
L380S	p.Leu380Ser	missense	0.71686792	0.299277978	NA	NA	TRUE	FALSE
L380A	p.Leu380Ala	missense	1.383779372	0.103660394	-0.494749763	benign supporting	FALSE	FALSE
L380V	p.Leu380Val	missense	0.735899376	0.188979416	-0.200907074	indeterminate	FALSE	FALSE
L380R	p.Leu380Arg	missense	0.827238163	0.144069847	-0.333487068	benign supporting	FALSE	FALSE
L380D	p.Leu380Asp	missense	1.460072729	0.045065139	NA	NA	FALSE	TRUE
L380F	p.Leu380Phe	missense	0.994092601	0.109416682	-0.504235004	benign supporting	FALSE	FALSE
L380T	p.Leu380Thr	missense	1.024885552	0.286621396	-0.524397405	benign supporting	FALSE	FALSE
L380I	p.Leu380Ile	missense	0.848530583	0.32635854	-0.363475742	benign supporting	FALSE	FALSE
L380L	p.Leu380=	synonymous	1.291646982	0.211318087	NA	NA	FALSE	FALSE
L380K	p.Leu380Lys	missense	0.311718926	0.117696958	0.487736869	pathogenic supporting	FALSE	FALSE
L380G	p.Leu380Gly	missense	1.356838938	0.148472391	-0.513000657	benign supporting	FALSE	FALSE
L380Y	p.Leu380Tyr	missense	0.857503981	0.085067107	-0.374842996	benign supporting	FALSE	FALSE
L380N	p.Leu380Asn	missense	1.343012533	0.115126529	-0.521762864	benign supporting	FALSE	FALSE
L380C	p.Leu380Cys	missense	1.025481884	0.610581465	NA	NA	TRUE	FALSE
L380P	p.Leu380Pro	missense	1.736111662	0.089811867	NA	NA	FALSE	TRUE
L380E	p.Leu380Glu	missense	0.585436371	0.151039796	NA	NA	TRUE	FALSE
L380M	p.Leu380Met	missense	1.233098058	0.036185299	-0.564197124	benign supporting	FALSE	FALSE
L380W	p.Leu380Trp	missense	0.354936217	0.100381304	0.432398033	pathogenic supporting	FALSE	FALSE
L380H	p.Leu380His	missense	1.380908235	0.382445963	-0.496740484	benign supporting	FALSE	FALSE
L380Q	p.Leu380Gln	missense	1.847742121	0.045750853	NA	NA	FALSE	TRUE
L380*	p.Leu380*	nonsense	0.398436213	0.089079191	NA	NA	FALSE	FALSE
M381S	p.Met381Ser	missense	1.002027157	0.085809921	-0.509746829	benign supporting	FALSE	FALSE
M381A	p.Met381Ala	missense	1.288880081	0.457815615	-0.549246436	benign supporting	FALSE	FALSE
M381V	p.Met381Val	missense	0.614958125	0.152406426	NA	NA	TRUE	FALSE
M381R	p.Met381Arg	missense	0.858442726	0.124266622	-0.376004217	benign supporting	FALSE	FALSE
M381D	p.Met381Asp	missense	-0.430986568	0.373089586	1.216536728	pathogenic moderate	FALSE	FALSE
M381F	p.Met381Phe	missense	1.209041785	0.096532884	-0.567192813	benign supporting	FALSE	FALSE
M381T	p.Met381Thr	missense	1.260177075	0.075961224	-0.559551906	benign supporting	FALSE	FALSE
M381I	p.Met381Ile	missense	1.245516916	0.054510001	-0.562440861	benign supporting	FALSE	FALSE
M381L	p.Met381Leu	missense	1.483875429	0.071685874	NA	NA	FALSE	TRUE
M381K	p.Met381Lys	missense	0.918157796	0.176966486	-0.444999198	benign supporting	FALSE	FALSE
M381G	p.Met381Gly	missense	1.284726483	0.097599194	-0.551006377	benign supporting	FALSE	FALSE
M381Y	p.Met381Tyr	missense	-0.477700287	0.389613246	1.536905353	pathogenic strong	FALSE	FALSE
M381N	p.Met381Asn	missense	0.61810034	0.068878736	-0.010662513	indeterminate	FALSE	FALSE
M381C	p.Met381Cys	missense	0.443454773	0.201515359	NA	NA	TRUE	FALSE
M381P	p.Met381Pro	missense	0.504825764	0.114951345	NA	NA	TRUE	FALSE
M381E	p.Met381Glu	missense	-0.009634383	0.070034573	0.546827614	pathogenic supporting	FALSE	FALSE
M381M	p.Met381=	synonymous	NA	NA	NA	NA	NA	NA
M381W	p.Met381Trp	missense	-0.35003178	1.09819688	NA	NA	TRUE	FALSE
M381H	p.Met381His	missense	-0.777694412	0.295844171	4.678912044	pathogenic very strong	FALSE	FALSE
M381Q	p.Met381Gln	missense	0.490438531	0.067981951	NA	NA	TRUE	FALSE
M381*	p.Met381*	nonsense	0.165453627	0.109190385	NA	NA	FALSE	FALSE
R382S	p.Arg382Ser	missense	0.556896861	0.136528959	NA	NA	TRUE	FALSE
R382A	p.Arg382Ala	missense	0.566789489	0.209761653	NA	NA	TRUE	FALSE
R382V	p.Arg382Val	missense	0.598910393	0.211107363	NA	NA	TRUE	FALSE
R382R	p.Arg382=	synonymous	0.693198387	0.075217936	NA	NA	FALSE	FALSE
R382D	p.Arg382Asp	missense	NA	NA	NA	NA	NA	NA
R382F	p.Arg382Phe	missense	0.715101672	0.078400222	-0.168706146	indeterminate	FALSE	FALSE
R382T	p.Arg382Thr	missense	0.166057661	0.592779948	NA	NA	TRUE	FALSE
R382I	p.Arg382Ile	missense	1.086071468	0.398373554	-0.554949023	benign supporting	FALSE	FALSE
R382L	p.Arg382Leu	missense	0.721408534	0.071907579	-0.178156135	indeterminate	FALSE	FALSE
R382K	p.Arg382Lys	missense	0.934610262	0.101139529	-0.459297028	benign supporting	FALSE	FALSE
R382G	p.Arg382Gly	missense	1.303339788	0.048106031	-0.542436445	benign supporting	FALSE	FALSE
R382Y	p.Arg382Tyr	missense	0.021030627	0.285857354	0.543851319	pathogenic supporting	FALSE	FALSE
R382N	p.Arg382Asn	missense	0.729829247	0.06759375	-0.191017637	indeterminate	FALSE	FALSE
R382C	p.Arg382Cys	missense	1.663227666	0.13627859	NA	NA	FALSE	TRUE
R382P	p.Arg382Pro	missense	-0.233260956	0.438858314	0.705596232	pathogenic moderate	FALSE	FALSE
R382E	p.Arg382Glu	missense	0.635553462	0.061468648	-0.039185794	indeterminate	FALSE	FALSE
R382M	p.Arg382Met	missense	0.626435417	0.065913211	-0.024653592	indeterminate	FALSE	FALSE
R382W	p.Arg382Trp	missense	0.940159558	0.110083174	-0.463851933	benign supporting	FALSE	FALSE
R382H	p.Arg382His	missense	0.269892166	0.087408703	0.536401876	pathogenic supporting	FALSE	FALSE
R382Q	p.Arg382Gln	missense	0.643412225	0.359716558	NA	NA	TRUE	FALSE
R382*	p.Arg382*	nonsense	0.326178806	0.853107179	NA	NA	TRUE	FALSE
T383S	p.Thr383Ser	missense	1.577666745	0.361021092	NA	NA	FALSE	TRUE
T383A	p.Thr383Ala	missense	0.047913976	0.122118038	0.543476052	pathogenic supporting	FALSE	FALSE
T383V	p.Thr383Val	missense	0.315832138	0.103723499	0.483933632	pathogenic supporting	FALSE	FALSE
T383R	p.Thr383Arg	missense	-0.321372445	0.41051854	0.932539935	pathogenic moderate	FALSE	FALSE
T383D	p.Thr383Asp	missense	0.214239375	0.442357473	NA	NA	TRUE	FALSE
T383F	p.Thr383Phe	missense	-0.24962065	0.46395636	0.734073664	pathogenic moderate	FALSE	FALSE
T383T	p.Thr383=	synonymous	1.024962889	0.077953801	NA	NA	FALSE	FALSE
T383I	p.Thr383Ile	missense	-0.034267989	0.22415505	0.551284227	pathogenic supporting	FALSE	FALSE
T383L	p.Thr383Leu	missense	-0.011128913	0.328645682	0.547044259	pathogenic supporting	FALSE	FALSE
T383K	p.Thr383Lys	missense	NA	NA	NA	NA	NA	NA
T383G	p.Thr383Gly	missense	-0.015557141	0.229070917	0.547726258	pathogenic supporting	FALSE	FALSE
T383Y	p.Thr383Tyr	missense	-0.567472447	0.154196555	4.817849618	pathogenic very strong	FALSE	FALSE
T383N	p.Thr383Asn	missense	-0.50584642	1.008693316	NA	NA	TRUE	FALSE
T383C	p.Thr383Cys	missense	0.206419518	0.20631374	0.584893658	pathogenic supporting	FALSE	FALSE
T383P	p.Thr383Pro	missense	-0.191327895	0.175582642	0.647982451	pathogenic moderate	FALSE	FALSE
T383E	p.Thr383Glu	missense	NA	NA	NA	NA	NA	NA
T383M	p.Thr383Met	missense	-0.033969668	0.210795424	0.551218733	pathogenic supporting	FALSE	FALSE
T383W	p.Thr383Trp	missense	-1.263412937	0.569052887	4.168217614	pathogenic very strong	FALSE	FALSE
T383H	p.Thr383His	missense	-1.562344214	0.343423112	3.927845879	pathogenic very strong	FALSE	FALSE
T383Q	p.Thr383Gln	missense	-1.072646182	0.6887242	4.402729312	pathogenic very strong	FALSE	FALSE
T383*	p.Thr383*	nonsense	0.959778441	0.176770794	NA	NA	FALSE	FALSE
L384S	p.Leu384Ser	missense	0.557269284	0.134692108	NA	NA	TRUE	FALSE
L384A	p.Leu384Ala	missense	1.227599403	0.132225277	-0.564781622	benign supporting	FALSE	FALSE
L384V	p.Leu384Val	missense	1.030227432	0.063435762	-0.527569053	benign supporting	FALSE	FALSE
L384R	p.Leu384Arg	missense	0.721670156	0.158233195	-0.178560139	indeterminate	FALSE	FALSE
L384D	p.Leu384Asp	missense	-0.343922683	0.330392208	0.970342032	pathogenic moderate	FALSE	FALSE
L384F	p.Leu384Phe	missense	1.377796306	0.071527504	-0.498835787	benign supporting	FALSE	FALSE
L384T	p.Leu384Thr	missense	1.894101624	0.087775706	NA	NA	FALSE	TRUE
L384I	p.Leu384Ile	missense	1.085065046	0.155356314	-0.554692226	benign supporting	FALSE	FALSE
L384L	p.Leu384=	synonymous	1.192873039	0.09446166	NA	NA	FALSE	FALSE
L384K	p.Leu384Lys	missense	2.21864721	0.174786327	NA	NA	FALSE	TRUE
L384G	p.Leu384Gly	missense	0.285498849	0.126483193	0.51592856	pathogenic supporting	FALSE	FALSE
L384Y	p.Leu384Tyr	missense	1.063931438	0.048905697	-0.545504321	benign supporting	FALSE	FALSE
L384N	p.Leu384Asn	missense	NA	NA	NA	NA	NA	NA
L384C	p.Leu384Cys	missense	NA	NA	NA	NA	NA	NA
L384P	p.Leu384Pro	missense	0.857372097	0.06664829	-0.374679442	benign supporting	FALSE	FALSE
L384E	p.Leu384Glu	missense	0.250979987	0.235258316	0.55586078	pathogenic supporting	FALSE	FALSE
L384M	p.Leu384Met	missense	0.668358434	0.160425072	-0.092880851	indeterminate	FALSE	FALSE
L384W	p.Leu384Trp	missense	NA	NA	NA	NA	NA	NA
L384H	p.Leu384His	missense	0.933825765	0.178851737	-0.458642513	benign supporting	FALSE	FALSE
L384Q	p.Leu384Gln	missense	0.951356264	0.190192753	-0.472653953	benign supporting	FALSE	FALSE
L384*	p.Leu384*	nonsense	0.844021935	0.573415125	NA	NA	TRUE	FALSE
C385S	p.Cys385Ser	missense	-0.08209793	0.702409121	NA	NA	TRUE	FALSE
C385A	p.Cys385Ala	missense	0.499016351	0.425973613	NA	NA	TRUE	FALSE
C385V	p.Cys385Val	missense	1.043467851	0.045850601	-0.535035591	benign supporting	FALSE	FALSE
C385R	p.Cys385Arg	missense	-0.23139994	0.406849546	0.70260266	pathogenic moderate	FALSE	FALSE
C385D	p.Cys385Asp	missense	-0.248253947	0.134743391	0.731535531	pathogenic moderate	FALSE	FALSE
C385F	p.Cys385Phe	missense	NA	NA	NA	NA	NA	NA
C385T	p.Cys385Thr	missense	-1.05895114	0.27546469	4.417549268	pathogenic very strong	FALSE	FALSE
C385I	p.Cys385Ile	missense	0.996253813	0.123502589	-0.505758872	benign supporting	FALSE	FALSE
C385L	p.Cys385Leu	missense	0.383010897	0.091471619	0.387630503	pathogenic supporting	FALSE	FALSE
C385K	p.Cys385Lys	missense	-0.050631694	0.285857105	0.555328479	pathogenic supporting	FALSE	FALSE
C385G	p.Cys385Gly	missense	0.397946052	0.20218687	NA	NA	TRUE	FALSE
C385Y	p.Cys385Tyr	missense	-0.122686352	0.152387007	0.585709763	pathogenic supporting	FALSE	FALSE
C385N	p.Cys385Asn	missense	-1.120000513	0.466038811	4.344447577	pathogenic very strong	FALSE	FALSE
C385C	p.Cys385=	synonymous	1.560135259	0.564226009	NA	NA	FALSE	TRUE
C385P	p.Cys385Pro	missense	-0.174147718	0.299683058	0.629295436	pathogenic supporting	FALSE	FALSE
C385E	p.Cys385Glu	missense	0.177445985	0.432836629	NA	NA	TRUE	FALSE
C385M	p.Cys385Met	missense	-0.518804539	0.231619502	4.837837143	pathogenic very strong	FALSE	FALSE
C385W	p.Cys385Trp	missense	0.775028085	0.201608494	-0.259270269	indeterminate	FALSE	FALSE
C385H	p.Cys385His	missense	0.15941672	0.103500257	0.573134658	pathogenic supporting	FALSE	FALSE
C385Q	p.Cys385Gln	missense	-0.26266546	0.180555042	0.759954286	pathogenic moderate	FALSE	FALSE
C385*	p.Cys385*	nonsense	-0.232577777	0.090724821	NA	NA	FALSE	FALSE
G386S	p.Gly386Ser	missense	-0.419347925	0.341663475	1.168614794	pathogenic moderate	FALSE	FALSE
G386A	p.Gly386Ala	missense	-0.205967025	0.86016355	NA	NA	TRUE	FALSE
G386V	p.Gly386Val	missense	0.240022983	0.090923568	0.564310267	pathogenic supporting	FALSE	FALSE
G386R	p.Gly386Arg	missense	0.139414964	0.156126919	0.564244826	pathogenic supporting	FALSE	FALSE
G386D	p.Gly386Asp	missense	-0.761229293	1.013706133	4.693939123	pathogenic very strong	FALSE	FALSE
G386F	p.Gly386Phe	missense	-0.407769876	0.108339833	1.127379011	pathogenic moderate	FALSE	FALSE
G386T	p.Gly386Thr	missense	0.69756508	0.301138985	NA	NA	TRUE	FALSE
G386I	p.Gly386Ile	missense	0.413464508	0.278616959	NA	NA	TRUE	FALSE
G386L	p.Gly386Leu	missense	-0.449279085	0.67360718	1.310049599	pathogenic strong	FALSE	FALSE
G386K	p.Gly386Lys	missense	0.682788531	0.082724786	-0.118957707	indeterminate	FALSE	FALSE
G386G	p.Gly386=	synonymous	1.129882903	0.05457915	NA	NA	FALSE	FALSE
G386Y	p.Gly386Tyr	missense	-1.202677598	0.16649289	4.234616537	pathogenic very strong	FALSE	FALSE
G386N	p.Gly386Asn	missense	0.978994985	0.173411987	-0.493103419	benign supporting	FALSE	FALSE
G386C	p.Gly386Cys	missense	-0.162714649	0.076309949	0.61812825	pathogenic supporting	FALSE	FALSE
G386P	p.Gly386Pro	missense	-1.12130226	0.382175611	4.342668895	pathogenic very strong	FALSE	FALSE
G386E	p.Gly386Glu	missense	0.550611965	0.405579909	NA	NA	TRUE	FALSE
G386M	p.Gly386Met	missense	0.553030351	0.585486408	NA	NA	TRUE	FALSE
G386W	p.Gly386Trp	missense	0.053495406	0.335795993	0.543654279	pathogenic supporting	FALSE	FALSE
G386H	p.Gly386His	missense	-0.304403698	1.409679635	NA	NA	TRUE	FALSE
G386Q	p.Gly386Gln	missense	0.188893592	0.141004096	0.5875266	pathogenic supporting	FALSE	FALSE
G386*	p.Gly386*	nonsense	0.130033053	0.187481075	NA	NA	FALSE	FALSE
T387S	p.Thr387Ser	missense	0.053290364	0.554981774	NA	NA	TRUE	FALSE
T387A	p.Thr387Ala	missense	0.768544888	0.813510973	NA	NA	TRUE	FALSE
T387V	p.Thr387Val	missense	-1.026024538	0.657995199	4.450091395	pathogenic very strong	FALSE	FALSE
T387R	p.Thr387Arg	missense	-0.934668638	0.80965946	4.538485256	pathogenic very strong	FALSE	FALSE
T387D	p.Thr387Asp	missense	-1.101944953	0.30660714	4.368079632	pathogenic very strong	FALSE	FALSE
T387F	p.Thr387Phe	missense	NA	NA	NA	NA	NA	NA
T387T	p.Thr387=	synonymous	0.96461842	0.086859718	NA	NA	FALSE	FALSE
T387I	p.Thr387Ile	missense	-0.795078048	0.717568807	4.66198867	pathogenic very strong	FALSE	FALSE
T387L	p.Thr387Leu	missense	-0.226289008	0.544558142	0.694616891	pathogenic moderate	FALSE	FALSE
T387K	p.Thr387Lys	missense	-0.105893398	0.865954038	NA	NA	TRUE	FALSE
T387G	p.Thr387Gly	missense	-0.511499702	0.647472762	2.611936415	pathogenic very strong	FALSE	FALSE
T387Y	p.Thr387Tyr	missense	NA	NA	NA	NA	NA	NA
T387N	p.Thr387Asn	missense	-0.875120973	0.551524533	4.590074526	pathogenic very strong	FALSE	FALSE
T387C	p.Thr387Cys	missense	NA	NA	NA	NA	NA	NA
T387P	p.Thr387Pro	missense	-0.769909678	0.770083863	4.686133086	pathogenic very strong	FALSE	FALSE
T387E	p.Thr387Glu	missense	-1.34659967	0.984995724	4.082478799	pathogenic very strong	FALSE	FALSE
T387M	p.Thr387Met	missense	-0.033217615	0.096336745	0.551054908	pathogenic supporting	FALSE	FALSE
T387W	p.Thr387Trp	missense	-0.344583123	0.185545646	0.971552412	pathogenic moderate	FALSE	FALSE
T387H	p.Thr387His	missense	-1.323757421	0.571759231	4.10888903	pathogenic very strong	FALSE	FALSE
T387Q	p.Thr387Gln	missense	-0.139368009	0.230371733	0.598062719	pathogenic supporting	FALSE	FALSE
T387*	p.Thr387*	nonsense	0.312473963	0.671608549	NA	NA	TRUE	FALSE
P388S	p.Pro388Ser	missense	2.397949973	0.085652819	NA	NA	FALSE	TRUE
P388A	p.Pro388Ala	missense	2.1670837	0.172742319	NA	NA	FALSE	TRUE
P388V	p.Pro388Val	missense	1.830432302	0.190893922	NA	NA	FALSE	TRUE
P388R	p.Pro388Arg	missense	1.948847822	0.15534367	NA	NA	FALSE	TRUE
P388D	p.Pro388Asp	missense	0.683499992	0.526040115	NA	NA	TRUE	FALSE
P388F	p.Pro388Phe	missense	2.251757735	0.062892405	NA	NA	FALSE	TRUE
P388T	p.Pro388Thr	missense	1.44588238	0.147293406	-0.438098398	benign supporting	FALSE	FALSE
P388I	p.Pro388Ile	missense	0.283178842	0.994092337	NA	NA	TRUE	FALSE
P388L	p.Pro388Leu	missense	1.524059174	0.092721566	NA	NA	FALSE	TRUE
P388K	p.Pro388Lys	missense	NA	NA	NA	NA	NA	NA
P388G	p.Pro388Gly	missense	0.047454689	0.406552043	0.543465291	pathogenic supporting	FALSE	FALSE
P388Y	p.Pro388Tyr	missense	1.247939887	0.058308049	-0.562025685	benign supporting	FALSE	FALSE
P388N	p.Pro388Asn	missense	1.083370498	0.63462401	NA	NA	TRUE	FALSE
P388C	p.Pro388Cys	missense	1.203879634	0.059980417	-0.567855355	benign supporting	FALSE	FALSE
P388P	p.Pro388=	synonymous	0.972255854	0.073615449	NA	NA	FALSE	FALSE
P388E	p.Pro388Glu	missense	-0.599936267	0.236747711	4.802457327	pathogenic very strong	FALSE	FALSE
P388M	p.Pro388Met	missense	1.829733447	0.040236729	NA	NA	FALSE	TRUE
P388W	p.Pro388Trp	missense	0.655887352	0.523674621	NA	NA	TRUE	FALSE
P388H	p.Pro388His	missense	-0.003880499	0.262483427	0.546056712	pathogenic supporting	FALSE	FALSE
P388Q	p.Pro388Gln	missense	1.285251166	0.455165348	-0.550788734	benign supporting	FALSE	FALSE
P388*	p.Pro388*	nonsense	-0.587685514	0.205903712	NA	NA	FALSE	FALSE
T389S	p.Thr389Ser	missense	1.52912837	0.212776324	NA	NA	FALSE	TRUE
T389A	p.Thr389Ala	missense	0.9784498	0.115866107	-0.492685123	benign supporting	FALSE	FALSE
T389V	p.Thr389Val	missense	1.097567127	0.120006767	-0.557636717	benign supporting	FALSE	FALSE
T389R	p.Thr389Arg	missense	2.171762318	0.099205508	NA	NA	FALSE	TRUE
T389D	p.Thr389Asp	missense	0.218471461	0.203580109	0.584011468	pathogenic supporting	FALSE	FALSE
T389F	p.Thr389Phe	missense	1.615967948	0.278857072	NA	NA	FALSE	TRUE
T389T	p.Thr389=	synonymous	1.188862597	0.050927183	NA	NA	FALSE	FALSE
T389I	p.Thr389Ile	missense	0.914097131	0.08172418	-0.44127894	benign supporting	FALSE	FALSE
T389L	p.Thr389Leu	missense	1.209743216	0.113305552	-0.56709452	benign supporting	FALSE	FALSE
T389K	p.Thr389Lys	missense	2.959140538	0.073951963	NA	NA	FALSE	TRUE
T389G	p.Thr389Gly	missense	0.45950148	0.306006172	NA	NA	TRUE	FALSE
T389Y	p.Thr389Tyr	missense	1.489300719	0.106805182	NA	NA	FALSE	TRUE
T389N	p.Thr389Asn	missense	1.100235179	0.127520101	-0.558195802	benign supporting	FALSE	FALSE
T389C	p.Thr389Cys	missense	1.343229555	0.119095282	-0.52163444	benign supporting	FALSE	FALSE
T389P	p.Thr389Pro	missense	0.654916147	0.298018085	NA	NA	TRUE	FALSE
T389E	p.Thr389Glu	missense	0.547093528	0.255400416	NA	NA	TRUE	FALSE
T389M	p.Thr389Met	missense	0.424006672	0.104865553	NA	NA	TRUE	FALSE
T389W	p.Thr389Trp	missense	1.783909151	0.088635603	NA	NA	FALSE	TRUE
T389H	p.Thr389His	missense	0.185891488	0.148386629	0.588143241	pathogenic supporting	FALSE	FALSE
T389Q	p.Thr389Gln	missense	0.82844836	0.097252223	-0.335208655	benign supporting	FALSE	FALSE
T389*	p.Thr389*	nonsense	-0.046030517	0.08399969	NA	NA	FALSE	FALSE
Y390S	p.Tyr390Ser	missense	0.471268698	0.391401425	NA	NA	TRUE	FALSE
Y390A	p.Tyr390Ala	missense	-0.442250046	0.29790098	1.27093964	pathogenic moderate	FALSE	FALSE
Y390V	p.Tyr390Val	missense	0.028566388	0.15101895	0.54353888	pathogenic supporting	FALSE	FALSE
Y390R	p.Tyr390Arg	missense	-0.371537349	0.456906634	1.027080483	pathogenic moderate	FALSE	FALSE
Y390D	p.Tyr390Asp	missense	-0.344977085	0.660140126	0.972277477	pathogenic moderate	FALSE	FALSE
Y390F	p.Tyr390Phe	missense	1.141148513	0.882961709	NA	NA	TRUE	FALSE
Y390T	p.Tyr390Thr	missense	-0.192777298	0.45276982	0.649673141	pathogenic moderate	FALSE	FALSE
Y390I	p.Tyr390Ile	missense	0.50035761	0.109642529	NA	NA	TRUE	FALSE
Y390L	p.Tyr390Leu	missense	0.31427269	0.200055806	NA	NA	TRUE	FALSE
Y390K	p.Tyr390Lys	missense	-0.055456131	0.074441564	0.556694527	pathogenic supporting	FALSE	FALSE
Y390G	p.Tyr390Gly	missense	-0.32288733	0.127885787	0.934881332	pathogenic moderate	FALSE	FALSE
Y390Y	p.Tyr390=	synonymous	1.224339156	0.045453728	NA	NA	FALSE	FALSE
Y390N	p.Tyr390Asn	missense	-0.003918099	0.869465252	NA	NA	TRUE	FALSE
Y390C	p.Tyr390Cys	missense	0.373325823	1.098464459	NA	NA	TRUE	FALSE
Y390P	p.Tyr390Pro	missense	-0.602780222	0.332137568	4.801023959	pathogenic very strong	FALSE	FALSE
Y390E	p.Tyr390Glu	missense	0.163599182	0.48336224	NA	NA	TRUE	FALSE
Y390M	p.Tyr390Met	missense	0.356084851	0.06233046	0.431055722	pathogenic supporting	FALSE	FALSE
Y390W	p.Tyr390Trp	missense	0.100425914	0.309977926	0.550618834	pathogenic supporting	FALSE	FALSE
Y390H	p.Tyr390His	missense	-0.225537453	0.356235326	0.693470877	pathogenic moderate	FALSE	FALSE
Y390Q	p.Tyr390Gln	missense	-0.460054514	0.22172026	1.380256153	pathogenic strong	FALSE	FALSE
Y390*	p.Tyr390*	nonsense	0.132788053	0.065639016	NA	NA	FALSE	FALSE
L391S	p.Leu391Ser	missense	0.739362969	0.091498619	-0.206408245	indeterminate	FALSE	FALSE
L391A	p.Leu391Ala	missense	1.486642169	0.10653572	NA	NA	FALSE	TRUE
L391V	p.Leu391Val	missense	1.272349835	0.081165921	-0.556438334	benign supporting	FALSE	FALSE
L391R	p.Leu391Arg	missense	0.438588143	0.126324186	NA	NA	TRUE	FALSE
L391D	p.Leu391Asp	missense	-0.159035138	0.193230419	0.61473135	pathogenic supporting	FALSE	FALSE
L391F	p.Leu391Phe	missense	0.824041288	0.037283152	-0.328895384	benign supporting	FALSE	FALSE
L391T	p.Leu391Thr	missense	0.14495803	0.085052599	0.566573837	pathogenic supporting	FALSE	FALSE
L391I	p.Leu391Ile	missense	0.975629039	0.079542391	-0.490502202	benign supporting	FALSE	FALSE
L391L	p.Leu391=	synonymous	0.947931186	0.055134845	NA	NA	FALSE	FALSE
L391K	p.Leu391Lys	missense	0.729962709	0.215746436	-0.191238576	indeterminate	FALSE	FALSE
L391G	p.Leu391Gly	missense	1.543944732	0.094927985	NA	NA	FALSE	TRUE
L391Y	p.Leu391Tyr	missense	1.194748615	0.038119058	-0.568769728	benign supporting	FALSE	FALSE
L391N	p.Leu391Asn	missense	0.908087129	0.118360374	-0.435257654	benign supporting	FALSE	FALSE
L391C	p.Leu391Cys	missense	0.92677231	0.045276139	-0.452637087	benign supporting	FALSE	FALSE
L391P	p.Leu391Pro	missense	-0.628342228	0.099238697	4.787486781	pathogenic very strong	FALSE	FALSE
L391E	p.Leu391Glu	missense	0.791393296	0.064673296	-0.282513348	indeterminate	FALSE	FALSE
L391M	p.Leu391Met	missense	0.661420611	0.04972656	-0.081839418	indeterminate	FALSE	FALSE
L391W	p.Leu391Trp	missense	1.705411406	0.032744568	NA	NA	FALSE	TRUE
L391H	p.Leu391His	missense	NA	NA	NA	NA	NA	NA
L391Q	p.Leu391Gln	missense	0.696386902	0.103078864	-0.140972241	indeterminate	FALSE	FALSE
L391*	p.Leu391*	nonsense	-0.396359462	0.424697651	NA	NA	FALSE	FALSE
A392S	p.Ala392Ser	missense	1.060381859	0.044521204	-0.543779638	benign supporting	FALSE	FALSE
A392A	p.Ala392=	synonymous	0.989326622	0.285083126	NA	NA	FALSE	FALSE
A392V	p.Ala392Val	missense	0.23854217	0.226092316	0.565532477	pathogenic supporting	FALSE	FALSE
A392R	p.Ala392Arg	missense	-0.135684077	0.121245332	0.595201325	pathogenic supporting	FALSE	FALSE
A392D	p.Ala392Asp	missense	-0.685923383	0.751360509	4.752238	pathogenic very strong	FALSE	FALSE
A392F	p.Ala392Phe	missense	-0.05813542	0.124538491	0.557488367	pathogenic supporting	FALSE	FALSE
A392T	p.Ala392Thr	missense	-0.13838771	0.130646849	0.59729365	pathogenic supporting	FALSE	FALSE
A392I	p.Ala392Ile	missense	-0.572316356	0.810221166	4.815662771	pathogenic very strong	FALSE	FALSE
A392L	p.Ala392Leu	missense	-0.443811953	0.115687956	1.279246121	pathogenic strong	FALSE	FALSE
A392K	p.Ala392Lys	missense	0.543698366	0.331874499	NA	NA	TRUE	FALSE
A392G	p.Ala392Gly	missense	-0.188637601	0.15125837	0.644893437	pathogenic moderate	FALSE	FALSE
A392Y	p.Ala392Tyr	missense	0.25332455	0.111542406	0.554184181	pathogenic supporting	FALSE	FALSE
A392N	p.Ala392Asn	missense	-1.424655515	0.207707943	4.012044328	pathogenic very strong	FALSE	FALSE
A392C	p.Ala392Cys	missense	-0.138632749	0.484389156	0.597485366	pathogenic supporting	FALSE	FALSE
A392P	p.Ala392Pro	missense	0.63782241	0.29264262	NA	NA	TRUE	FALSE
A392E	p.Ala392Glu	missense	0.088545505	0.092912723	0.547385005	pathogenic supporting	FALSE	FALSE
A392M	p.Ala392Met	missense	0.511709571	0.139025003	NA	NA	TRUE	FALSE
A392W	p.Ala392Trp	missense	-0.600246625	0.081188922	4.802301592	pathogenic very strong	FALSE	FALSE
A392H	p.Ala392His	missense	0.567691493	0.057819725	0.086054225	indeterminate	FALSE	FALSE
A392Q	p.Ala392Gln	missense	0.136100154	0.18769886	0.562900169	pathogenic supporting	FALSE	FALSE
A392*	p.Ala392*	nonsense	-0.545900067	0.094809667	NA	NA	FALSE	FALSE
P393S	p.Pro393Ser	missense	-0.303874446	0.740690395	0.867915499	pathogenic moderate	FALSE	FALSE
P393A	p.Pro393Ala	missense	-0.845519859	0.415026294	4.619098005	pathogenic very strong	FALSE	FALSE
P393V	p.Pro393Val	missense	-0.233906084	0.379212177	0.706644968	pathogenic moderate	FALSE	FALSE
P393R	p.Pro393Arg	missense	-0.847229402	1.146674841	4.617509961	pathogenic very strong	FALSE	FALSE
P393D	p.Pro393Asp	missense	-1.08852413	0.359281239	4.384480792	pathogenic very strong	FALSE	FALSE
P393F	p.Pro393Phe	missense	0.77501171	0.111416021	-0.259246158	indeterminate	FALSE	FALSE
P393T	p.Pro393Thr	missense	0.571714922	0.169905551	NA	NA	TRUE	FALSE
P393I	p.Pro393Ile	missense	-0.76210448	0.410199275	4.69316353	pathogenic very strong	FALSE	FALSE
P393L	p.Pro393Leu	missense	-0.621414066	0.281212072	4.791274743	pathogenic very strong	FALSE	FALSE
P393K	p.Pro393Lys	missense	-1.159404631	0.222684233	4.285787131	pathogenic very strong	FALSE	FALSE
P393G	p.Pro393Gly	missense	-1.005147933	0.49170314	4.468724387	pathogenic very strong	FALSE	FALSE
P393Y	p.Pro393Tyr	missense	-1.397508186	1.123985618	4.024655601	pathogenic very strong	FALSE	FALSE
P393N	p.Pro393Asn	missense	NA	NA	NA	NA	NA	NA
P393C	p.Pro393Cys	missense	-0.111045022	0.161718485	0.578804541	pathogenic supporting	FALSE	FALSE
P393P	p.Pro393=	synonymous	1.165839508	0.088418371	NA	NA	FALSE	FALSE
P393E	p.Pro393Glu	missense	NA	NA	NA	NA	NA	NA
P393M	p.Pro393Met	missense	NA	NA	NA	NA	NA	NA
P393W	p.Pro393Trp	missense	NA	NA	NA	NA	NA	NA
P393H	p.Pro393His	missense	0.061129773	0.318315953	0.54403995	pathogenic supporting	FALSE	FALSE
P393Q	p.Pro393Gln	missense	-1.504379926	0.976801313	3.96792972	pathogenic very strong	FALSE	FALSE
P393*	p.Pro393*	nonsense	NA	NA	NA	NA	NA	NA
E394S	p.Glu394Ser	missense	-0.324105332	0.57423022	0.936783111	pathogenic moderate	FALSE	FALSE
E394A	p.Glu394Ala	missense	-1.333811351	0.415229896	4.097570343	pathogenic very strong	FALSE	FALSE
E394V	p.Glu394Val	missense	0.079602396	0.347919001	0.545652292	pathogenic supporting	FALSE	FALSE
E394R	p.Glu394Arg	missense	-0.266486799	0.747946079	0.768151845	pathogenic moderate	FALSE	FALSE
E394D	p.Glu394Asp	missense	0.613395018	0.560795474	NA	NA	TRUE	FALSE
E394F	p.Glu394Phe	missense	-0.644498315	0.271389517	4.778293698	pathogenic very strong	FALSE	FALSE
E394T	p.Glu394Thr	missense	-0.346354642	0.176714297	0.974830922	pathogenic moderate	FALSE	FALSE
E394I	p.Glu394Ile	missense	NA	NA	NA	NA	NA	NA
E394L	p.Glu394Leu	missense	-0.581406129	0.857753865	4.811456968	pathogenic very strong	FALSE	FALSE
E394K	p.Glu394Lys	missense	-0.174703284	0.333159028	0.629862703	pathogenic supporting	FALSE	FALSE
E394G	p.Glu394Gly	missense	-0.657612955	0.495905722	4.770445175	pathogenic very strong	FALSE	FALSE
E394Y	p.Glu394Tyr	missense	-0.735035165	0.529707065	4.716030723	pathogenic very strong	FALSE	FALSE
E394N	p.Glu394Asn	missense	NA	NA	NA	NA	NA	NA
E394C	p.Glu394Cys	missense	-0.800674106	0.350868962	4.65735708	pathogenic very strong	FALSE	FALSE
E394P	p.Glu394Pro	missense	0.192964396	1.055115569	NA	NA	TRUE	FALSE
E394E	p.Glu394=	synonymous	1.701233555	0.165363488	NA	NA	FALSE	TRUE
E394M	p.Glu394Met	missense	NA	NA	NA	NA	NA	NA
E394W	p.Glu394Trp	missense	1.066261419	0.235458967	-0.5466159	benign supporting	FALSE	FALSE
E394H	p.Glu394His	missense	NA	NA	NA	NA	NA	NA
E394Q	p.Glu394Gln	missense	NA	NA	NA	NA	NA	NA
E394*	p.Glu394*	nonsense	-0.002436285	0.492461777	NA	NA	FALSE	FALSE
V395S	p.Val395Ser	missense	0.055372782	0.390446851	0.543733923	pathogenic supporting	FALSE	FALSE
V395A	p.Val395Ala	missense	1.074797525	0.129575856	-0.55055037	benign supporting	FALSE	FALSE
V395V	p.Val395=	synonymous	0.895654638	0.743689158	NA	NA	TRUE	FALSE
V395R	p.Val395Arg	missense	1.894567017	0.106692081	NA	NA	FALSE	TRUE
V395D	p.Val395Asp	missense	NA	NA	NA	NA	NA	NA
V395F	p.Val395Phe	missense	1.569310498	0.050496466	NA	NA	FALSE	TRUE
V395T	p.Val395Thr	missense	-1.493539795	0.830196775	3.974615338	pathogenic very strong	FALSE	FALSE
V395I	p.Val395Ile	missense	1.026269611	0.109389385	-0.525228098	benign supporting	FALSE	FALSE
V395L	p.Val395Leu	missense	0.889203986	0.446407509	NA	NA	TRUE	FALSE
V395K	p.Val395Lys	missense	1.338857857	0.079812409	-0.524167703	benign supporting	FALSE	FALSE
V395G	p.Val395Gly	missense	0.57168991	0.098738342	NA	NA	TRUE	FALSE
V395Y	p.Val395Tyr	missense	0.473509422	0.076821075	NA	NA	TRUE	FALSE
V395N	p.Val395Asn	missense	-1.347033568	0.49920782	4.081952432	pathogenic very strong	FALSE	FALSE
V395C	p.Val395Cys	missense	0.401220241	0.25596523	NA	NA	TRUE	FALSE
V395P	p.Val395Pro	missense	-0.701098329	1.085217105	4.741713798	pathogenic very strong	FALSE	FALSE
V395E	p.Val395Glu	missense	0.548644999	0.055977588	NA	NA	TRUE	FALSE
V395M	p.Val395Met	missense	1.435481873	0.043120794	-0.448581752	benign supporting	FALSE	FALSE
V395W	p.Val395Trp	missense	-0.084307377	0.112713576	0.566628837	pathogenic supporting	FALSE	FALSE
V395H	p.Val395His	missense	1.659742944	0.162353583	NA	NA	FALSE	TRUE
V395Q	p.Val395Gln	missense	0.939946601	0.656593316	NA	NA	TRUE	FALSE
V395*	p.Val395*	nonsense	-0.85497002	0.192027228	NA	NA	FALSE	FALSE
L396S	p.Leu396Ser	missense	1.011203024	0.077537706	-0.515842468	benign supporting	FALSE	FALSE
L396A	p.Leu396Ala	missense	NA	NA	NA	NA	NA	NA
L396V	p.Leu396Val	missense	1.415371088	0.049235582	-0.468798546	benign supporting	FALSE	FALSE
L396R	p.Leu396Arg	missense	-0.403201476	0.103899591	1.112566234	pathogenic moderate	FALSE	FALSE
L396D	p.Leu396Asp	missense	0.225960953	0.208715034	0.576736117	pathogenic supporting	FALSE	FALSE
L396F	p.Leu396Phe	missense	1.521046267	0.062927426	NA	NA	FALSE	TRUE
L396T	p.Leu396Thr	missense	0.888471178	0.054564617	-0.412910815	benign supporting	FALSE	FALSE
L396I	p.Leu396Ile	missense	NA	NA	NA	NA	NA	NA
L396L	p.Leu396=	synonymous	1.124939869	0.076041494	NA	NA	FALSE	FALSE
L396K	p.Leu396Lys	missense	-0.591112924	0.086806166	4.806815196	pathogenic very strong	FALSE	FALSE
L396G	p.Leu396Gly	missense	0.661684118	0.042260524	-0.082250959	indeterminate	FALSE	FALSE
L396Y	p.Leu396Tyr	missense	1.489721613	0.029542711	NA	NA	FALSE	TRUE
L396N	p.Leu396Asn	missense	0.333397881	0.062892568	0.460352172	pathogenic supporting	FALSE	FALSE
L396C	p.Leu396Cys	missense	1.288554659	0.038476733	-0.549387398	benign supporting	FALSE	FALSE
L396P	p.Leu396Pro	missense	0.407560273	0.089155793	0.355922587	pathogenic supporting	FALSE	FALSE
L396E	p.Leu396Glu	missense	NA	NA	NA	NA	NA	NA
L396M	p.Leu396Met	missense	0.58985055	0.041027727	0.042631296	indeterminate	FALSE	FALSE
L396W	p.Leu396Trp	missense	1.5717299	0.033431574	NA	NA	FALSE	TRUE
L396H	p.Leu396His	missense	1.090069807	0.0817712	-0.555935078	benign supporting	FALSE	FALSE
L396Q	p.Leu396Gln	missense	NA	NA	NA	NA	NA	NA
L396*	p.Leu396*	nonsense	0.247715252	0.059956812	NA	NA	FALSE	FALSE
V397S	p.Val397Ser	missense	0.402354973	0.27889133	NA	NA	TRUE	FALSE
V397A	p.Val397Ala	missense	0.428663568	0.317775165	NA	NA	TRUE	FALSE
V397V	p.Val397=	synonymous	NA	NA	NA	NA	NA	NA
V397R	p.Val397Arg	missense	0.599417235	0.085160536	0.023467496	indeterminate	FALSE	FALSE
V397D	p.Val397Asp	missense	0.341504296	0.179623758	NA	NA	TRUE	FALSE
V397F	p.Val397Phe	missense	0.984946192	0.061087646	-0.497594505	benign supporting	FALSE	FALSE
V397T	p.Val397Thr	missense	0.328282422	0.392052858	NA	NA	TRUE	FALSE
V397I	p.Val397Ile	missense	1.034409169	0.053350359	-0.529987459	benign supporting	FALSE	FALSE
V397L	p.Val397Leu	missense	1.023995742	0.089752118	-0.523860034	benign supporting	FALSE	FALSE
V397K	p.Val397Lys	missense	0.333113608	0.144599566	0.460759043	pathogenic supporting	FALSE	FALSE
V397G	p.Val397Gly	missense	0.685213489	0.208227712	NA	NA	TRUE	FALSE
V397Y	p.Val397Tyr	missense	1.429582555	0.056257726	-0.454330475	benign supporting	FALSE	FALSE
V397N	p.Val397Asn	missense	0.325984917	0.090539536	0.471316469	pathogenic supporting	FALSE	FALSE
V397C	p.Val397Cys	missense	1.063262121	0.04575617	-0.545182003	benign supporting	FALSE	FALSE
V397P	p.Val397Pro	missense	1.774104615	0.100035976	NA	NA	FALSE	TRUE
V397E	p.Val397Glu	missense	1.059991183	0.113900417	-0.543587501	benign supporting	FALSE	FALSE
V397M	p.Val397Met	missense	0.255208616	0.08004382	0.552869341	pathogenic supporting	FALSE	FALSE
V397W	p.Val397Trp	missense	1.972856988	0.036974088	NA	NA	FALSE	TRUE
V397H	p.Val397His	missense	0.395100185	0.292805916	NA	NA	TRUE	FALSE
V397Q	p.Val397Gln	missense	1.206608237	1.197648597	NA	NA	TRUE	FALSE
V397*	p.Val397*	nonsense	-1.074532454	0.165182159	NA	NA	FALSE	FALSE
S398S	p.Ser398=	synonymous	1.390305494	0.232006482	NA	NA	FALSE	FALSE
S398A	p.Ser398Ala	missense	1.405938874	0.097364929	-0.477380051	benign supporting	FALSE	FALSE
S398V	p.Ser398Val	missense	1.063565553	0.28867701	-0.545328291	benign supporting	FALSE	FALSE
S398R	p.Ser398Arg	missense	1.121749373	0.101248379	-0.561804017	benign supporting	FALSE	FALSE
S398D	p.Ser398Asp	missense	0.96967146	0.159149864	-0.48599242	benign supporting	FALSE	FALSE
S398F	p.Ser398Phe	missense	NA	NA	NA	NA	NA	NA
S398T	p.Ser398Thr	missense	1.413818204	0.421330936	-0.470264618	benign supporting	FALSE	FALSE
S398I	p.Ser398Ile	missense	1.63950613	0.043526061	NA	NA	FALSE	TRUE
S398L	p.Ser398Leu	missense	0.89957082	0.14378701	-0.425790022	benign supporting	FALSE	FALSE
S398K	p.Ser398Lys	missense	-0.818294348	1.038785735	4.643069459	pathogenic very strong	FALSE	FALSE
S398G	p.Ser398Gly	missense	1.340427265	0.06210858	-0.52327121	benign supporting	FALSE	FALSE
S398Y	p.Ser398Tyr	missense	1.559211286	0.029202001	NA	NA	FALSE	TRUE
S398N	p.Ser398Asn	missense	NA	NA	NA	NA	NA	NA
S398C	p.Ser398Cys	missense	1.259843117	0.14198927	-0.559627963	benign supporting	FALSE	FALSE
S398P	p.Ser398Pro	missense	1.152163898	0.558591734	-0.565068697	benign supporting	FALSE	FALSE
S398E	p.Ser398Glu	missense	NA	NA	NA	NA	NA	NA
S398M	p.Ser398Met	missense	1.736055758	0.038875786	NA	NA	FALSE	TRUE
S398W	p.Ser398Trp	missense	1.977245466	0.044384737	NA	NA	FALSE	TRUE
S398H	p.Ser398His	missense	1.937440298	0.04305249	NA	NA	FALSE	TRUE
S398Q	p.Ser398Gln	missense	-0.103421597	0.860026057	NA	NA	TRUE	FALSE
S398*	p.Ser398*	nonsense	0.599255786	0.074722299	NA	NA	FALSE	FALSE
V399S	p.Val399Ser	missense	0.943873692	0.307006865	-0.466828394	benign supporting	FALSE	FALSE
V399A	p.Val399Ala	missense	0.844371997	0.41368057	NA	NA	TRUE	FALSE
V399V	p.Val399=	synonymous	1.006673408	0.152256598	NA	NA	FALSE	FALSE
V399R	p.Val399Arg	missense	1.132678492	0.262410384	-0.563013646	benign supporting	FALSE	FALSE
V399D	p.Val399Asp	missense	0.372695037	0.231328876	NA	NA	TRUE	FALSE
V399F	p.Val399Phe	missense	1.234749839	0.120268705	-0.563998728	benign supporting	FALSE	FALSE
V399T	p.Val399Thr	missense	-0.082143643	0.15429242	0.565773939	pathogenic supporting	FALSE	FALSE
V399I	p.Val399Ile	missense	1.39561949	0.065282798	-0.485928649	benign supporting	FALSE	FALSE
V399L	p.Val399Leu	missense	1.063278803	0.168440412	-0.545190052	benign supporting	FALSE	FALSE
V399K	p.Val399Lys	missense	0.016219563	0.171794572	0.544136122	pathogenic supporting	FALSE	FALSE
V399G	p.Val399Gly	missense	0.996365412	0.0513116	-0.505837098	benign supporting	FALSE	FALSE
V399Y	p.Val399Tyr	missense	0.945484687	0.203728298	-0.468101762	benign supporting	FALSE	FALSE
V399N	p.Val399Asn	missense	0.9145493	0.125543504	-0.441697094	benign supporting	FALSE	FALSE
V399C	p.Val399Cys	missense	0.779394249	0.101353388	-0.265632235	indeterminate	FALSE	FALSE
V399P	p.Val399Pro	missense	0.110748223	0.43492953	NA	NA	TRUE	FALSE
V399E	p.Val399Glu	missense	0.366479524	0.087454994	0.413163562	pathogenic supporting	FALSE	FALSE
V399M	p.Val399Met	missense	NA	NA	NA	NA	NA	NA
V399W	p.Val399Trp	missense	1.562158152	0.280007797	NA	NA	FALSE	TRUE
V399H	p.Val399His	missense	1.441473543	0.645121376	-0.442670733	benign supporting	FALSE	FALSE
V399Q	p.Val399Gln	missense	1.145401422	0.059413741	-0.564107372	benign supporting	FALSE	FALSE
V399*	p.Val399*	nonsense	-0.547596767	1.005799468	NA	NA	FALSE	FALSE
G400S	p.Gly400Ser	missense	NA	NA	NA	NA	NA	NA
G400A	p.Gly400Ala	missense	1.169897888	0.479719952	-0.56685394	benign supporting	FALSE	FALSE
G400V	p.Gly400Val	missense	0.92670373	0.092699536	-0.452577616	benign supporting	FALSE	FALSE
G400R	p.Gly400Arg	missense	0.73046719	0.148434856	-0.192072266	indeterminate	FALSE	FALSE
G400D	p.Gly400Asp	missense	0.51000114	0.097359581	NA	NA	TRUE	FALSE
G400F	p.Gly400Phe	missense	2.335916619	0.053811413	NA	NA	FALSE	TRUE
G400T	p.Gly400Thr	missense	NA	NA	NA	NA	NA	NA
G400I	p.Gly400Ile	missense	NA	NA	NA	NA	NA	NA
G400L	p.Gly400Leu	missense	1.805610019	0.266879373	NA	NA	FALSE	TRUE
G400K	p.Gly400Lys	missense	1.4290112	0.190917233	-0.45495057	benign supporting	FALSE	FALSE
G400G	p.Gly400=	synonymous	1.401137336	0.064784779	NA	NA	FALSE	FALSE
G400Y	p.Gly400Tyr	missense	NA	NA	NA	NA	NA	NA
G400N	p.Gly400Asn	missense	1.570147479	0.147212609	NA	NA	FALSE	TRUE
G400C	p.Gly400Cys	missense	NA	NA	NA	NA	NA	NA
G400P	p.Gly400Pro	missense	1.461439468	0.05033645	NA	NA	FALSE	TRUE
G400E	p.Gly400Glu	missense	NA	NA	NA	NA	NA	NA
G400M	p.Gly400Met	missense	NA	NA	NA	NA	NA	NA
G400W	p.Gly400Trp	missense	1.981978033	0.04999998	NA	NA	FALSE	TRUE
G400H	p.Gly400His	missense	NA	NA	NA	NA	NA	NA
G400Q	p.Gly400Gln	missense	1.147558709	0.183148386	-0.564430604	benign supporting	FALSE	FALSE
G400*	p.Gly400*	nonsense	-1.042954255	0.988139192	NA	NA	FALSE	FALSE
T401S	p.Thr401Ser	missense	0.813332491	0.412814744	NA	NA	TRUE	FALSE
T401A	p.Thr401Ala	missense	1.152822038	0.052443351	-0.565154087	benign supporting	FALSE	FALSE
T401V	p.Thr401Val	missense	1.076106113	0.185113774	-0.55113448	benign supporting	FALSE	FALSE
T401R	p.Thr401Arg	missense	0.986706303	0.410938004	-0.498896764	benign supporting	FALSE	FALSE
T401D	p.Thr401Asp	missense	0.978640759	0.0483965	-0.49283177	benign supporting	FALSE	FALSE
T401F	p.Thr401Phe	missense	1.225452326	0.154701143	-0.56497852	benign supporting	FALSE	FALSE
T401T	p.Thr401=	synonymous	0.945505611	0.864621836	NA	NA	TRUE	FALSE
T401I	p.Thr401Ile	missense	1.39791033	0.037641915	-0.484102886	benign supporting	FALSE	FALSE
T401L	p.Thr401Leu	missense	1.262819611	0.129368825	-0.558932743	benign supporting	FALSE	FALSE
T401K	p.Thr401Lys	missense	1.142425237	0.085300041	-0.563728733	benign supporting	FALSE	FALSE
T401G	p.Thr401Gly	missense	0.575710876	0.167319097	NA	NA	TRUE	FALSE
T401Y	p.Thr401Tyr	missense	-0.449928743	1.165696675	NA	NA	TRUE	FALSE
T401N	p.Thr401Asn	missense	1.019753368	0.150923342	-0.521262026	benign supporting	FALSE	FALSE
T401C	p.Thr401Cys	missense	0.806362946	0.617741414	NA	NA	TRUE	FALSE
T401P	p.Thr401Pro	missense	1.125244533	0.138859388	-0.562237175	benign supporting	FALSE	FALSE
T401E	p.Thr401Glu	missense	1.129354204	0.067735236	-0.562690903	benign supporting	FALSE	FALSE
T401M	p.Thr401Met	missense	1.311604069	0.149679482	-0.538042033	benign supporting	FALSE	FALSE
T401W	p.Thr401Trp	missense	1.638335834	0.057443821	NA	NA	FALSE	TRUE
T401H	p.Thr401His	missense	1.239478586	0.212256573	-0.563371548	benign supporting	FALSE	FALSE
T401Q	p.Thr401Gln	missense	1.076308027	0.119407589	-0.551224158	benign supporting	FALSE	FALSE
T401*	p.Thr401*	nonsense	NA	NA	NA	NA	NA	NA
A402S	p.Ala402Ser	missense	1.103967679	0.288660421	-0.558936868	benign supporting	FALSE	FALSE
A402A	p.Ala402=	synonymous	1.037726135	0.099952066	NA	NA	FALSE	FALSE
A402V	p.Ala402Val	missense	0.961413151	0.056328566	-0.480135761	benign supporting	FALSE	FALSE
A402R	p.Ala402Arg	missense	-0.276174306	0.293879353	0.790351487	pathogenic moderate	FALSE	FALSE
A402D	p.Ala402Asp	missense	1.176751517	0.071142983	-0.567251054	benign supporting	FALSE	FALSE
A402F	p.Ala402Phe	missense	1.787903076	0.048648453	NA	NA	FALSE	TRUE
A402T	p.Ala402Thr	missense	0.81674208	0.03138227	-0.318744589	benign supporting	FALSE	FALSE
A402I	p.Ala402Ile	missense	0.119276271	0.184576732	0.556617354	pathogenic supporting	FALSE	FALSE
A402L	p.Ala402Leu	missense	0.562855149	0.445392446	NA	NA	TRUE	FALSE
A402K	p.Ala402Lys	missense	0.977877283	0.065730947	-0.492244603	benign supporting	FALSE	FALSE
A402G	p.Ala402Gly	missense	0.856446323	0.204812204	-0.373528464	benign supporting	FALSE	FALSE
A402Y	p.Ala402Tyr	missense	0.962410717	0.112027131	-0.480856747	benign supporting	FALSE	FALSE
A402N	p.Ala402Asn	missense	0.449266644	0.251816847	NA	NA	TRUE	FALSE
A402C	p.Ala402Cys	missense	0.817369301	0.078787197	-0.319590257	benign supporting	FALSE	FALSE
A402P	p.Ala402Pro	missense	0.953832618	0.233922896	-0.474532701	benign supporting	FALSE	FALSE
A402E	p.Ala402Glu	missense	0.507761105	0.071336284	NA	NA	TRUE	FALSE
A402M	p.Ala402Met	missense	0.851095727	0.948685763	NA	NA	TRUE	FALSE
A402W	p.Ala402Trp	missense	0.366799108	0.279968608	NA	NA	TRUE	FALSE
A402H	p.Ala402His	missense	1.277589107	0.1692693	-0.55405481	benign supporting	FALSE	FALSE
A402Q	p.Ala402Gln	missense	NA	NA	NA	NA	NA	NA
A402*	p.Ala402*	nonsense	-0.091142823	0.4408798	NA	NA	FALSE	FALSE
G403S	p.Gly403Ser	missense	1.512369449	0.069527988	NA	NA	FALSE	TRUE
G403A	p.Gly403Ala	missense	0.873471269	0.164557292	-0.394450832	benign supporting	FALSE	FALSE
G403V	p.Gly403Val	missense	1.104417864	0.062068276	-0.559023006	benign supporting	FALSE	FALSE
G403R	p.Gly403Arg	missense	1.099065706	0.161551804	-0.55795375	benign supporting	FALSE	FALSE
G403D	p.Gly403Asp	missense	2.03833369	0.976484784	NA	NA	FALSE	TRUE
G403F	p.Gly403Phe	missense	1.470017044	0.077110798	NA	NA	FALSE	TRUE
G403T	p.Gly403Thr	missense	-0.121088179	0.461639805	0.584605119	pathogenic supporting	FALSE	FALSE
G403I	p.Gly403Ile	missense	NA	NA	NA	NA	NA	NA
G403L	p.Gly403Leu	missense	1.087194562	0.101539319	-0.555231508	benign supporting	FALSE	FALSE
G403K	p.Gly403Lys	missense	0.305333388	0.341816524	NA	NA	TRUE	FALSE
G403G	p.Gly403=	synonymous	1.00296993	0.413321028	NA	NA	FALSE	FALSE
G403Y	p.Gly403Tyr	missense	NA	NA	NA	NA	NA	NA
G403N	p.Gly403Asn	missense	NA	NA	NA	NA	NA	NA
G403C	p.Gly403Cys	missense	0.194863005	0.1760588	0.586446176	pathogenic supporting	FALSE	FALSE
G403P	p.Gly403Pro	missense	0.997186115	0.101076388	-0.506410989	benign supporting	FALSE	FALSE
G403E	p.Gly403Glu	missense	NA	NA	NA	NA	NA	NA
G403M	p.Gly403Met	missense	NA	NA	NA	NA	NA	NA
G403W	p.Gly403Trp	missense	1.598840804	0.035099596	NA	NA	FALSE	TRUE
G403H	p.Gly403His	missense	0.137279901	0.13482767	0.563374639	pathogenic supporting	FALSE	FALSE
G403Q	p.Gly403Gln	missense	NA	NA	NA	NA	NA	NA
G403*	p.Gly403*	nonsense	-0.045316047	0.302589584	NA	NA	FALSE	FALSE
Y404S	p.Tyr404Ser	missense	-0.225664888	0.209038449	0.693664697	pathogenic moderate	FALSE	FALSE
Y404A	p.Tyr404Ala	missense	-0.450038789	0.130645016	1.314559707	pathogenic strong	FALSE	FALSE
Y404V	p.Tyr404Val	missense	0.268992065	0.317574065	NA	NA	TRUE	FALSE
Y404R	p.Tyr404Arg	missense	-0.271053992	0.204496454	0.778353986	pathogenic moderate	FALSE	FALSE
Y404D	p.Tyr404Asp	missense	0.26468573	0.133808127	0.543939808	pathogenic supporting	FALSE	FALSE
Y404F	p.Tyr404Phe	missense	NA	NA	NA	NA	NA	NA
Y404T	p.Tyr404Thr	missense	-0.881306987	0.167953154	4.584252943	pathogenic very strong	FALSE	FALSE
Y404I	p.Tyr404Ile	missense	-0.276772829	0.167574454	0.791794572	pathogenic moderate	FALSE	FALSE
Y404L	p.Tyr404Leu	missense	-0.587281453	0.391343941	4.808666237	pathogenic very strong	FALSE	FALSE
Y404K	p.Tyr404Lys	missense	NA	NA	NA	NA	NA	NA
Y404G	p.Tyr404Gly	missense	0.453820443	0.094464209	NA	NA	TRUE	FALSE
Y404Y	p.Tyr404=	synonymous	1.491085978	0.386070952	NA	NA	FALSE	TRUE
Y404N	p.Tyr404Asn	missense	-0.09502818	0.489340775	0.571144549	pathogenic supporting	FALSE	FALSE
Y404C	p.Tyr404Cys	missense	0.079463122	0.61709971	NA	NA	TRUE	FALSE
Y404P	p.Tyr404Pro	missense	-0.567390937	0.146360574	4.817886097	pathogenic very strong	FALSE	FALSE
Y404E	p.Tyr404Glu	missense	-0.316772243	0.208441235	0.915395411	pathogenic moderate	FALSE	FALSE
Y404M	p.Tyr404Met	missense	0.145358065	0.312957956	0.566745851	pathogenic supporting	FALSE	FALSE
Y404W	p.Tyr404Trp	missense	1.798623377	0.028724696	NA	NA	FALSE	TRUE
Y404H	p.Tyr404His	missense	0.546252133	0.14428624	NA	NA	TRUE	FALSE
Y404Q	p.Tyr404Gln	missense	-0.119186777	0.777006256	NA	NA	TRUE	FALSE
Y404*	p.Tyr404*	nonsense	NA	NA	NA	NA	NA	NA
N405S	p.Asn405Ser	missense	1.175066999	0.104620523	-0.567168905	benign supporting	FALSE	FALSE
N405A	p.Asn405Ala	missense	0.817405342	0.093671035	-0.319638781	benign supporting	FALSE	FALSE
N405V	p.Asn405Val	missense	0.035581839	0.145130206	0.543393613	pathogenic supporting	FALSE	FALSE
N405R	p.Asn405Arg	missense	0.587752899	0.162940675	NA	NA	TRUE	FALSE
N405D	p.Asn405Asp	missense	0.993057377	0.657581412	NA	NA	TRUE	FALSE
N405F	p.Asn405Phe	missense	0.633524043	0.236150081	NA	NA	TRUE	FALSE
N405T	p.Asn405Thr	missense	0.800583109	0.416317965	NA	NA	TRUE	FALSE
N405I	p.Asn405Ile	missense	0.325342597	0.127044216	0.472302133	pathogenic supporting	FALSE	FALSE
N405L	p.Asn405Leu	missense	-0.574788105	0.389019726	4.814532382	pathogenic very strong	FALSE	FALSE
N405K	p.Asn405Lys	missense	0.888599989	0.139459497	-0.413063946	benign supporting	FALSE	FALSE
N405G	p.Asn405Gly	missense	1.358864608	0.070109225	-0.511614098	benign supporting	FALSE	FALSE
N405Y	p.Asn405Tyr	missense	0.846381344	0.051854852	-0.360679055	benign supporting	FALSE	FALSE
N405N	p.Asn405=	synonymous	1.011232286	0.057965448	NA	NA	FALSE	FALSE
N405C	p.Asn405Cys	missense	1.157553801	0.111612003	-0.565724993	benign supporting	FALSE	FALSE
N405P	p.Asn405Pro	missense	0.137164018	0.633356617	NA	NA	TRUE	FALSE
N405E	p.Asn405Glu	missense	0.88765736	0.060733788	-0.411941299	benign supporting	FALSE	FALSE
N405M	p.Asn405Met	missense	0.003210551	0.074217567	0.545243184	pathogenic supporting	FALSE	FALSE
N405W	p.Asn405Trp	missense	0.360872702	0.178124082	NA	NA	TRUE	FALSE
N405H	p.Asn405His	missense	1.166197612	0.322985055	-0.566570823	benign supporting	FALSE	FALSE
N405Q	p.Asn405Gln	missense	0.874561003	0.062038438	-0.395835395	benign supporting	FALSE	FALSE
N405*	p.Asn405*	nonsense	NA	NA	NA	NA	NA	NA
R406S	p.Arg406Ser	missense	1.222684509	0.037666318	-0.56520671	benign supporting	FALSE	FALSE
R406A	p.Arg406Ala	missense	0.489181066	1.461831576	NA	NA	TRUE	FALSE
R406V	p.Arg406Val	missense	1.184700507	0.100021551	-0.568342783	benign supporting	FALSE	FALSE
R406R	p.Arg406=	synonymous	0.909817283	0.463989062	NA	NA	TRUE	FALSE
R406D	p.Arg406Asp	missense	1.370518169	0.067873197	-0.503491287	benign supporting	FALSE	FALSE
R406F	p.Arg406Phe	missense	1.13111122	0.083232223	-0.562866439	benign supporting	FALSE	FALSE
R406T	p.Arg406Thr	missense	1.534124012	0.136017492	NA	NA	FALSE	TRUE
R406I	p.Arg406Ile	missense	0.962395617	0.046756438	-0.480845862	benign supporting	FALSE	FALSE
R406L	p.Arg406Leu	missense	1.289174528	0.061044421	-0.549118437	benign supporting	FALSE	FALSE
R406K	p.Arg406Lys	missense	0.838072331	0.440867926	NA	NA	TRUE	FALSE
R406G	p.Arg406Gly	missense	1.059596493	0.098007262	-0.543392922	benign supporting	FALSE	FALSE
R406Y	p.Arg406Tyr	missense	NA	NA	NA	NA	NA	NA
R406N	p.Arg406Asn	missense	1.246177838	0.157162807	-0.562330006	benign supporting	FALSE	FALSE
R406C	p.Arg406Cys	missense	1.34850421	0.036875019	-0.518425557	benign supporting	FALSE	FALSE
R406P	p.Arg406Pro	missense	0.778987666	0.130916908	-0.265045374	indeterminate	FALSE	FALSE
R406E	p.Arg406Glu	missense	1.886165115	0.03443669	NA	NA	FALSE	TRUE
R406M	p.Arg406Met	missense	1.526527087	0.030085463	NA	NA	FALSE	TRUE
R406W	p.Arg406Trp	missense	1.293952106	0.04212228	-0.546980662	benign supporting	FALSE	FALSE
R406H	p.Arg406His	missense	1.047316955	0.043132371	-0.537102721	benign supporting	FALSE	FALSE
R406Q	p.Arg406Gln	missense	0.372005025	0.073291393	0.404210082	pathogenic supporting	FALSE	FALSE
R406*	p.Arg406*	nonsense	0.155169467	0.256720454	NA	NA	FALSE	FALSE
A407S	p.Ala407Ser	missense	0.805019618	0.170101657	-0.302505443	indeterminate	FALSE	FALSE
A407A	p.Ala407=	synonymous	1.812566397	0.76222809	NA	NA	FALSE	TRUE
A407V	p.Ala407Val	missense	1.198159245	0.061172577	-0.568466195	benign supporting	FALSE	FALSE
A407R	p.Ala407Arg	missense	1.072329209	0.118313418	-0.549434851	benign supporting	FALSE	FALSE
A407D	p.Ala407Asp	missense	1.514752748	0.040463716	NA	NA	FALSE	TRUE
A407F	p.Ala407Phe	missense	0.834194071	0.059796404	-0.343767562	benign supporting	FALSE	FALSE
A407T	p.Ala407Thr	missense	1.144957945	0.079656598	-0.564039011	benign supporting	FALSE	FALSE
A407I	p.Ala407Ile	missense	NA	NA	NA	NA	NA	NA
A407L	p.Ala407Leu	missense	0.497600019	0.49634448	NA	NA	TRUE	FALSE
A407K	p.Ala407Lys	missense	0.285587804	0.083395065	0.515820387	pathogenic supporting	FALSE	FALSE
A407G	p.Ala407Gly	missense	0.732093786	0.087953961	-0.194744854	indeterminate	FALSE	FALSE
A407Y	p.Ala407Tyr	missense	1.597031907	0.039675997	NA	NA	FALSE	TRUE
A407N	p.Ala407Asn	missense	2.442547434	0.067257357	NA	NA	FALSE	TRUE
A407C	p.Ala407Cys	missense	0.477298188	0.160795907	NA	NA	TRUE	FALSE
A407P	p.Ala407Pro	missense	1.259450615	0.122207029	-0.559716729	benign supporting	FALSE	FALSE
A407E	p.Ala407Glu	missense	1.66461492	0.075088098	NA	NA	FALSE	TRUE
A407M	p.Ala407Met	missense	0.66763315	0.570243216	NA	NA	TRUE	FALSE
A407W	p.Ala407Trp	missense	NA	NA	NA	NA	NA	NA
A407H	p.Ala407His	missense	1.455154571	0.055883818	NA	NA	FALSE	FALSE
A407Q	p.Ala407Gln	missense	0.752917548	0.12012102	-0.227014693	indeterminate	FALSE	FALSE
A407*	p.Ala407*	nonsense	-1.15087298	0.91545754	NA	NA	FALSE	FALSE
V408S	p.Val408Ser	missense	-0.4176199	0.531067443	1.162090844	pathogenic moderate	FALSE	FALSE
V408A	p.Val408Ala	missense	1.553432916	0.060786936	NA	NA	FALSE	TRUE
V408V	p.Val408=	synonymous	0.867960486	0.071191787	NA	NA	FALSE	FALSE
V408R	p.Val408Arg	missense	0.427076127	0.282126681	NA	NA	TRUE	FALSE
V408D	p.Val408Asp	missense	0.590932607	0.459265937	NA	NA	TRUE	FALSE
V408F	p.Val408Phe	missense	-0.751537417	0.638503666	4.702361743	pathogenic very strong	FALSE	FALSE
V408T	p.Val408Thr	missense	-0.000368934	0.515681703	NA	NA	TRUE	FALSE
V408I	p.Val408Ile	missense	0.225229133	0.269089113	0.57743468	pathogenic supporting	FALSE	FALSE
V408L	p.Val408Leu	missense	0.378037774	0.339703725	NA	NA	TRUE	FALSE
V408K	p.Val408Lys	missense	-0.677133964	0.170124954	4.758083377	pathogenic very strong	FALSE	FALSE
V408G	p.Val408Gly	missense	0.107462877	0.70962898	NA	NA	TRUE	FALSE
V408Y	p.Val408Tyr	missense	-0.518214233	0.453119592	4.838058438	pathogenic very strong	FALSE	FALSE
V408N	p.Val408Asn	missense	-1.337006616	0.349811029	4.093874498	pathogenic very strong	FALSE	FALSE
V408C	p.Val408Cys	missense	0.710652477	0.10692386	-0.162357771	indeterminate	FALSE	FALSE
V408P	p.Val408Pro	missense	-0.781765594	0.504524884	4.675049652	pathogenic very strong	FALSE	FALSE
V408E	p.Val408Glu	missense	-0.401303995	1.849671365	NA	NA	TRUE	FALSE
V408M	p.Val408Met	missense	1.159742591	0.039321114	-0.56596339	benign supporting	FALSE	FALSE
V408W	p.Val408Trp	missense	-0.330490653	0.174377244	0.947042942	pathogenic moderate	FALSE	FALSE
V408H	p.Val408His	missense	-0.545577033	0.191122818	4.827278002	pathogenic very strong	FALSE	FALSE
V408Q	p.Val408Gln	missense	-0.193322726	0.450357183	0.650314238	pathogenic moderate	FALSE	FALSE
V408*	p.Val408*	nonsense	NA	NA	NA	NA	NA	NA
D409S	p.Asp409Ser	missense	-0.875757731	0.397633233	4.589412702	pathogenic very strong	FALSE	FALSE
D409A	p.Asp409Ala	missense	-0.572069252	0.612979738	4.815775237	pathogenic very strong	FALSE	FALSE
D409V	p.Asp409Val	missense	-0.529774215	0.147906926	4.833635522	pathogenic very strong	FALSE	FALSE
D409R	p.Asp409Arg	missense	-1.483374336	0.722357301	3.980675018	pathogenic very strong	FALSE	FALSE
D409D	p.Asp409=	synonymous	0.240699594	0.180744806	NA	NA	FALSE	FALSE
D409F	p.Asp409Phe	missense	0.35994618	1.169662043	NA	NA	TRUE	FALSE
D409T	p.Asp409Thr	missense	-1.090105315	0.567426172	4.382596716	pathogenic very strong	FALSE	FALSE
D409I	p.Asp409Ile	missense	NA	NA	NA	NA	NA	NA
D409L	p.Asp409Leu	missense	-0.889634203	0.273666043	4.577682267	pathogenic very strong	FALSE	FALSE
D409K	p.Asp409Lys	missense	-0.861214659	0.222524395	4.604123138	pathogenic very strong	FALSE	FALSE
D409G	p.Asp409Gly	missense	-0.462239744	0.195013541	1.396376727	pathogenic strong	FALSE	FALSE
D409Y	p.Asp409Tyr	missense	-0.48718628	0.216159758	1.659237244	pathogenic strong	FALSE	FALSE
D409N	p.Asp409Asn	missense	-0.35720025	0.66788495	0.995971119	pathogenic moderate	FALSE	FALSE
D409C	p.Asp409Cys	missense	0.833591563	0.228560984	-0.342851575	benign supporting	FALSE	FALSE
D409P	p.Asp409Pro	missense	-0.447781947	0.917496643	1.301332204	pathogenic strong	FALSE	FALSE
D409E	p.Asp409Glu	missense	0.98799392	0.191896741	-0.499842014	benign supporting	FALSE	FALSE
D409M	p.Asp409Met	missense	-2.192041033	0.707500319	0	indeterminate	FALSE	FALSE
D409W	p.Asp409Trp	missense	0.257784002	0.97225454	NA	NA	TRUE	FALSE
D409H	p.Asp409His	missense	-1.486390691	0.403541046	3.978897694	pathogenic very strong	FALSE	FALSE
D409Q	p.Asp409Gln	missense	-0.786278471	0.319424099	4.670697172	pathogenic very strong	FALSE	FALSE
D409*	p.Asp409*	nonsense	-0.730067458	0.708814525	NA	NA	FALSE	FALSE
C410S	p.Cys410Ser	missense	1.196431278	0.230506149	-0.568625593	benign supporting	FALSE	FALSE
C410A	p.Cys410Ala	missense	0.544509822	0.110328057	NA	NA	TRUE	FALSE
C410V	p.Cys410Val	missense	0.857357856	0.171769738	-0.374661774	benign supporting	FALSE	FALSE
C410R	p.Cys410Arg	missense	0.620483245	0.191698476	NA	NA	TRUE	FALSE
C410D	p.Cys410Asp	missense	1.437494413	0.151512321	-0.446634147	benign supporting	FALSE	FALSE
C410F	p.Cys410Phe	missense	0.650089929	0.403708266	NA	NA	TRUE	FALSE
C410T	p.Cys410Thr	missense	1.061065043	0.306346612	-0.544114528	benign supporting	FALSE	FALSE
C410I	p.Cys410Ile	missense	-0.140368774	0.476951867	0.598853627	pathogenic supporting	FALSE	FALSE
C410L	p.Cys410Leu	missense	0.876996971	0.55312758	NA	NA	TRUE	FALSE
C410K	p.Cys410Lys	missense	-0.155987862	0.271967315	0.611987345	pathogenic supporting	FALSE	FALSE
C410G	p.Cys410Gly	missense	1.034826406	0.096962345	-0.530225682	benign supporting	FALSE	FALSE
C410Y	p.Cys410Tyr	missense	1.220120001	0.058693944	-0.565404296	benign supporting	FALSE	FALSE
C410N	p.Cys410Asn	missense	0.549349825	1.119663487	NA	NA	TRUE	FALSE
C410C	p.Cys410=	synonymous	NA	NA	NA	NA	NA	NA
C410P	p.Cys410Pro	missense	0.664974576	0.125792333	-0.08734513	indeterminate	FALSE	FALSE
C410E	p.Cys410Glu	missense	NA	NA	NA	NA	NA	NA
C410M	p.Cys410Met	missense	1.066060483	0.189891507	-0.546520677	benign supporting	FALSE	FALSE
C410W	p.Cys410Trp	missense	1.349438435	0.045949628	-0.51783941	benign supporting	FALSE	FALSE
C410H	p.Cys410His	missense	1.224377517	0.209289327	-0.565070547	benign supporting	FALSE	FALSE
C410Q	p.Cys410Gln	missense	-0.188797635	0.962129786	NA	NA	TRUE	FALSE
C410*	p.Cys410*	nonsense	-0.007676127	1.138599109	NA	NA	TRUE	FALSE
W411S	p.Trp411Ser	missense	0.043420345	0.840317023	NA	NA	TRUE	FALSE
W411A	p.Trp411Ala	missense	-1.636848	0.499577033	3.863138579	pathogenic very strong	FALSE	FALSE
W411V	p.Trp411Val	missense	1.023428592	0.077978929	-0.523516162	benign supporting	FALSE	FALSE
W411R	p.Trp411Arg	missense	-0.608672575	1.087536507	4.798008796	pathogenic very strong	FALSE	FALSE
W411D	p.Trp411Asp	missense	-1.89154976	0.794690429	3.356238777	pathogenic very strong	FALSE	FALSE
W411F	p.Trp411Phe	missense	-0.128174862	0.279372206	0.589605753	pathogenic supporting	FALSE	FALSE
W411T	p.Trp411Thr	missense	0.391982652	0.134273505	NA	NA	TRUE	FALSE
W411I	p.Trp411Ile	missense	-1.199518308	0.253791027	4.238679135	pathogenic very strong	FALSE	FALSE
W411L	p.Trp411Leu	missense	-0.24294962	0.685549271	0.721970491	pathogenic moderate	FALSE	FALSE
W411K	p.Trp411Lys	missense	-0.694964412	0.631445063	4.746035308	pathogenic very strong	FALSE	FALSE
W411G	p.Trp411Gly	missense	-0.032399442	0.156180082	0.550878762	pathogenic supporting	FALSE	FALSE
W411Y	p.Trp411Tyr	missense	1.970526636	0.27720956	NA	NA	FALSE	TRUE
W411N	p.Trp411Asn	missense	NA	NA	NA	NA	NA	NA
W411C	p.Trp411Cys	missense	-0.159302418	0.237974291	0.614974995	pathogenic supporting	FALSE	FALSE
W411P	p.Trp411Pro	missense	-0.525237404	0.133074188	4.835393884	pathogenic very strong	FALSE	FALSE
W411E	p.Trp411Glu	missense	-0.941160254	0.549429743	4.532272863	pathogenic very strong	FALSE	FALSE
W411M	p.Trp411Met	missense	-0.892685874	0.344793864	4.575224862	pathogenic very strong	FALSE	FALSE
W411W	p.Trp411=	synonymous	NA	NA	NA	NA	NA	NA
W411H	p.Trp411His	missense	0.562572558	0.103015268	NA	NA	TRUE	FALSE
W411Q	p.Trp411Gln	missense	-0.039832559	0.251015448	0.552559282	pathogenic supporting	FALSE	FALSE
W411*	p.Trp411*	nonsense	0.145812218	0.343626669	NA	NA	FALSE	FALSE
S412S	p.Ser412=	synonymous	2.489826391	0.092608715	NA	NA	FALSE	TRUE
S412A	p.Ser412Ala	missense	0.986353364	0.348150203	-0.498636575	benign supporting	FALSE	FALSE
S412V	p.Ser412Val	missense	-0.34210969	0.439214233	0.967052	pathogenic moderate	FALSE	FALSE
S412R	p.Ser412Arg	missense	NA	NA	NA	NA	NA	NA
S412D	p.Ser412Asp	missense	0.229657835	0.688308407	NA	NA	TRUE	FALSE
S412F	p.Ser412Phe	missense	-1.182085717	0.69072213	4.260125483	pathogenic very strong	FALSE	FALSE
S412T	p.Ser412Thr	missense	1.365981994	1.116319486	NA	NA	TRUE	FALSE
S412I	p.Ser412Ile	missense	NA	NA	NA	NA	NA	NA
S412L	p.Ser412Leu	missense	-0.851713115	0.278127079	4.613295713	pathogenic very strong	FALSE	FALSE
S412K	p.Ser412Lys	missense	-0.871716787	0.668245042	4.593584615	pathogenic very strong	FALSE	FALSE
S412G	p.Ser412Gly	missense	1.619711304	0.100223331	NA	NA	FALSE	TRUE
S412Y	p.Ser412Tyr	missense	-0.493399119	0.348040822	1.766809073	pathogenic strong	FALSE	FALSE
S412N	p.Ser412Asn	missense	2.113638881	0.028705498	NA	NA	FALSE	TRUE
S412C	p.Ser412Cys	missense	2.590699993	0.221612506	NA	NA	FALSE	TRUE
S412P	p.Ser412Pro	missense	NA	NA	NA	NA	NA	NA
S412E	p.Ser412Glu	missense	1.226504956	0.198345807	-0.564884169	benign supporting	FALSE	FALSE
S412M	p.Ser412Met	missense	NA	NA	NA	NA	NA	NA
S412W	p.Ser412Trp	missense	NA	NA	NA	NA	NA	NA
S412H	p.Ser412His	missense	0.700457318	1.12917515	NA	NA	TRUE	FALSE
S412Q	p.Ser412Gln	missense	NA	NA	NA	NA	NA	NA
S412*	p.Ser412*	nonsense	-0.008495766	0.827221	NA	NA	TRUE	FALSE
L413S	p.Leu413Ser	missense	0.93094858	0.997803858	NA	NA	TRUE	FALSE
L413A	p.Leu413Ala	missense	0.247010168	0.513659236	NA	NA	TRUE	FALSE
L413V	p.Leu413Val	missense	0.827868573	0.167353166	-0.334384994	benign supporting	FALSE	FALSE
L413R	p.Leu413Arg	missense	-0.55896727	0.451050878	4.821599769	pathogenic very strong	FALSE	FALSE
L413D	p.Leu413Asp	missense	-0.328845809	0.671017489	0.944352491	pathogenic moderate	FALSE	FALSE
L413F	p.Leu413Phe	missense	0.270655239	1.729217641	NA	NA	TRUE	FALSE
L413T	p.Leu413Thr	missense	0.270814488	0.320217417	NA	NA	TRUE	FALSE
L413I	p.Leu413Ile	missense	0.389547985	1.155478334	NA	NA	TRUE	FALSE
L413L	p.Leu413=	synonymous	0.577069646	0.195878525	NA	NA	TRUE	FALSE
L413K	p.Leu413Lys	missense	0.111917213	0.396167611	NA	NA	TRUE	FALSE
L413G	p.Leu413Gly	missense	-0.029236636	0.275458092	0.550218154	pathogenic supporting	FALSE	FALSE
L413Y	p.Leu413Tyr	missense	-0.189658666	0.305379978	0.646058383	pathogenic moderate	FALSE	FALSE
L413N	p.Leu413Asn	missense	-0.94748573	0.568994791	4.526069119	pathogenic very strong	FALSE	FALSE
L413C	p.Leu413Cys	missense	1.360413814	0.304962677	-0.510535169	benign supporting	FALSE	FALSE
L413P	p.Leu413Pro	missense	-0.17649535	0.700132828	NA	NA	TRUE	FALSE
L413E	p.Leu413Glu	missense	0.444563659	0.258500933	NA	NA	TRUE	FALSE
L413M	p.Leu413Met	missense	0.86348029	0.086544096	-0.382148575	benign supporting	FALSE	FALSE
L413W	p.Leu413Trp	missense	0.387122683	1.468940717	NA	NA	TRUE	FALSE
L413H	p.Leu413His	missense	-0.549516353	0.459098924	4.825635726	pathogenic very strong	FALSE	FALSE
L413Q	p.Leu413Gln	missense	-0.597024262	0.240525465	4.803910391	pathogenic very strong	FALSE	FALSE
L413*	p.Leu413*	nonsense	0.59274949	0.947722687	NA	NA	TRUE	FALSE
G414S	p.Gly414Ser	missense	1.018855479	0.068832418	-0.52070449	benign supporting	FALSE	FALSE
G414A	p.Gly414Ala	missense	-1.173150825	0.629103536	4.270520478	pathogenic very strong	FALSE	FALSE
G414V	p.Gly414Val	missense	-0.799544917	0.703335493	4.658242158	pathogenic very strong	FALSE	FALSE
G414R	p.Gly414Arg	missense	-0.601645383	0.792797591	4.801597622	pathogenic very strong	FALSE	FALSE
G414D	p.Gly414Asp	missense	-0.111955414	0.306550113	0.579274531	pathogenic supporting	FALSE	FALSE
G414F	p.Gly414Phe	missense	-1.811934083	0.703033117	3.603286779	pathogenic very strong	FALSE	FALSE
G414T	p.Gly414Thr	missense	0.054926677	0.917283103	NA	NA	TRUE	FALSE
G414I	p.Gly414Ile	missense	-0.591395467	1.156590295	NA	NA	TRUE	FALSE
G414L	p.Gly414Leu	missense	-0.673164239	0.366735101	4.760665426	pathogenic very strong	FALSE	FALSE
G414K	p.Gly414Lys	missense	NA	NA	NA	NA	NA	NA
G414G	p.Gly414=	synonymous	1.1249361	1.345330933	NA	NA	TRUE	FALSE
G414Y	p.Gly414Tyr	missense	NA	NA	NA	NA	NA	NA
G414N	p.Gly414Asn	missense	-0.438097894	0.809613268	1.249817501	pathogenic moderate	FALSE	FALSE
G414C	p.Gly414Cys	missense	NA	NA	NA	NA	NA	NA
G414P	p.Gly414Pro	missense	0.149410899	1.216433518	NA	NA	TRUE	FALSE
G414E	p.Gly414Glu	missense	-0.585976972	0.577699288	4.809290819	pathogenic very strong	FALSE	FALSE
G414M	p.Gly414Met	missense	-1.030945291	0.504780928	4.445484587	pathogenic very strong	FALSE	FALSE
G414W	p.Gly414Trp	missense	NA	NA	NA	NA	NA	NA
G414H	p.Gly414His	missense	0.535316129	0.166480323	NA	NA	TRUE	FALSE
G414Q	p.Gly414Gln	missense	NA	NA	NA	NA	NA	NA
G414*	p.Gly414*	nonsense	-0.421840471	0.385107086	NA	NA	FALSE	FALSE
V415S	p.Val415Ser	missense	-0.237117438	2.183933543	NA	NA	TRUE	FALSE
V415A	p.Val415Ala	missense	-1.881956216	0.660443779	3.396017782	pathogenic very strong	FALSE	FALSE
V415V	p.Val415=	synonymous	0.749908757	0.272057133	NA	NA	TRUE	FALSE
V415R	p.Val415Arg	missense	1.586166337	2.292957676	NA	NA	TRUE	TRUE
V415D	p.Val415Asp	missense	NA	NA	NA	NA	NA	NA
V415F	p.Val415Phe	missense	NA	NA	NA	NA	NA	NA
V415T	p.Val415Thr	missense	NA	NA	NA	NA	NA	NA
V415I	p.Val415Ile	missense	0.994619078	0.10059296	-0.504607793	benign supporting	FALSE	FALSE
V415L	p.Val415Leu	missense	NA	NA	NA	NA	NA	NA
V415K	p.Val415Lys	missense	NA	NA	NA	NA	NA	NA
V415G	p.Val415Gly	missense	-0.135673387	1.38954515	NA	NA	TRUE	FALSE
V415Y	p.Val415Tyr	missense	NA	NA	NA	NA	NA	NA
V415N	p.Val415Asn	missense	NA	NA	NA	NA	NA	NA
V415C	p.Val415Cys	missense	NA	NA	NA	NA	NA	NA
V415P	p.Val415Pro	missense	NA	NA	NA	NA	NA	NA
V415E	p.Val415Glu	missense	NA	NA	NA	NA	NA	NA
V415M	p.Val415Met	missense	NA	NA	NA	NA	NA	NA
V415W	p.Val415Trp	missense	NA	NA	NA	NA	NA	NA
V415H	p.Val415His	missense	NA	NA	NA	NA	NA	NA
V415Q	p.Val415Gln	missense	NA	NA	NA	NA	NA	NA
V415*	p.Val415*	nonsense	NA	NA	NA	NA	NA	NA
I416S	p.Ile416Ser	missense	NA	NA	NA	NA	NA	NA
I416A	p.Ile416Ala	missense	NA	NA	NA	NA	NA	NA
I416V	p.Ile416Val	missense	0.759195157	0.877092099	NA	NA	TRUE	FALSE
I416R	p.Ile416Arg	missense	NA	NA	NA	NA	NA	NA
I416D	p.Ile416Asp	missense	NA	NA	NA	NA	NA	NA
I416F	p.Ile416Phe	missense	NA	NA	NA	NA	NA	NA
I416T	p.Ile416Thr	missense	0.294281987	0.199424465	0.505679869	pathogenic supporting	FALSE	FALSE
I416I	p.Ile416=	synonymous	NA	NA	NA	NA	NA	NA
I416L	p.Ile416Leu	missense	NA	NA	NA	NA	NA	NA
I416K	p.Ile416Lys	missense	NA	NA	NA	NA	NA	NA
I416G	p.Ile416Gly	missense	NA	NA	NA	NA	NA	NA
I416Y	p.Ile416Tyr	missense	-0.554291317	2.208235408	NA	NA	TRUE	FALSE
I416N	p.Ile416Asn	missense	NA	NA	NA	NA	NA	NA
I416C	p.Ile416Cys	missense	NA	NA	NA	NA	NA	NA
I416P	p.Ile416Pro	missense	NA	NA	NA	NA	NA	NA
I416E	p.Ile416Glu	missense	NA	NA	NA	NA	NA	NA
I416M	p.Ile416Met	missense	NA	NA	NA	NA	NA	NA
I416W	p.Ile416Trp	missense	-0.248677663	2.378751863	NA	NA	TRUE	FALSE
I416H	p.Ile416His	missense	NA	NA	NA	NA	NA	NA
I416Q	p.Ile416Gln	missense	NA	NA	NA	NA	NA	NA
I416*	p.Ile416*	nonsense	NA	NA	NA	NA	NA	NA
L417S	p.Leu417Ser	missense	-0.010876698	1.677936273	NA	NA	TRUE	FALSE
L417A	p.Leu417Ala	missense	1.003266872	0.396206972	-0.510587635	benign supporting	FALSE	FALSE
L417V	p.Leu417Val	missense	0.240372135	1.321643527	NA	NA	TRUE	FALSE
L417R	p.Leu417Arg	missense	-0.345246668	1.401158718	NA	NA	TRUE	FALSE
L417D	p.Leu417Asp	missense	NA	NA	NA	NA	NA	NA
L417F	p.Leu417Phe	missense	1.41039752	0.130553071	-0.473419026	benign supporting	FALSE	FALSE
L417T	p.Leu417Thr	missense	-3.60014934	1.370919149	0	indeterminate	FALSE	FALSE
L417I	p.Leu417Ile	missense	0.188550419	0.236758956	0.587594588	pathogenic supporting	FALSE	FALSE
L417L	p.Leu417=	synonymous	0.674831737	0.240360127	NA	NA	TRUE	FALSE
L417K	p.Leu417Lys	missense	NA	NA	NA	NA	NA	NA
L417G	p.Leu417Gly	missense	1.122780029	0.13738618	-0.561936246	benign supporting	FALSE	FALSE
L417Y	p.Leu417Tyr	missense	-0.401438019	0.291532491	1.107044986	pathogenic moderate	FALSE	FALSE
L417N	p.Leu417Asn	missense	NA	NA	NA	NA	NA	NA
L417C	p.Leu417Cys	missense	NA	NA	NA	NA	NA	NA
L417P	p.Leu417Pro	missense	-0.329369237	2.38749667	NA	NA	TRUE	FALSE
L417E	p.Leu417Glu	missense	NA	NA	NA	NA	NA	NA
L417M	p.Leu417Met	missense	NA	NA	NA	NA	NA	NA
L417W	p.Leu417Trp	missense	NA	NA	NA	NA	NA	NA
L417H	p.Leu417His	missense	0.71291767	2.02429936	NA	NA	TRUE	FALSE
L417Q	p.Leu417Gln	missense	0.576398585	0.146591785	NA	NA	TRUE	FALSE
L417*	p.Leu417*	nonsense	-2.508689977	1.482937629	NA	NA	FALSE	FALSE
F418S	p.Phe418Ser	missense	-0.302406183	1.510748833	NA	NA	TRUE	FALSE
F418A	p.Phe418Ala	missense	NA	NA	NA	NA	NA	NA
F418V	p.Phe418Val	missense	0.276502645	2.362905723	NA	NA	TRUE	FALSE
F418R	p.Phe418Arg	missense	-0.469192012	2.288364142	NA	NA	TRUE	FALSE
F418D	p.Phe418Asp	missense	NA	NA	NA	NA	NA	NA
F418F	p.Phe418=	synonymous	NA	NA	NA	NA	NA	NA
F418T	p.Phe418Thr	missense	-0.35150494	2.138416726	NA	NA	TRUE	FALSE
F418I	p.Phe418Ile	missense	-0.096884006	2.154486365	NA	NA	TRUE	FALSE
F418L	p.Phe418Leu	missense	-0.447983497	1.85474859	NA	NA	TRUE	FALSE
F418K	p.Phe418Lys	missense	NA	NA	NA	NA	NA	NA
F418G	p.Phe418Gly	missense	-0.701532669	1.070459267	4.741404248	pathogenic very strong	FALSE	FALSE
F418Y	p.Phe418Tyr	missense	NA	NA	NA	NA	NA	NA
F418N	p.Phe418Asn	missense	NA	NA	NA	NA	NA	NA
F418C	p.Phe418Cys	missense	NA	NA	NA	NA	NA	NA
F418P	p.Phe418Pro	missense	NA	NA	NA	NA	NA	NA
F418E	p.Phe418Glu	missense	NA	NA	NA	NA	NA	NA
F418M	p.Phe418Met	missense	NA	NA	NA	NA	NA	NA
F418W	p.Phe418Trp	missense	NA	NA	NA	NA	NA	NA
F418H	p.Phe418His	missense	NA	NA	NA	NA	NA	NA
F418Q	p.Phe418Gln	missense	NA	NA	NA	NA	NA	NA
F418*	p.Phe418*	nonsense	NA	NA	NA	NA	NA	NA
I419S	p.Ile419Ser	missense	NA	NA	NA	NA	NA	NA
I419A	p.Ile419Ala	missense	0.765029967	1.854271419	NA	NA	TRUE	FALSE
I419V	p.Ile419Val	missense	NA	NA	NA	NA	NA	NA
I419R	p.Ile419Arg	missense	NA	NA	NA	NA	NA	NA
I419D	p.Ile419Asp	missense	NA	NA	NA	NA	NA	NA
I419F	p.Ile419Phe	missense	NA	NA	NA	NA	NA	NA
I419T	p.Ile419Thr	missense	1.312555113	1.148417187	NA	NA	TRUE	FALSE
I419I	p.Ile419=	synonymous	0.796663118	0.236192502	NA	NA	FALSE	FALSE
I419L	p.Ile419Leu	missense	NA	NA	NA	NA	NA	NA
I419K	p.Ile419Lys	missense	NA	NA	NA	NA	NA	NA
I419G	p.Ile419Gly	missense	NA	NA	NA	NA	NA	NA
I419Y	p.Ile419Tyr	missense	NA	NA	NA	NA	NA	NA
I419N	p.Ile419Asn	missense	1.411296958	2.207935736	NA	NA	TRUE	FALSE
I419C	p.Ile419Cys	missense	NA	NA	NA	NA	NA	NA
I419P	p.Ile419Pro	missense	1.896581795	2.386371831	NA	NA	TRUE	TRUE
I419E	p.Ile419Glu	missense	NA	NA	NA	NA	NA	NA
I419M	p.Ile419Met	missense	1.206351808	2.450505019	NA	NA	TRUE	FALSE
I419W	p.Ile419Trp	missense	NA	NA	NA	NA	NA	NA
I419H	p.Ile419His	missense	NA	NA	NA	NA	NA	NA
I419Q	p.Ile419Gln	missense	NA	NA	NA	NA	NA	NA
I419*	p.Ile419*	nonsense	NA	NA	NA	NA	NA	NA
C420S	p.Cys420Ser	missense	1.130040835	0.409881358	-0.562760821	benign supporting	FALSE	FALSE
C420A	p.Cys420Ala	missense	NA	NA	NA	NA	NA	NA
C420V	p.Cys420Val	missense	0.705725178	0.580360418	NA	NA	TRUE	FALSE
C420R	p.Cys420Arg	missense	0.172852375	2.279585519	NA	NA	TRUE	FALSE
C420D	p.Cys420Asp	missense	NA	NA	NA	NA	NA	NA
C420F	p.Cys420Phe	missense	1.579403198	0.692484319	NA	NA	FALSE	TRUE
C420T	p.Cys420Thr	missense	0.828827381	0.215401564	-0.335745986	benign supporting	FALSE	FALSE
C420I	p.Cys420Ile	missense	NA	NA	NA	NA	NA	NA
C420L	p.Cys420Leu	missense	0.509385006	0.242824441	NA	NA	TRUE	FALSE
C420K	p.Cys420Lys	missense	NA	NA	NA	NA	NA	NA
C420G	p.Cys420Gly	missense	NA	NA	NA	NA	NA	NA
C420Y	p.Cys420Tyr	missense	0.212303067	0.81336053	NA	NA	TRUE	FALSE
C420N	p.Cys420Asn	missense	NA	NA	NA	NA	NA	NA
C420C	p.Cys420=	synonymous	1.16135956	0.087080248	NA	NA	FALSE	FALSE
C420P	p.Cys420Pro	missense	NA	NA	NA	NA	NA	NA
C420E	p.Cys420Glu	missense	NA	NA	NA	NA	NA	NA
C420M	p.Cys420Met	missense	NA	NA	NA	NA	NA	NA
C420W	p.Cys420Trp	missense	0.158468028	2.368797239	NA	NA	TRUE	FALSE
C420H	p.Cys420His	missense	NA	NA	NA	NA	NA	NA
C420Q	p.Cys420Gln	missense	NA	NA	NA	NA	NA	NA
C420*	p.Cys420*	nonsense	0.329806222	1.423928698	NA	NA	TRUE	FALSE
L421S	p.Leu421Ser	missense	NA	NA	NA	NA	NA	NA
L421A	p.Leu421Ala	missense	NA	NA	NA	NA	NA	NA
L421V	p.Leu421Val	missense	0.779361351	2.779139095	NA	NA	TRUE	FALSE
L421R	p.Leu421Arg	missense	-0.075378677	2.229129272	NA	NA	TRUE	FALSE
L421D	p.Leu421Asp	missense	-0.290340396	0.400532917	0.827038565	pathogenic moderate	FALSE	FALSE
L421F	p.Leu421Phe	missense	-0.353534594	2.485788572	NA	NA	TRUE	FALSE
L421T	p.Leu421Thr	missense	NA	NA	NA	NA	NA	NA
L421I	p.Leu421Ile	missense	1.026197118	0.191736826	-0.525184744	benign supporting	FALSE	FALSE
L421L	p.Leu421=	synonymous	0.584264462	1.802279759	NA	NA	TRUE	FALSE
L421K	p.Leu421Lys	missense	NA	NA	NA	NA	NA	NA
L421G	p.Leu421Gly	missense	0.731523609	1.64215164	NA	NA	TRUE	FALSE
L421Y	p.Leu421Tyr	missense	0.119339051	2.327897478	NA	NA	TRUE	FALSE
L421N	p.Leu421Asn	missense	NA	NA	NA	NA	NA	NA
L421C	p.Leu421Cys	missense	1.651298307	0.109375722	NA	NA	FALSE	TRUE
L421P	p.Leu421Pro	missense	0.179169428	1.177728342	NA	NA	TRUE	FALSE
L421E	p.Leu421Glu	missense	NA	NA	NA	NA	NA	NA
L421M	p.Leu421Met	missense	NA	NA	NA	NA	NA	NA
L421W	p.Leu421Trp	missense	NA	NA	NA	NA	NA	NA
L421H	p.Leu421His	missense	-0.273683245	2.820904335	NA	NA	TRUE	FALSE
L421Q	p.Leu421Gln	missense	NA	NA	NA	NA	NA	NA
L421*	p.Leu421*	nonsense	NA	NA	NA	NA	NA	NA
S422S	p.Ser422=	synonymous	1.659724348	0.503365235	NA	NA	FALSE	TRUE
S422A	p.Ser422Ala	missense	NA	NA	NA	NA	NA	NA
S422V	p.Ser422Val	missense	NA	NA	NA	NA	NA	NA
S422R	p.Ser422Arg	missense	NA	NA	NA	NA	NA	NA
S422D	p.Ser422Asp	missense	NA	NA	NA	NA	NA	NA
S422F	p.Ser422Phe	missense	NA	NA	NA	NA	NA	NA
S422T	p.Ser422Thr	missense	NA	NA	NA	NA	NA	NA
S422I	p.Ser422Ile	missense	-0.694353977	2.22716724	NA	NA	TRUE	FALSE
S422L	p.Ser422Leu	missense	1.873406347	0.678162666	NA	NA	FALSE	TRUE
S422K	p.Ser422Lys	missense	NA	NA	NA	NA	NA	NA
S422G	p.Ser422Gly	missense	-0.024678711	2.819250659	NA	NA	TRUE	FALSE
S422Y	p.Ser422Tyr	missense	NA	NA	NA	NA	NA	NA
S422N	p.Ser422Asn	missense	NA	NA	NA	NA	NA	NA
S422C	p.Ser422Cys	missense	NA	NA	NA	NA	NA	NA
S422P	p.Ser422Pro	missense	NA	NA	NA	NA	NA	NA
S422E	p.Ser422Glu	missense	NA	NA	NA	NA	NA	NA
S422M	p.Ser422Met	missense	NA	NA	NA	NA	NA	NA
S422W	p.Ser422Trp	missense	NA	NA	NA	NA	NA	NA
S422H	p.Ser422His	missense	NA	NA	NA	NA	NA	NA
S422Q	p.Ser422Gln	missense	NA	NA	NA	NA	NA	NA
S422*	p.Ser422*	nonsense	NA	NA	NA	NA	NA	NA
G423S	p.Gly423Ser	missense	NA	NA	NA	NA	NA	NA
G423A	p.Gly423Ala	missense	1.338570617	2.669613509	NA	NA	TRUE	FALSE
G423V	p.Gly423Val	missense	-1.035617717	2.889543205	NA	NA	TRUE	FALSE
G423R	p.Gly423Arg	missense	NA	NA	NA	NA	NA	NA
G423D	p.Gly423Asp	missense	NA	NA	NA	NA	NA	NA
G423F	p.Gly423Phe	missense	NA	NA	NA	NA	NA	NA
G423T	p.Gly423Thr	missense	NA	NA	NA	NA	NA	NA
G423I	p.Gly423Ile	missense	NA	NA	NA	NA	NA	NA
G423L	p.Gly423Leu	missense	NA	NA	NA	NA	NA	NA
G423K	p.Gly423Lys	missense	NA	NA	NA	NA	NA	NA
G423G	p.Gly423=	synonymous	0.844399665	1.289834872	NA	NA	TRUE	FALSE
G423Y	p.Gly423Tyr	missense	NA	NA	NA	NA	NA	NA
G423N	p.Gly423Asn	missense	NA	NA	NA	NA	NA	NA
G423C	p.Gly423Cys	missense	1.715072773	1.469510354	NA	NA	TRUE	TRUE
G423P	p.Gly423Pro	missense	NA	NA	NA	NA	NA	NA
G423E	p.Gly423Glu	missense	0.000725177	0.254523573	0.545511287	pathogenic supporting	FALSE	FALSE
G423M	p.Gly423Met	missense	NA	NA	NA	NA	NA	NA
G423W	p.Gly423Trp	missense	-0.274567311	0.903083377	NA	NA	TRUE	FALSE
G423H	p.Gly423His	missense	NA	NA	NA	NA	NA	NA
G423Q	p.Gly423Gln	missense	NA	NA	NA	NA	NA	NA
G423*	p.Gly423*	nonsense	NA	NA	NA	NA	NA	NA
Y424S	p.Tyr424Ser	missense	0.9552416	2.232059515	NA	NA	TRUE	FALSE
Y424A	p.Tyr424Ala	missense	-1.026373429	2.122681362	NA	NA	TRUE	FALSE
Y424V	p.Tyr424Val	missense	NA	NA	NA	NA	NA	NA
Y424R	p.Tyr424Arg	missense	NA	NA	NA	NA	NA	NA
Y424D	p.Tyr424Asp	missense	0.144273488	1.767902445	NA	NA	TRUE	FALSE
Y424F	p.Tyr424Phe	missense	NA	NA	NA	NA	NA	NA
Y424T	p.Tyr424Thr	missense	NA	NA	NA	NA	NA	NA
Y424I	p.Tyr424Ile	missense	NA	NA	NA	NA	NA	NA
Y424L	p.Tyr424Leu	missense	NA	NA	NA	NA	NA	NA
Y424K	p.Tyr424Lys	missense	NA	NA	NA	NA	NA	NA
Y424G	p.Tyr424Gly	missense	0.980967923	1.197202882	NA	NA	TRUE	FALSE
Y424Y	p.Tyr424=	synonymous	NA	NA	NA	NA	NA	NA
Y424N	p.Tyr424Asn	missense	NA	NA	NA	NA	NA	NA
Y424C	p.Tyr424Cys	missense	0.460434495	2.06326459	NA	NA	TRUE	FALSE
Y424P	p.Tyr424Pro	missense	NA	NA	NA	NA	NA	NA
Y424E	p.Tyr424Glu	missense	-0.583800967	2.117154169	NA	NA	TRUE	FALSE
Y424M	p.Tyr424Met	missense	NA	NA	NA	NA	NA	NA
Y424W	p.Tyr424Trp	missense	0.472277891	2.44527353	NA	NA	TRUE	FALSE
Y424H	p.Tyr424His	missense	0.821648797	2.118280918	NA	NA	TRUE	FALSE
Y424Q	p.Tyr424Gln	missense	NA	NA	NA	NA	NA	NA
Y424*	p.Tyr424*	nonsense	-0.921756061	2.545415291	NA	NA	TRUE	FALSE
P425S	p.Pro425Ser	missense	1.345055399	0.143343502	-0.520542801	benign supporting	FALSE	FALSE
P425A	p.Pro425Ala	missense	NA	NA	NA	NA	NA	NA
P425V	p.Pro425Val	missense	NA	NA	NA	NA	NA	NA
P425R	p.Pro425Arg	missense	NA	NA	NA	NA	NA	NA
P425D	p.Pro425Asp	missense	NA	NA	NA	NA	NA	NA
P425F	p.Pro425Phe	missense	NA	NA	NA	NA	NA	NA
P425T	p.Pro425Thr	missense	NA	NA	NA	NA	NA	NA
P425I	p.Pro425Ile	missense	NA	NA	NA	NA	NA	NA
P425L	p.Pro425Leu	missense	1.055274763	0.169606254	-0.541231537	benign supporting	FALSE	FALSE
P425K	p.Pro425Lys	missense	1.046535985	1.904581793	NA	NA	TRUE	FALSE
P425G	p.Pro425Gly	missense	NA	NA	NA	NA	NA	NA
P425Y	p.Pro425Tyr	missense	NA	NA	NA	NA	NA	NA
P425N	p.Pro425Asn	missense	NA	NA	NA	NA	NA	NA
P425C	p.Pro425Cys	missense	NA	NA	NA	NA	NA	NA
P425P	p.Pro425=	synonymous	1.853987864	0.836323934	NA	NA	FALSE	TRUE
P425E	p.Pro425Glu	missense	NA	NA	NA	NA	NA	NA
P425M	p.Pro425Met	missense	NA	NA	NA	NA	NA	NA
P425W	p.Pro425Trp	missense	NA	NA	NA	NA	NA	NA
P425H	p.Pro425His	missense	NA	NA	NA	NA	NA	NA
P425Q	p.Pro425Gln	missense	0.969483323	0.243798747	-0.485861804	benign supporting	FALSE	FALSE
P425*	p.Pro425*	nonsense	NA	NA	NA	NA	NA	NA
P426S	p.Pro426Ser	missense	0.639082685	0.226133073	NA	NA	TRUE	FALSE
P426A	p.Pro426Ala	missense	1.17814222	2.111417538	NA	NA	TRUE	FALSE
P426V	p.Pro426Val	missense	NA	NA	NA	NA	NA	NA
P426R	p.Pro426Arg	missense	NA	NA	NA	NA	NA	NA
P426D	p.Pro426Asp	missense	NA	NA	NA	NA	NA	NA
P426F	p.Pro426Phe	missense	NA	NA	NA	NA	NA	NA
P426T	p.Pro426Thr	missense	0.161459871	0.221242936	0.574119816	pathogenic supporting	FALSE	FALSE
P426I	p.Pro426Ile	missense	NA	NA	NA	NA	NA	NA
P426L	p.Pro426Leu	missense	0.683156925	0.19484699	NA	NA	TRUE	FALSE
P426K	p.Pro426Lys	missense	-0.686916787	2.130676963	NA	NA	TRUE	FALSE
P426G	p.Pro426Gly	missense	-1.380029492	1.454816361	4.038869286	pathogenic very strong	FALSE	FALSE
P426Y	p.Pro426Tyr	missense	NA	NA	NA	NA	NA	NA
P426N	p.Pro426Asn	missense	NA	NA	NA	NA	NA	NA
P426C	p.Pro426Cys	missense	NA	NA	NA	NA	NA	NA
P426P	p.Pro426=	synonymous	1.655173761	0.24915497	NA	NA	FALSE	TRUE
P426E	p.Pro426Glu	missense	NA	NA	NA	NA	NA	NA
P426M	p.Pro426Met	missense	NA	NA	NA	NA	NA	NA
P426W	p.Pro426Trp	missense	NA	NA	NA	NA	NA	NA
P426H	p.Pro426His	missense	NA	NA	NA	NA	NA	NA
P426Q	p.Pro426Gln	missense	NA	NA	NA	NA	NA	NA
P426*	p.Pro426*	nonsense	NA	NA	NA	NA	NA	NA
F427S	p.Phe427Ser	missense	0.176433621	2.631703675	NA	NA	TRUE	FALSE
F427A	p.Phe427Ala	missense	NA	NA	NA	NA	NA	NA
F427V	p.Phe427Val	missense	1.20697059	1.727822085	NA	NA	TRUE	FALSE
F427R	p.Phe427Arg	missense	NA	NA	NA	NA	NA	NA
F427D	p.Phe427Asp	missense	-0.284410014	0.490233992	0.811009915	pathogenic moderate	FALSE	FALSE
F427F	p.Phe427=	synonymous	0.994291208	0.214391129	NA	NA	FALSE	FALSE
F427T	p.Phe427Thr	missense	NA	NA	NA	NA	NA	NA
F427I	p.Phe427Ile	missense	1.426531994	2.904844345	NA	NA	TRUE	FALSE
F427L	p.Phe427Leu	missense	-0.613011861	2.811739842	NA	NA	TRUE	FALSE
F427K	p.Phe427Lys	missense	NA	NA	NA	NA	NA	NA
F427G	p.Phe427Gly	missense	0.019132305	2.049087132	NA	NA	TRUE	FALSE
F427Y	p.Phe427Tyr	missense	NA	NA	NA	NA	NA	NA
F427N	p.Phe427Asn	missense	NA	NA	NA	NA	NA	NA
F427C	p.Phe427Cys	missense	-1.223266157	2.368842714	NA	NA	TRUE	FALSE
F427P	p.Phe427Pro	missense	NA	NA	NA	NA	NA	NA
F427E	p.Phe427Glu	missense	NA	NA	NA	NA	NA	NA
F427M	p.Phe427Met	missense	NA	NA	NA	NA	NA	NA
F427W	p.Phe427Trp	missense	NA	NA	NA	NA	NA	NA
F427H	p.Phe427His	missense	NA	NA	NA	NA	NA	NA
F427Q	p.Phe427Gln	missense	NA	NA	NA	NA	NA	NA
F427*	p.Phe427*	nonsense	NA	NA	NA	NA	NA	NA
S428S	p.Ser428=	synonymous	1.07689733	0.997295216	NA	NA	TRUE	FALSE
S428A	p.Ser428Ala	missense	NA	NA	NA	NA	NA	NA
S428V	p.Ser428Val	missense	NA	NA	NA	NA	NA	NA
S428R	p.Ser428Arg	missense	NA	NA	NA	NA	NA	NA
S428D	p.Ser428Asp	missense	1.03431889	1.177774633	NA	NA	TRUE	FALSE
S428F	p.Ser428Phe	missense	1.209190966	0.58192713	-0.567172075	benign supporting	FALSE	FALSE
S428T	p.Ser428Thr	missense	0.92930836	1.657935907	NA	NA	TRUE	FALSE
S428I	p.Ser428Ile	missense	NA	NA	NA	NA	NA	NA
S428L	p.Ser428Leu	missense	NA	NA	NA	NA	NA	NA
S428K	p.Ser428Lys	missense	NA	NA	NA	NA	NA	NA
S428G	p.Ser428Gly	missense	NA	NA	NA	NA	NA	NA
S428Y	p.Ser428Tyr	missense	NA	NA	NA	NA	NA	NA
S428N	p.Ser428Asn	missense	NA	NA	NA	NA	NA	NA
S428C	p.Ser428Cys	missense	1.737136085	0.272859483	NA	NA	FALSE	TRUE
S428P	p.Ser428Pro	missense	0.812404801	1.416931218	NA	NA	TRUE	FALSE
S428E	p.Ser428Glu	missense	NA	NA	NA	NA	NA	NA
S428M	p.Ser428Met	missense	NA	NA	NA	NA	NA	NA
S428W	p.Ser428Trp	missense	NA	NA	NA	NA	NA	NA
S428H	p.Ser428His	missense	NA	NA	NA	NA	NA	NA
S428Q	p.Ser428Gln	missense	NA	NA	NA	NA	NA	NA
S428*	p.Ser428*	nonsense	NA	NA	NA	NA	NA	NA
E429S	p.Glu429Ser	missense	NA	NA	NA	NA	NA	NA
E429A	p.Glu429Ala	missense	-0.128646431	2.064379656	NA	NA	TRUE	FALSE
E429V	p.Glu429Val	missense	0.072549267	2.603915667	NA	NA	TRUE	FALSE
E429R	p.Glu429Arg	missense	NA	NA	NA	NA	NA	NA
E429D	p.Glu429Asp	missense	1.034849652	0.128740898	-0.530238938	benign supporting	FALSE	FALSE
E429F	p.Glu429Phe	missense	NA	NA	NA	NA	NA	NA
E429T	p.Glu429Thr	missense	-1.45680131	1.44130187	3.995607532	pathogenic very strong	FALSE	FALSE
E429I	p.Glu429Ile	missense	NA	NA	NA	NA	NA	NA
E429L	p.Glu429Leu	missense	0.0089338	0.658664806	NA	NA	TRUE	FALSE
E429K	p.Glu429Lys	missense	1.007847227	0.12318397	-0.513647219	benign supporting	FALSE	FALSE
E429G	p.Glu429Gly	missense	0.971010259	0.204588239	-0.486918162	benign supporting	FALSE	FALSE
E429Y	p.Glu429Tyr	missense	-0.127230868	1.583279673	NA	NA	TRUE	FALSE
E429N	p.Glu429Asn	missense	NA	NA	NA	NA	NA	NA
E429C	p.Glu429Cys	missense	NA	NA	NA	NA	NA	NA
E429P	p.Glu429Pro	missense	NA	NA	NA	NA	NA	NA
E429E	p.Glu429=	synonymous	1.141569316	0.114185564	NA	NA	FALSE	FALSE
E429M	p.Glu429Met	missense	1.150079229	1.976329951	NA	NA	TRUE	FALSE
E429W	p.Glu429Trp	missense	NA	NA	NA	NA	NA	NA
E429H	p.Glu429His	missense	NA	NA	NA	NA	NA	NA
E429Q	p.Glu429Gln	missense	NA	NA	NA	NA	NA	NA
E429*	p.Glu429*	nonsense	NA	NA	NA	NA	NA	NA
H430S	p.His430Ser	missense	NA	NA	NA	NA	NA	NA
H430A	p.His430Ala	missense	NA	NA	NA	NA	NA	NA
H430V	p.His430Val	missense	NA	NA	NA	NA	NA	NA
H430R	p.His430Arg	missense	1.104660424	1.006827375	NA	NA	TRUE	FALSE
H430D	p.His430Asp	missense	NA	NA	NA	NA	NA	NA
H430F	p.His430Phe	missense	0.596524346	2.1413646	NA	NA	TRUE	FALSE
H430T	p.His430Thr	missense	NA	NA	NA	NA	NA	NA
H430I	p.His430Ile	missense	-3.918958342	1.056954559	0	indeterminate	FALSE	FALSE
H430L	p.His430Leu	missense	-0.83396517	0.642800416	4.62956812	pathogenic very strong	FALSE	FALSE
H430K	p.His430Lys	missense	NA	NA	NA	NA	NA	NA
H430G	p.His430Gly	missense	NA	NA	NA	NA	NA	NA
H430Y	p.His430Tyr	missense	0.831563115	0.09065154	-0.339749565	benign supporting	FALSE	FALSE
H430N	p.His430Asn	missense	1.038721157	0.089767324	-0.532422706	benign supporting	FALSE	FALSE
H430C	p.His430Cys	missense	0.142177979	2.608462214	NA	NA	TRUE	FALSE
H430P	p.His430Pro	missense	NA	NA	NA	NA	NA	NA
H430E	p.His430Glu	missense	-2.021393386	1.709028427	0	indeterminate	FALSE	FALSE
H430M	p.His430Met	missense	NA	NA	NA	NA	NA	NA
H430W	p.His430Trp	missense	NA	NA	NA	NA	NA	NA
H430H	p.His430=	synonymous	1.212904438	0.248954655	NA	NA	FALSE	FALSE
H430Q	p.His430Gln	missense	1.143987374	0.450053451	-0.563887126	benign supporting	FALSE	FALSE
H430*	p.His430*	nonsense	-3.113405049	1.073895669	NA	NA	FALSE	FALSE
R431S	p.Arg431Ser	missense	0.827676018	0.963416445	NA	NA	TRUE	FALSE
R431A	p.Arg431Ala	missense	NA	NA	NA	NA	NA	NA
R431V	p.Arg431Val	missense	NA	NA	NA	NA	NA	NA
R431R	p.Arg431=	synonymous	NA	NA	NA	NA	NA	NA
R431D	p.Arg431Asp	missense	NA	NA	NA	NA	NA	NA
R431F	p.Arg431Phe	missense	-0.159441803	0.939370974	NA	NA	TRUE	FALSE
R431T	p.Arg431Thr	missense	0.984009094	1.372036029	NA	NA	TRUE	FALSE
R431I	p.Arg431Ile	missense	NA	NA	NA	NA	NA	NA
R431L	p.Arg431Leu	missense	NA	NA	NA	NA	NA	NA
R431K	p.Arg431Lys	missense	1.080413312	0.170800991	-0.553021513	benign supporting	FALSE	FALSE
R431G	p.Arg431Gly	missense	NA	NA	NA	NA	NA	NA
R431Y	p.Arg431Tyr	missense	NA	NA	NA	NA	NA	NA
R431N	p.Arg431Asn	missense	2.25409788	2.187469875	NA	NA	TRUE	TRUE
R431C	p.Arg431Cys	missense	NA	NA	NA	NA	NA	NA
R431P	p.Arg431Pro	missense	0.753844906	0.263317325	NA	NA	TRUE	FALSE
R431E	p.Arg431Glu	missense	NA	NA	NA	NA	NA	NA
R431M	p.Arg431Met	missense	0.810767541	0.107680854	-0.310572914	indeterminate	FALSE	FALSE
R431W	p.Arg431Trp	missense	0.910236108	0.198478193	-0.437592707	benign supporting	FALSE	FALSE
R431H	p.Arg431His	missense	NA	NA	NA	NA	NA	NA
R431Q	p.Arg431Gln	missense	NA	NA	NA	NA	NA	NA
R431*	p.Arg431*	nonsense	-2.774055199	1.162639112	NA	NA	FALSE	FALSE
T432S	p.Thr432Ser	missense	NA	NA	NA	NA	NA	NA
T432A	p.Thr432Ala	missense	NA	NA	NA	NA	NA	NA
T432V	p.Thr432Val	missense	0.981530605	0.202004946	-0.495033652	benign supporting	FALSE	FALSE
T432R	p.Thr432Arg	missense	NA	NA	NA	NA	NA	NA
T432D	p.Thr432Asp	missense	NA	NA	NA	NA	NA	NA
T432F	p.Thr432Phe	missense	NA	NA	NA	NA	NA	NA
T432T	p.Thr432=	synonymous	0.828855276	1.233297565	NA	NA	TRUE	FALSE
T432I	p.Thr432Ile	missense	1.347368881	0.109749028	-0.519130598	benign supporting	FALSE	FALSE
T432L	p.Thr432Leu	missense	1.588316278	0.15185619	NA	NA	FALSE	TRUE
T432K	p.Thr432Lys	missense	NA	NA	NA	NA	NA	NA
T432G	p.Thr432Gly	missense	NA	NA	NA	NA	NA	NA
T432Y	p.Thr432Tyr	missense	NA	NA	NA	NA	NA	NA
T432N	p.Thr432Asn	missense	NA	NA	NA	NA	NA	NA
T432C	p.Thr432Cys	missense	NA	NA	NA	NA	NA	NA
T432P	p.Thr432Pro	missense	NA	NA	NA	NA	NA	NA
T432E	p.Thr432Glu	missense	NA	NA	NA	NA	NA	NA
T432M	p.Thr432Met	missense	NA	NA	NA	NA	NA	NA
T432W	p.Thr432Trp	missense	NA	NA	NA	NA	NA	NA
T432H	p.Thr432His	missense	NA	NA	NA	NA	NA	NA
T432Q	p.Thr432Gln	missense	NA	NA	NA	NA	NA	NA
T432*	p.Thr432*	nonsense	0.079317806	2.089135603	NA	NA	TRUE	FALSE
Q433S	p.Gln433Ser	missense	NA	NA	NA	NA	NA	NA
Q433A	p.Gln433Ala	missense	NA	NA	NA	NA	NA	NA
Q433V	p.Gln433Val	missense	NA	NA	NA	NA	NA	NA
Q433R	p.Gln433Arg	missense	0.963077222	0.346545148	-0.48133637	benign supporting	FALSE	FALSE
Q433D	p.Gln433Asp	missense	NA	NA	NA	NA	NA	NA
Q433F	p.Gln433Phe	missense	NA	NA	NA	NA	NA	NA
Q433T	p.Gln433Thr	missense	NA	NA	NA	NA	NA	NA
Q433I	p.Gln433Ile	missense	NA	NA	NA	NA	NA	NA
Q433L	p.Gln433Leu	missense	NA	NA	NA	NA	NA	NA
Q433K	p.Gln433Lys	missense	1.02659094	0.450016647	-0.525420058	benign supporting	FALSE	FALSE
Q433G	p.Gln433Gly	missense	NA	NA	NA	NA	NA	NA
Q433Y	p.Gln433Tyr	missense	NA	NA	NA	NA	NA	NA
Q433N	p.Gln433Asn	missense	NA	NA	NA	NA	NA	NA
Q433C	p.Gln433Cys	missense	NA	NA	NA	NA	NA	NA
Q433P	p.Gln433Pro	missense	NA	NA	NA	NA	NA	NA
Q433E	p.Gln433Glu	missense	NA	NA	NA	NA	NA	NA
Q433M	p.Gln433Met	missense	NA	NA	NA	NA	NA	NA
Q433W	p.Gln433Trp	missense	NA	NA	NA	NA	NA	NA
Q433H	p.Gln433His	missense	1.331194778	1.267685924	NA	NA	TRUE	FALSE
Q433Q	p.Gln433=	synonymous	1.343773851	0.259406342	NA	NA	FALSE	FALSE
Q433*	p.Gln433*	nonsense	0.017268068	0.234874413	NA	NA	FALSE	FALSE
V434S	p.Val434Ser	missense	0.666024132	2.514811407	NA	NA	TRUE	FALSE
V434A	p.Val434Ala	missense	1.228239724	2.358110425	NA	NA	TRUE	FALSE
V434V	p.Val434=	synonymous	0.957670441	0.154087718	NA	NA	FALSE	FALSE
V434R	p.Val434Arg	missense	1.577155228	0.243588009	NA	NA	FALSE	TRUE
V434D	p.Val434Asp	missense	NA	NA	NA	NA	NA	NA
V434F	p.Val434Phe	missense	NA	NA	NA	NA	NA	NA
V434T	p.Val434Thr	missense	1.265937153	0.15843571	-0.558162281	benign supporting	FALSE	FALSE
V434I	p.Val434Ile	missense	1.200413881	2.448267485	NA	NA	TRUE	FALSE
V434L	p.Val434Leu	missense	0.552167293	0.881281356	NA	NA	TRUE	FALSE
V434K	p.Val434Lys	missense	NA	NA	NA	NA	NA	NA
V434G	p.Val434Gly	missense	0.790092736	0.78227556	NA	NA	TRUE	FALSE
V434Y	p.Val434Tyr	missense	NA	NA	NA	NA	NA	NA
V434N	p.Val434Asn	missense	NA	NA	NA	NA	NA	NA
V434C	p.Val434Cys	missense	-0.860777626	2.223576061	NA	NA	TRUE	FALSE
V434P	p.Val434Pro	missense	NA	NA	NA	NA	NA	NA
V434E	p.Val434Glu	missense	1.467913912	1.178202031	NA	NA	TRUE	TRUE
V434M	p.Val434Met	missense	1.090984879	0.113581814	-0.556153071	benign supporting	FALSE	FALSE
V434W	p.Val434Trp	missense	0.127802202	0.147998707	0.559689381	pathogenic supporting	FALSE	FALSE
V434H	p.Val434His	missense	NA	NA	NA	NA	NA	NA
V434Q	p.Val434Gln	missense	NA	NA	NA	NA	NA	NA
V434*	p.Val434*	nonsense	0.483680382	2.269651968	NA	NA	TRUE	FALSE
S435S	p.Ser435=	synonymous	1.594617048	0.28619876	NA	NA	FALSE	TRUE
S435A	p.Ser435Ala	missense	2.496967163	0.227167805	NA	NA	FALSE	TRUE
S435V	p.Ser435Val	missense	0.70395598	0.194811087	-0.152521211	indeterminate	FALSE	FALSE
S435R	p.Ser435Arg	missense	2.353269252	0.311703746	NA	NA	FALSE	TRUE
S435D	p.Ser435Asp	missense	NA	NA	NA	NA	NA	NA
S435F	p.Ser435Phe	missense	0.920958003	0.157001172	-0.447519403	benign supporting	FALSE	FALSE
S435T	p.Ser435Thr	missense	0.257305912	1.064120852	NA	NA	TRUE	FALSE
S435I	p.Ser435Ile	missense	NA	NA	NA	NA	NA	NA
S435L	p.Ser435Leu	missense	-0.603195722	0.599382781	4.800813358	pathogenic very strong	FALSE	FALSE
S435K	p.Ser435Lys	missense	1.669390992	0.091807808	NA	NA	FALSE	TRUE
S435G	p.Ser435Gly	missense	0.330125644	1.585314673	NA	NA	TRUE	FALSE
S435Y	p.Ser435Tyr	missense	NA	NA	NA	NA	NA	NA
S435N	p.Ser435Asn	missense	NA	NA	NA	NA	NA	NA
S435C	p.Ser435Cys	missense	1.559145522	0.233253133	NA	NA	FALSE	TRUE
S435P	p.Ser435Pro	missense	0.198947527	1.654527121	NA	NA	TRUE	FALSE
S435E	p.Ser435Glu	missense	-0.830478267	2.021684218	NA	NA	TRUE	FALSE
S435M	p.Ser435Met	missense	1.4171312	0.479097101	-0.467110561	benign supporting	FALSE	FALSE
S435W	p.Ser435Trp	missense	NA	NA	NA	NA	NA	NA
S435H	p.Ser435His	missense	NA	NA	NA	NA	NA	NA
S435Q	p.Ser435Gln	missense	NA	NA	NA	NA	NA	NA
S435*	p.Ser435*	nonsense	-0.871697332	0.259415749	NA	NA	FALSE	FALSE
L436S	p.Leu436Ser	missense	0.455881353	2.39365201	NA	NA	TRUE	FALSE
L436A	p.Leu436Ala	missense	-1.364742894	1.986945893	NA	NA	TRUE	FALSE
L436V	p.Leu436Val	missense	0.935842288	0.438488649	NA	NA	TRUE	FALSE
L436R	p.Leu436Arg	missense	0.22387773	0.324340421	NA	NA	TRUE	FALSE
L436D	p.Leu436Asp	missense	NA	NA	NA	NA	NA	NA
L436F	p.Leu436Phe	missense	-0.287471909	0.76249003	0.819157432	pathogenic moderate	FALSE	FALSE
L436T	p.Leu436Thr	missense	-0.552515281	2.156564646	NA	NA	TRUE	FALSE
L436I	p.Leu436Ile	missense	1.73824363	0.237437161	NA	NA	FALSE	TRUE
L436L	p.Leu436=	synonymous	1.131475852	0.12741078	NA	NA	FALSE	FALSE
L436K	p.Leu436Lys	missense	NA	NA	NA	NA	NA	NA
L436G	p.Leu436Gly	missense	-0.524263269	1.384078236	NA	NA	TRUE	FALSE
L436Y	p.Leu436Tyr	missense	1.483700862	0.235422456	NA	NA	FALSE	TRUE
L436N	p.Leu436Asn	missense	1.296202392	0.288401441	-0.545933445	benign supporting	FALSE	FALSE
L436C	p.Leu436Cys	missense	0.660771481	0.846513644	NA	NA	TRUE	FALSE
L436P	p.Leu436Pro	missense	0.240518039	1.699926228	NA	NA	TRUE	FALSE
L436E	p.Leu436Glu	missense	0.106791525	1.905005583	NA	NA	TRUE	FALSE
L436M	p.Leu436Met	missense	0.327174791	0.640622219	NA	NA	TRUE	FALSE
L436W	p.Leu436Trp	missense	1.306264299	0.229164777	-0.540924612	benign supporting	FALSE	FALSE
L436H	p.Leu436His	missense	NA	NA	NA	NA	NA	NA
L436Q	p.Leu436Gln	missense	-0.639892063	2.972572433	NA	NA	TRUE	FALSE
L436*	p.Leu436*	nonsense	0.13481341	0.251769219	NA	NA	FALSE	FALSE
K437S	p.Lys437Ser	missense	NA	NA	NA	NA	NA	NA
K437A	p.Lys437Ala	missense	NA	NA	NA	NA	NA	NA
K437V	p.Lys437Val	missense	NA	NA	NA	NA	NA	NA
K437R	p.Lys437Arg	missense	1.212757455	0.272436772	-0.566649353	benign supporting	FALSE	FALSE
K437D	p.Lys437Asp	missense	NA	NA	NA	NA	NA	NA
K437F	p.Lys437Phe	missense	NA	NA	NA	NA	NA	NA
K437T	p.Lys437Thr	missense	0.93152161	0.641935635	NA	NA	TRUE	FALSE
K437I	p.Lys437Ile	missense	0.74376655	0.413487024	NA	NA	TRUE	FALSE
K437L	p.Lys437Leu	missense	NA	NA	NA	NA	NA	NA
K437K	p.Lys437=	synonymous	1.135165077	0.134756279	NA	NA	FALSE	FALSE
K437G	p.Lys437Gly	missense	NA	NA	NA	NA	NA	NA
K437Y	p.Lys437Tyr	missense	NA	NA	NA	NA	NA	NA
K437N	p.Lys437Asn	missense	1.376887121	0.537583997	-0.499435921	benign supporting	FALSE	FALSE
K437C	p.Lys437Cys	missense	NA	NA	NA	NA	NA	NA
K437P	p.Lys437Pro	missense	NA	NA	NA	NA	NA	NA
K437E	p.Lys437Glu	missense	0.708268039	0.985917197	NA	NA	TRUE	FALSE
K437M	p.Lys437Met	missense	0.960417982	1.224791357	NA	NA	TRUE	FALSE
K437W	p.Lys437Trp	missense	NA	NA	NA	NA	NA	NA
K437H	p.Lys437His	missense	NA	NA	NA	NA	NA	NA
K437Q	p.Lys437Gln	missense	NA	NA	NA	NA	NA	NA
K437*	p.Lys437*	nonsense	NA	NA	NA	NA	NA	NA
D438S	p.Asp438Ser	missense	NA	NA	NA	NA	NA	NA
D438A	p.Asp438Ala	missense	1.391176731	1.414352259	NA	NA	TRUE	FALSE
D438V	p.Asp438Val	missense	1.206188795	2.075797802	NA	NA	TRUE	FALSE
D438R	p.Asp438Arg	missense	-0.444843091	0.953325737	NA	NA	TRUE	FALSE
D438D	p.Asp438=	synonymous	0.302256824	1.1091311	NA	NA	TRUE	FALSE
D438F	p.Asp438Phe	missense	NA	NA	NA	NA	NA	NA
D438T	p.Asp438Thr	missense	1.411632266	0.568248298	-0.472292164	benign supporting	FALSE	FALSE
D438I	p.Asp438Ile	missense	NA	NA	NA	NA	NA	NA
D438L	p.Asp438Leu	missense	NA	NA	NA	NA	NA	NA
D438K	p.Asp438Lys	missense	NA	NA	NA	NA	NA	NA
D438G	p.Asp438Gly	missense	0.683785112	0.477815951	NA	NA	TRUE	FALSE
D438Y	p.Asp438Tyr	missense	0.799990282	0.173682024	-0.295272994	indeterminate	FALSE	FALSE
D438N	p.Asp438Asn	missense	1.225380957	0.141162277	-0.564984765	benign supporting	FALSE	FALSE
D438C	p.Asp438Cys	missense	0.946942987	0.267524075	-0.469245322	benign supporting	FALSE	FALSE
D438P	p.Asp438Pro	missense	NA	NA	NA	NA	NA	NA
D438E	p.Asp438Glu	missense	1.245051202	0.08388964	-0.5625179	benign supporting	FALSE	FALSE
D438M	p.Asp438Met	missense	NA	NA	NA	NA	NA	NA
D438W	p.Asp438Trp	missense	0.693267918	0.925898402	NA	NA	TRUE	FALSE
D438H	p.Asp438His	missense	NA	NA	NA	NA	NA	NA
D438Q	p.Asp438Gln	missense	0.012028845	2.383845788	NA	NA	TRUE	FALSE
D438*	p.Asp438*	nonsense	NA	NA	NA	NA	NA	NA
Q439S	p.Gln439Ser	missense	1.23598434	0.465839599	-0.563843493	benign supporting	FALSE	FALSE
Q439A	p.Gln439Ala	missense	NA	NA	NA	NA	NA	NA
Q439V	p.Gln439Val	missense	-1.583539635	0.635216978	3.911128882	pathogenic very strong	FALSE	FALSE
Q439R	p.Gln439Arg	missense	1.032081236	0.187012487	-0.528648088	benign supporting	FALSE	FALSE
Q439D	p.Gln439Asp	missense	NA	NA	NA	NA	NA	NA
Q439F	p.Gln439Phe	missense	NA	NA	NA	NA	NA	NA
Q439T	p.Gln439Thr	missense	NA	NA	NA	NA	NA	NA
Q439I	p.Gln439Ile	missense	0.861132524	2.329472371	NA	NA	TRUE	FALSE
Q439L	p.Gln439Leu	missense	0.58698295	0.200802209	NA	NA	TRUE	FALSE
Q439K	p.Gln439Lys	missense	0.742207601	0.209431298	-0.210852253	indeterminate	FALSE	FALSE
Q439G	p.Gln439Gly	missense	1.166071519	1.244916191	NA	NA	TRUE	FALSE
Q439Y	p.Gln439Tyr	missense	0.875778765	1.046678064	NA	NA	TRUE	FALSE
Q439N	p.Gln439Asn	missense	2.797646562	2.369457872	NA	NA	TRUE	TRUE
Q439C	p.Gln439Cys	missense	-2.219613436	1.701327707	0	indeterminate	FALSE	FALSE
Q439P	p.Gln439Pro	missense	0.849434263	0.787494466	NA	NA	TRUE	FALSE
Q439E	p.Gln439Glu	missense	0.971044125	0.526130084	NA	NA	TRUE	FALSE
Q439M	p.Gln439Met	missense	0.594552046	0.169742855	NA	NA	TRUE	FALSE
Q439W	p.Gln439Trp	missense	1.568852513	0.40727773	NA	NA	FALSE	TRUE
Q439H	p.Gln439His	missense	1.178540211	0.98782716	NA	NA	TRUE	FALSE
Q439Q	p.Gln439=	synonymous	1.012903482	0.289678303	NA	NA	FALSE	FALSE
Q439*	p.Gln439*	nonsense	0.02138723	0.324926994	NA	NA	FALSE	FALSE
I440S	p.Ile440Ser	missense	0.126504532	1.219009727	NA	NA	TRUE	FALSE
I440A	p.Ile440Ala	missense	NA	NA	NA	NA	NA	NA
I440V	p.Ile440Val	missense	1.392765261	2.502301151	NA	NA	TRUE	FALSE
I440R	p.Ile440Arg	missense	-0.471365165	2.079704574	NA	NA	TRUE	FALSE
I440D	p.Ile440Asp	missense	NA	NA	NA	NA	NA	NA
I440F	p.Ile440Phe	missense	0.666169937	0.267342533	NA	NA	TRUE	FALSE
I440T	p.Ile440Thr	missense	-0.565238669	1.600455516	NA	NA	TRUE	FALSE
I440I	p.Ile440=	synonymous	1.323181887	0.408957603	NA	NA	FALSE	FALSE
I440L	p.Ile440Leu	missense	0.876999811	0.284400067	-0.398908636	benign supporting	FALSE	FALSE
I440K	p.Ile440Lys	missense	NA	NA	NA	NA	NA	NA
I440G	p.Ile440Gly	missense	NA	NA	NA	NA	NA	NA
I440Y	p.Ile440Tyr	missense	-0.34944597	2.159915284	NA	NA	TRUE	FALSE
I440N	p.Ile440Asn	missense	NA	NA	NA	NA	NA	NA
I440C	p.Ile440Cys	missense	NA	NA	NA	NA	NA	NA
I440P	p.Ile440Pro	missense	-3.096512905	1.361876948	0	indeterminate	FALSE	FALSE
I440E	p.Ile440Glu	missense	NA	NA	NA	NA	NA	NA
I440M	p.Ile440Met	missense	NA	NA	NA	NA	NA	NA
I440W	p.Ile440Trp	missense	0.251508267	0.181133838	0.555479066	pathogenic supporting	FALSE	FALSE
I440H	p.Ile440His	missense	NA	NA	NA	NA	NA	NA
I440Q	p.Ile440Gln	missense	NA	NA	NA	NA	NA	NA
I440*	p.Ile440*	nonsense	NA	NA	NA	NA	NA	NA
T441S	p.Thr441Ser	missense	0.133478119	2.049413428	NA	NA	TRUE	FALSE
T441A	p.Thr441Ala	missense	0.310723388	0.268871989	NA	NA	TRUE	FALSE
T441V	p.Thr441Val	missense	NA	NA	NA	NA	NA	NA
T441R	p.Thr441Arg	missense	-2.310480794	1.18137565	0	indeterminate	FALSE	FALSE
T441D	p.Thr441Asp	missense	NA	NA	NA	NA	NA	NA
T441F	p.Thr441Phe	missense	NA	NA	NA	NA	NA	NA
T441T	p.Thr441=	synonymous	1.129447354	0.127194553	NA	NA	FALSE	FALSE
T441I	p.Thr441Ile	missense	1.073840098	0.172358228	-0.55011981	benign supporting	FALSE	FALSE
T441L	p.Thr441Leu	missense	NA	NA	NA	NA	NA	NA
T441K	p.Thr441Lys	missense	NA	NA	NA	NA	NA	NA
T441G	p.Thr441Gly	missense	NA	NA	NA	NA	NA	NA
T441Y	p.Thr441Tyr	missense	NA	NA	NA	NA	NA	NA
T441N	p.Thr441Asn	missense	0.107575329	2.455316178	NA	NA	TRUE	FALSE
T441C	p.Thr441Cys	missense	NA	NA	NA	NA	NA	NA
T441P	p.Thr441Pro	missense	NA	NA	NA	NA	NA	NA
T441E	p.Thr441Glu	missense	NA	NA	NA	NA	NA	NA
T441M	p.Thr441Met	missense	NA	NA	NA	NA	NA	NA
T441W	p.Thr441Trp	missense	NA	NA	NA	NA	NA	NA
T441H	p.Thr441His	missense	NA	NA	NA	NA	NA	NA
T441Q	p.Thr441Gln	missense	2.288885326	0.403290394	NA	NA	FALSE	TRUE
T441*	p.Thr441*	nonsense	NA	NA	NA	NA	NA	NA
S442S	p.Ser442=	synonymous	1.540140891	1.484631895	NA	NA	TRUE	TRUE
S442A	p.Ser442Ala	missense	NA	NA	NA	NA	NA	NA
S442V	p.Ser442Val	missense	0.672877422	1.457657991	NA	NA	TRUE	FALSE
S442R	p.Ser442Arg	missense	0.817748484	0.20302578	-0.320100396	benign supporting	FALSE	FALSE
S442D	p.Ser442Asp	missense	NA	NA	NA	NA	NA	NA
S442F	p.Ser442Phe	missense	NA	NA	NA	NA	NA	NA
S442T	p.Ser442Thr	missense	NA	NA	NA	NA	NA	NA
S442I	p.Ser442Ile	missense	0.532981281	0.570941871	NA	NA	TRUE	FALSE
S442L	p.Ser442Leu	missense	0.378274972	1.27136135	NA	NA	TRUE	FALSE
S442K	p.Ser442Lys	missense	NA	NA	NA	NA	NA	NA
S442G	p.Ser442Gly	missense	1.287512757	0.098657473	-0.54983518	benign supporting	FALSE	FALSE
S442Y	p.Ser442Tyr	missense	NA	NA	NA	NA	NA	NA
S442N	p.Ser442Asn	missense	0.992969062	0.23625226	-0.503436044	benign supporting	FALSE	FALSE
S442C	p.Ser442Cys	missense	1.286564853	0.120266607	-0.550237903	benign supporting	FALSE	FALSE
S442P	p.Ser442Pro	missense	0.734169902	0.227878765	-0.198122163	indeterminate	FALSE	FALSE
S442E	p.Ser442Glu	missense	1.12853953	0.375503857	-0.562605755	benign supporting	FALSE	FALSE
S442M	p.Ser442Met	missense	NA	NA	NA	NA	NA	NA
S442W	p.Ser442Trp	missense	-0.08890669	0.349902112	0.568508409	pathogenic supporting	FALSE	FALSE
S442H	p.Ser442His	missense	NA	NA	NA	NA	NA	NA
S442Q	p.Ser442Gln	missense	NA	NA	NA	NA	NA	NA
S442*	p.Ser442*	nonsense	NA	NA	NA	NA	NA	NA
G443S	p.Gly443Ser	missense	NA	NA	NA	NA	NA	NA
G443A	p.Gly443Ala	missense	0.613967024	0.401917113	NA	NA	TRUE	FALSE
G443V	p.Gly443Val	missense	0.568827794	0.287564672	NA	NA	TRUE	FALSE
G443R	p.Gly443Arg	missense	1.047939877	0.203536299	-0.537432937	benign supporting	FALSE	FALSE
G443D	p.Gly443Asp	missense	0.056833501	0.712249375	NA	NA	TRUE	FALSE
G443F	p.Gly443Phe	missense	NA	NA	NA	NA	NA	NA
G443T	p.Gly443Thr	missense	NA	NA	NA	NA	NA	NA
G443I	p.Gly443Ile	missense	NA	NA	NA	NA	NA	NA
G443L	p.Gly443Leu	missense	NA	NA	NA	NA	NA	NA
G443K	p.Gly443Lys	missense	NA	NA	NA	NA	NA	NA
G443G	p.Gly443=	synonymous	1.065054958	0.28994135	NA	NA	FALSE	FALSE
G443Y	p.Gly443Tyr	missense	0.979209498	1.717403093	NA	NA	TRUE	FALSE
G443N	p.Gly443Asn	missense	NA	NA	NA	NA	NA	NA
G443C	p.Gly443Cys	missense	NA	NA	NA	NA	NA	NA
G443P	p.Gly443Pro	missense	NA	NA	NA	NA	NA	NA
G443E	p.Gly443Glu	missense	0.808842392	0.248387172	-0.307893854	indeterminate	FALSE	FALSE
G443M	p.Gly443Met	missense	NA	NA	NA	NA	NA	NA
G443W	p.Gly443Trp	missense	0.384624525	1.868735388	NA	NA	TRUE	FALSE
G443H	p.Gly443His	missense	NA	NA	NA	NA	NA	NA
G443Q	p.Gly443Gln	missense	0.087913021	2.424113536	NA	NA	TRUE	FALSE
G443*	p.Gly443*	nonsense	-0.647362615	1.212326935	NA	NA	TRUE	FALSE
K444S	p.Lys444Ser	missense	-1.189048027	1.456852858	4.251751311	pathogenic very strong	FALSE	FALSE
K444A	p.Lys444Ala	missense	NA	NA	NA	NA	NA	NA
K444V	p.Lys444Val	missense	0.815262936	0.356966306	NA	NA	TRUE	FALSE
K444R	p.Lys444Arg	missense	1.106175532	1.870106025	NA	NA	TRUE	FALSE
K444D	p.Lys444Asp	missense	NA	NA	NA	NA	NA	NA
K444F	p.Lys444Phe	missense	NA	NA	NA	NA	NA	NA
K444T	p.Lys444Thr	missense	NA	NA	NA	NA	NA	NA
K444I	p.Lys444Ile	missense	1.443094182	0.999452107	NA	NA	TRUE	FALSE
K444L	p.Lys444Leu	missense	1.229121784	0.333743202	-0.564631403	benign supporting	FALSE	FALSE
K444K	p.Lys444=	synonymous	NA	NA	NA	NA	NA	NA
K444G	p.Lys444Gly	missense	0.256843834	1.836472009	NA	NA	TRUE	FALSE
K444Y	p.Lys444Tyr	missense	NA	NA	NA	NA	NA	NA
K444N	p.Lys444Asn	missense	0.491900833	0.485691861	NA	NA	TRUE	FALSE
K444C	p.Lys444Cys	missense	-0.578805124	2.123032385	NA	NA	TRUE	FALSE
K444P	p.Lys444Pro	missense	NA	NA	NA	NA	NA	NA
K444E	p.Lys444Glu	missense	NA	NA	NA	NA	NA	NA
K444M	p.Lys444Met	missense	-2.591898815	1.265605467	0	indeterminate	FALSE	FALSE
K444W	p.Lys444Trp	missense	NA	NA	NA	NA	NA	NA
K444H	p.Lys444His	missense	NA	NA	NA	NA	NA	NA
K444Q	p.Lys444Gln	missense	1.572436619	0.158972636	NA	NA	FALSE	TRUE
K444*	p.Lys444*	nonsense	-3.646313288	1.063121848	NA	NA	FALSE	FALSE
Y445S	p.Tyr445Ser	missense	0.251071293	1.258236262	NA	NA	TRUE	FALSE
Y445A	p.Tyr445Ala	missense	0.000754557	0.857790583	NA	NA	TRUE	FALSE
Y445V	p.Tyr445Val	missense	-0.765818119	2.332773567	NA	NA	TRUE	FALSE
Y445R	p.Tyr445Arg	missense	1.263649156	0.178872804	-0.558731985	benign supporting	FALSE	FALSE
Y445D	p.Tyr445Asp	missense	NA	NA	NA	NA	NA	NA
Y445F	p.Tyr445Phe	missense	-0.590234142	2.178550242	NA	NA	TRUE	FALSE
Y445T	p.Tyr445Thr	missense	NA	NA	NA	NA	NA	NA
Y445I	p.Tyr445Ile	missense	0.996991943	0.31721107	-0.506275432	benign supporting	FALSE	FALSE
Y445L	p.Tyr445Leu	missense	1.736594321	2.353127988	NA	NA	TRUE	TRUE
Y445K	p.Tyr445Lys	missense	NA	NA	NA	NA	NA	NA
Y445G	p.Tyr445Gly	missense	NA	NA	NA	NA	NA	NA
Y445Y	p.Tyr445=	synonymous	1.265638347	0.086616561	NA	NA	FALSE	FALSE
Y445N	p.Tyr445Asn	missense	NA	NA	NA	NA	NA	NA
Y445C	p.Tyr445Cys	missense	1.553776453	1.223580292	NA	NA	TRUE	TRUE
Y445P	p.Tyr445Pro	missense	NA	NA	NA	NA	NA	NA
Y445E	p.Tyr445Glu	missense	NA	NA	NA	NA	NA	NA
Y445M	p.Tyr445Met	missense	-0.06537132	2.095230956	NA	NA	TRUE	FALSE
Y445W	p.Tyr445Trp	missense	NA	NA	NA	NA	NA	NA
Y445H	p.Tyr445His	missense	0.986936311	0.330221831	-0.499066073	benign supporting	FALSE	FALSE
Y445Q	p.Tyr445Gln	missense	0.552331115	2.228429269	NA	NA	TRUE	FALSE
Y445*	p.Tyr445*	nonsense	NA	NA	NA	NA	NA	NA
N446S	p.Asn446Ser	missense	0.50431372	1.288105686	NA	NA	TRUE	FALSE
N446A	p.Asn446Ala	missense	0.479516823	0.163301616	NA	NA	TRUE	FALSE
N446V	p.Asn446Val	missense	1.543726863	0.313299682	NA	NA	FALSE	TRUE
N446R	p.Asn446Arg	missense	0.514439078	1.064690908	NA	NA	TRUE	FALSE
N446D	p.Asn446Asp	missense	1.145906317	0.263423474	-0.564184407	benign supporting	FALSE	FALSE
N446F	p.Asn446Phe	missense	NA	NA	NA	NA	NA	NA
N446T	p.Asn446Thr	missense	NA	NA	NA	NA	NA	NA
N446I	p.Asn446Ile	missense	0.631725324	3.077124326	NA	NA	TRUE	FALSE
N446L	p.Asn446Leu	missense	0.34693037	1.224433435	NA	NA	TRUE	FALSE
N446K	p.Asn446Lys	missense	1.572468148	1.186056269	NA	NA	TRUE	TRUE
N446G	p.Asn446Gly	missense	0.710304648	0.10754895	-0.16185529	indeterminate	FALSE	FALSE
N446Y	p.Asn446Tyr	missense	NA	NA	NA	NA	NA	NA
N446N	p.Asn446=	synonymous	1.073226419	0.210172638	NA	NA	FALSE	FALSE
N446C	p.Asn446Cys	missense	0.832138001	0.144685603	-0.340631576	benign supporting	FALSE	FALSE
N446P	p.Asn446Pro	missense	1.787202823	0.174940024	NA	NA	FALSE	TRUE
N446E	p.Asn446Glu	missense	-0.737380624	0.909183682	4.714137655	pathogenic very strong	FALSE	FALSE
N446M	p.Asn446Met	missense	0.814234113	0.16824047	-0.315340185	indeterminate	FALSE	FALSE
N446W	p.Asn446Trp	missense	0.611659274	0.137531458	NA	NA	TRUE	FALSE
N446H	p.Asn446His	missense	0.789560733	0.158238219	-0.279949475	indeterminate	FALSE	FALSE
N446Q	p.Asn446Gln	missense	-4.191646073	1.061779938	0	indeterminate	FALSE	FALSE
N446*	p.Asn446*	nonsense	NA	NA	NA	NA	NA	NA
F447S	p.Phe447Ser	missense	0.372317222	1.080819835	NA	NA	TRUE	FALSE
F447A	p.Phe447Ala	missense	0.795781094	1.213846179	NA	NA	TRUE	FALSE
F447V	p.Phe447Val	missense	1.255106965	1.338465156	NA	NA	TRUE	FALSE
F447R	p.Phe447Arg	missense	NA	NA	NA	NA	NA	NA
F447D	p.Phe447Asp	missense	1.660309471	2.243092982	NA	NA	TRUE	TRUE
F447F	p.Phe447=	synonymous	0.937676897	0.090980824	NA	NA	FALSE	FALSE
F447T	p.Phe447Thr	missense	NA	NA	NA	NA	NA	NA
F447I	p.Phe447Ile	missense	0.311696054	2.133502553	NA	NA	TRUE	FALSE
F447L	p.Phe447Leu	missense	-0.76522775	0.858710141	4.690374933	pathogenic very strong	FALSE	FALSE
F447K	p.Phe447Lys	missense	-0.897685722	2.2038299	NA	NA	TRUE	FALSE
F447G	p.Phe447Gly	missense	-1.412166222	2.102395711	NA	NA	TRUE	FALSE
F447Y	p.Phe447Tyr	missense	1.536084509	0.932402085	NA	NA	FALSE	TRUE
F447N	p.Phe447Asn	missense	0.614783725	0.200043411	NA	NA	TRUE	FALSE
F447C	p.Phe447Cys	missense	1.012264095	0.298861465	-0.516528514	benign supporting	FALSE	FALSE
F447P	p.Phe447Pro	missense	0.576458969	1.067237093	NA	NA	TRUE	FALSE
F447E	p.Phe447Glu	missense	1.217323385	0.285254459	-0.565903857	benign supporting	FALSE	FALSE
F447M	p.Phe447Met	missense	0.154013137	1.329182585	NA	NA	TRUE	FALSE
F447W	p.Phe447Trp	missense	NA	NA	NA	NA	NA	NA
F447H	p.Phe447His	missense	1.432590132	0.205457034	-0.45131508	benign supporting	FALSE	FALSE
F447Q	p.Phe447Gln	missense	NA	NA	NA	NA	NA	NA
F447*	p.Phe447*	nonsense	NA	NA	NA	NA	NA	NA
I448S	p.Ile448Ser	missense	NA	NA	NA	NA	NA	NA
I448A	p.Ile448Ala	missense	-1.72379229	1.590410319	3.760299999	pathogenic very strong	FALSE	FALSE
I448V	p.Ile448Val	missense	0.579624829	1.506240444	NA	NA	TRUE	FALSE
I448R	p.Ile448Arg	missense	-0.710689687	0.708053925	4.734766534	pathogenic very strong	FALSE	FALSE
I448D	p.Ile448Asp	missense	-0.696956673	2.372087234	NA	NA	TRUE	FALSE
I448F	p.Ile448Phe	missense	NA	NA	NA	NA	NA	NA
I448T	p.Ile448Thr	missense	0.650740946	2.998771548	NA	NA	TRUE	FALSE
I448I	p.Ile448=	synonymous	0.903285882	2.078498553	NA	NA	TRUE	FALSE
I448L	p.Ile448Leu	missense	1.549472577	1.687018881	NA	NA	TRUE	TRUE
I448K	p.Ile448Lys	missense	0.471350618	2.279908711	NA	NA	TRUE	FALSE
I448G	p.Ile448Gly	missense	1.249041562	0.397799079	-0.561828897	benign supporting	FALSE	FALSE
I448Y	p.Ile448Tyr	missense	NA	NA	NA	NA	NA	NA
I448N	p.Ile448Asn	missense	NA	NA	NA	NA	NA	NA
I448C	p.Ile448Cys	missense	1.420277693	2.225744777	NA	NA	TRUE	FALSE
I448P	p.Ile448Pro	missense	0.188036745	0.234401947	0.587697558	pathogenic supporting	FALSE	FALSE
I448E	p.Ile448Glu	missense	NA	NA	NA	NA	NA	NA
I448M	p.Ile448Met	missense	NA	NA	NA	NA	NA	NA
I448W	p.Ile448Trp	missense	-0.247448353	0.247110353	0.730053846	pathogenic moderate	FALSE	FALSE
I448H	p.Ile448His	missense	NA	NA	NA	NA	NA	NA
I448Q	p.Ile448Gln	missense	NA	NA	NA	NA	NA	NA
I448*	p.Ile448*	nonsense	0.425101417	0.221282509	NA	NA	TRUE	FALSE
P449S	p.Pro449Ser	missense	1.553680047	1.396304823	NA	NA	TRUE	TRUE
P449A	p.Pro449Ala	missense	0.452576638	1.397472654	NA	NA	TRUE	FALSE
P449V	p.Pro449Val	missense	NA	NA	NA	NA	NA	NA
P449R	p.Pro449Arg	missense	NA	NA	NA	NA	NA	NA
P449D	p.Pro449Asp	missense	NA	NA	NA	NA	NA	NA
P449F	p.Pro449Phe	missense	0.014871699	2.295022363	NA	NA	TRUE	FALSE
P449T	p.Pro449Thr	missense	1.157558029	0.098358194	-0.565725469	benign supporting	FALSE	FALSE
P449I	p.Pro449Ile	missense	1.375135238	2.36532273	NA	NA	TRUE	FALSE
P449L	p.Pro449Leu	missense	0.498174197	0.110102281	NA	NA	TRUE	FALSE
P449K	p.Pro449Lys	missense	NA	NA	NA	NA	NA	NA
P449G	p.Pro449Gly	missense	NA	NA	NA	NA	NA	NA
P449Y	p.Pro449Tyr	missense	NA	NA	NA	NA	NA	NA
P449N	p.Pro449Asn	missense	NA	NA	NA	NA	NA	NA
P449C	p.Pro449Cys	missense	NA	NA	NA	NA	NA	NA
P449P	p.Pro449=	synonymous	0.718755846	0.396312238	NA	NA	TRUE	FALSE
P449E	p.Pro449Glu	missense	NA	NA	NA	NA	NA	NA
P449M	p.Pro449Met	missense	NA	NA	NA	NA	NA	NA
P449W	p.Pro449Trp	missense	NA	NA	NA	NA	NA	NA
P449H	p.Pro449His	missense	0.811257123	0.358794328	NA	NA	TRUE	FALSE
P449Q	p.Pro449Gln	missense	NA	NA	NA	NA	NA	NA
P449*	p.Pro449*	nonsense	NA	NA	NA	NA	NA	NA
E450S	p.Glu450Ser	missense	NA	NA	NA	NA	NA	NA
E450A	p.Glu450Ala	missense	NA	NA	NA	NA	NA	NA
E450V	p.Glu450Val	missense	0.886744845	1.277190892	NA	NA	TRUE	FALSE
E450R	p.Glu450Arg	missense	NA	NA	NA	NA	NA	NA
E450D	p.Glu450Asp	missense	1.081620052	1.304548111	NA	NA	TRUE	FALSE
E450F	p.Glu450Phe	missense	NA	NA	NA	NA	NA	NA
E450T	p.Glu450Thr	missense	NA	NA	NA	NA	NA	NA
E450I	p.Glu450Ile	missense	NA	NA	NA	NA	NA	NA
E450L	p.Glu450Leu	missense	0.754149341	2.602619567	NA	NA	TRUE	FALSE
E450K	p.Glu450Lys	missense	0.790483345	0.254091844	-0.281215876	indeterminate	FALSE	FALSE
E450G	p.Glu450Gly	missense	1.908610799	2.236795704	NA	NA	TRUE	TRUE
E450Y	p.Glu450Tyr	missense	NA	NA	NA	NA	NA	NA
E450N	p.Glu450Asn	missense	1.278429139	0.190666771	-0.553628086	benign supporting	FALSE	FALSE
E450C	p.Glu450Cys	missense	NA	NA	NA	NA	NA	NA
E450P	p.Glu450Pro	missense	NA	NA	NA	NA	NA	NA
E450E	p.Glu450=	synonymous	0.760926984	1.203927929	NA	NA	TRUE	FALSE
E450M	p.Glu450Met	missense	NA	NA	NA	NA	NA	NA
E450W	p.Glu450Trp	missense	NA	NA	NA	NA	NA	NA
E450H	p.Glu450His	missense	NA	NA	NA	NA	NA	NA
E450Q	p.Glu450Gln	missense	NA	NA	NA	NA	NA	NA
E450*	p.Glu450*	nonsense	-0.177774658	0.666098083	NA	NA	FALSE	FALSE
V451S	p.Val451Ser	missense	1.26367788	2.294741482	NA	NA	TRUE	FALSE
V451A	p.Val451Ala	missense	-1.641147281	1.453501584	3.858846164	pathogenic very strong	FALSE	FALSE
V451V	p.Val451=	synonymous	0.708236963	0.647279352	NA	NA	TRUE	FALSE
V451R	p.Val451Arg	missense	1.158900502	0.624695477	-0.565873604	benign supporting	FALSE	FALSE
V451D	p.Val451Asp	missense	0.005739905	2.256533607	NA	NA	TRUE	FALSE
V451F	p.Val451Phe	missense	0.122217162	2.995753649	NA	NA	TRUE	FALSE
V451T	p.Val451Thr	missense	NA	NA	NA	NA	NA	NA
V451I	p.Val451Ile	missense	1.340933873	0.411850563	-0.522978743	benign supporting	FALSE	FALSE
V451L	p.Val451Leu	missense	0.746831716	0.229721825	-0.217938379	indeterminate	FALSE	FALSE
V451K	p.Val451Lys	missense	NA	NA	NA	NA	NA	NA
V451G	p.Val451Gly	missense	0.906813519	0.389949765	-0.43386367	benign supporting	FALSE	FALSE
V451Y	p.Val451Tyr	missense	NA	NA	NA	NA	NA	NA
V451N	p.Val451Asn	missense	NA	NA	NA	NA	NA	NA
V451C	p.Val451Cys	missense	-0.735718936	1.956220249	NA	NA	TRUE	FALSE
V451P	p.Val451Pro	missense	1.377084957	2.719149521	NA	NA	TRUE	FALSE
V451E	p.Val451Glu	missense	NA	NA	NA	NA	NA	NA
V451M	p.Val451Met	missense	1.169336537	1.267421491	NA	NA	TRUE	FALSE
V451W	p.Val451Trp	missense	NA	NA	NA	NA	NA	NA
V451H	p.Val451His	missense	NA	NA	NA	NA	NA	NA
V451Q	p.Val451Gln	missense	1.876475551	0.658525917	NA	NA	FALSE	TRUE
V451*	p.Val451*	nonsense	NA	NA	NA	NA	NA	NA
W452S	p.Trp452Ser	missense	0.231726834	1.130306305	NA	NA	TRUE	FALSE
W452A	p.Trp452Ala	missense	NA	NA	NA	NA	NA	NA
W452V	p.Trp452Val	missense	0.110268415	0.21453932	0.553616307	pathogenic supporting	FALSE	FALSE
W452R	p.Trp452Arg	missense	0.215765178	0.81784339	NA	NA	TRUE	FALSE
W452D	p.Trp452Asp	missense	NA	NA	NA	NA	NA	NA
W452F	p.Trp452Phe	missense	1.451028097	2.211435441	NA	NA	TRUE	FALSE
W452T	p.Trp452Thr	missense	NA	NA	NA	NA	NA	NA
W452I	p.Trp452Ile	missense	NA	NA	NA	NA	NA	NA
W452L	p.Trp452Leu	missense	0.852764931	0.231776274	-0.368900865	benign supporting	FALSE	FALSE
W452K	p.Trp452Lys	missense	NA	NA	NA	NA	NA	NA
W452G	p.Trp452Gly	missense	1.133215428	0.419009277	-0.56306204	benign supporting	FALSE	FALSE
W452Y	p.Trp452Tyr	missense	0.555058202	0.250653779	NA	NA	TRUE	FALSE
W452N	p.Trp452Asn	missense	NA	NA	NA	NA	NA	NA
W452C	p.Trp452Cys	missense	0.344487217	1.829223876	NA	NA	TRUE	FALSE
W452P	p.Trp452Pro	missense	0.925381247	0.224439399	-0.451426658	benign supporting	FALSE	FALSE
W452E	p.Trp452Glu	missense	-0.979506978	2.013932141	NA	NA	TRUE	FALSE
W452M	p.Trp452Met	missense	0.044806879	0.313695251	0.543414837	pathogenic supporting	FALSE	FALSE
W452W	p.Trp452=	synonymous	NA	NA	NA	NA	NA	NA
W452H	p.Trp452His	missense	NA	NA	NA	NA	NA	NA
W452Q	p.Trp452Gln	missense	0.073621315	1.808918684	NA	NA	TRUE	FALSE
W452*	p.Trp452*	nonsense	-0.243368578	0.98993364	NA	NA	TRUE	FALSE
A453S	p.Ala453Ser	missense	0.994725259	0.204164125	-0.504682856	benign supporting	FALSE	FALSE
A453A	p.Ala453=	synonymous	0.632529694	0.929875761	NA	NA	TRUE	FALSE
A453V	p.Ala453Val	missense	1.093682482	0.08781458	-0.55677905	benign supporting	FALSE	FALSE
A453R	p.Ala453Arg	missense	1.618185258	0.170422845	NA	NA	FALSE	TRUE
A453D	p.Ala453Asp	missense	NA	NA	NA	NA	NA	NA
A453F	p.Ala453Phe	missense	NA	NA	NA	NA	NA	NA
A453T	p.Ala453Thr	missense	0.492526395	0.329822885	NA	NA	TRUE	FALSE
A453I	p.Ala453Ile	missense	NA	NA	NA	NA	NA	NA
A453L	p.Ala453Leu	missense	1.843651847	2.891130887	NA	NA	TRUE	TRUE
A453K	p.Ala453Lys	missense	NA	NA	NA	NA	NA	NA
A453G	p.Ala453Gly	missense	0.079499277	1.966779239	NA	NA	TRUE	FALSE
A453Y	p.Ala453Tyr	missense	NA	NA	NA	NA	NA	NA
A453N	p.Ala453Asn	missense	NA	NA	NA	NA	NA	NA
A453C	p.Ala453Cys	missense	NA	NA	NA	NA	NA	NA
A453P	p.Ala453Pro	missense	-1.03385491	1.752034369	NA	NA	TRUE	FALSE
A453E	p.Ala453Glu	missense	NA	NA	NA	NA	NA	NA
A453M	p.Ala453Met	missense	NA	NA	NA	NA	NA	NA
A453W	p.Ala453Trp	missense	NA	NA	NA	NA	NA	NA
A453H	p.Ala453His	missense	NA	NA	NA	NA	NA	NA
A453Q	p.Ala453Gln	missense	NA	NA	NA	NA	NA	NA
A453*	p.Ala453*	nonsense	NA	NA	NA	NA	NA	NA
E454S	p.Glu454Ser	missense	NA	NA	NA	NA	NA	NA
E454A	p.Glu454Ala	missense	1.116732351	2.782764925	NA	NA	TRUE	FALSE
E454V	p.Glu454Val	missense	0.927606123	1.21953908	NA	NA	TRUE	FALSE
E454R	p.Glu454Arg	missense	-0.070161906	0.2937745	0.561369588	pathogenic supporting	FALSE	FALSE
E454D	p.Glu454Asp	missense	0.247113019	2.062972523	NA	NA	TRUE	FALSE
E454F	p.Glu454Phe	missense	NA	NA	NA	NA	NA	NA
E454T	p.Glu454Thr	missense	NA	NA	NA	NA	NA	NA
E454I	p.Glu454Ile	missense	NA	NA	NA	NA	NA	NA
E454L	p.Glu454Leu	missense	NA	NA	NA	NA	NA	NA
E454K	p.Glu454Lys	missense	1.372894186	0.103071442	-0.502008437	benign supporting	FALSE	FALSE
E454G	p.Glu454Gly	missense	-0.98809986	0.972830168	4.482920573	pathogenic very strong	FALSE	FALSE
E454Y	p.Glu454Tyr	missense	NA	NA	NA	NA	NA	NA
E454N	p.Glu454Asn	missense	NA	NA	NA	NA	NA	NA
E454C	p.Glu454Cys	missense	NA	NA	NA	NA	NA	NA
E454P	p.Glu454Pro	missense	NA	NA	NA	NA	NA	NA
E454E	p.Glu454=	synonymous	0.980516817	2.738681058	NA	NA	TRUE	FALSE
E454M	p.Glu454Met	missense	NA	NA	NA	NA	NA	NA
E454W	p.Glu454Trp	missense	1.893219138	2.596975247	NA	NA	TRUE	TRUE
E454H	p.Glu454His	missense	1.963711216	1.254734926	NA	NA	FALSE	TRUE
E454Q	p.Glu454Gln	missense	NA	NA	NA	NA	NA	NA
E454*	p.Glu454*	nonsense	-0.401902116	1.146376415	NA	NA	TRUE	FALSE
V455S	p.Val455Ser	missense	NA	NA	NA	NA	NA	NA
V455A	p.Val455Ala	missense	1.056428546	1.88152105	NA	NA	TRUE	FALSE
V455V	p.Val455=	synonymous	0.932585442	0.131144679	NA	NA	FALSE	FALSE
V455R	p.Val455Arg	missense	3.240447454	0.264676439	NA	NA	FALSE	TRUE
V455D	p.Val455Asp	missense	-0.303218907	2.21110308	NA	NA	TRUE	FALSE
V455F	p.Val455Phe	missense	NA	NA	NA	NA	NA	NA
V455T	p.Val455Thr	missense	NA	NA	NA	NA	NA	NA
V455I	p.Val455Ile	missense	1.271032956	0.281822116	-0.556807863	benign supporting	FALSE	FALSE
V455L	p.Val455Leu	missense	NA	NA	NA	NA	NA	NA
V455K	p.Val455Lys	missense	0.970065216	0.309345126	-0.48626537	benign supporting	FALSE	FALSE
V455G	p.Val455Gly	missense	0.701637976	0.545116851	NA	NA	TRUE	FALSE
V455Y	p.Val455Tyr	missense	1.494710214	1.301639644	NA	NA	TRUE	TRUE
V455N	p.Val455Asn	missense	NA	NA	NA	NA	NA	NA
V455C	p.Val455Cys	missense	NA	NA	NA	NA	NA	NA
V455P	p.Val455Pro	missense	NA	NA	NA	NA	NA	NA
V455E	p.Val455Glu	missense	NA	NA	NA	NA	NA	NA
V455M	p.Val455Met	missense	NA	NA	NA	NA	NA	NA
V455W	p.Val455Trp	missense	1.845183737	2.287014838	NA	NA	TRUE	TRUE
V455H	p.Val455His	missense	NA	NA	NA	NA	NA	NA
V455Q	p.Val455Gln	missense	NA	NA	NA	NA	NA	NA
V455*	p.Val455*	nonsense	1.792929979	1.317609826	NA	NA	TRUE	TRUE
S456S	p.Ser456=	synonymous	1.617753532	0.306859211	NA	NA	FALSE	TRUE
S456A	p.Ser456Ala	missense	1.756857207	1.518439508	NA	NA	TRUE	TRUE
S456V	p.Ser456Val	missense	NA	NA	NA	NA	NA	NA
S456R	p.Ser456Arg	missense	NA	NA	NA	NA	NA	NA
S456D	p.Ser456Asp	missense	0.740524977	1.045979006	NA	NA	TRUE	FALSE
S456F	p.Ser456Phe	missense	NA	NA	NA	NA	NA	NA
S456T	p.Ser456Thr	missense	1.246317486	0.793543204	NA	NA	TRUE	FALSE
S456I	p.Ser456Ile	missense	NA	NA	NA	NA	NA	NA
S456L	p.Ser456Leu	missense	-0.666181071	1.054890225	4.765122124	pathogenic very strong	FALSE	FALSE
S456K	p.Ser456Lys	missense	0.979697772	2.215276138	NA	NA	TRUE	FALSE
S456G	p.Ser456Gly	missense	NA	NA	NA	NA	NA	NA
S456Y	p.Ser456Tyr	missense	NA	NA	NA	NA	NA	NA
S456N	p.Ser456Asn	missense	NA	NA	NA	NA	NA	NA
S456C	p.Ser456Cys	missense	NA	NA	NA	NA	NA	NA
S456P	p.Ser456Pro	missense	1.013400903	1.184622366	NA	NA	TRUE	FALSE
S456E	p.Ser456Glu	missense	NA	NA	NA	NA	NA	NA
S456M	p.Ser456Met	missense	NA	NA	NA	NA	NA	NA
S456W	p.Ser456Trp	missense	NA	NA	NA	NA	NA	NA
S456H	p.Ser456His	missense	NA	NA	NA	NA	NA	NA
S456Q	p.Ser456Gln	missense	NA	NA	NA	NA	NA	NA
S456*	p.Ser456*	nonsense	-0.004251305	0.216524541	NA	NA	FALSE	FALSE
E457S	p.Glu457Ser	missense	0.234582169	1.833703109	NA	NA	TRUE	FALSE
E457A	p.Glu457Ala	missense	0.050071865	0.664771288	NA	NA	TRUE	FALSE
E457V	p.Glu457Val	missense	1.139001627	0.110660236	-0.56351714	benign supporting	FALSE	FALSE
E457R	p.Glu457Arg	missense	1.409485815	0.507993333	-0.474242652	benign supporting	FALSE	FALSE
E457D	p.Glu457Asp	missense	1.037591417	0.112179363	-0.531790374	benign supporting	FALSE	FALSE
E457F	p.Glu457Phe	missense	1.237477688	0.679289345	-0.563647705	benign supporting	FALSE	FALSE
E457T	p.Glu457Thr	missense	NA	NA	NA	NA	NA	NA
E457I	p.Glu457Ile	missense	NA	NA	NA	NA	NA	NA
E457L	p.Glu457Leu	missense	1.005163237	0.435463197	-0.511863293	benign supporting	FALSE	FALSE
E457K	p.Glu457Lys	missense	1.021122028	0.152639221	-0.522106709	benign supporting	FALSE	FALSE
E457G	p.Glu457Gly	missense	1.182691827	0.38128957	-0.56807151	benign supporting	FALSE	FALSE
E457Y	p.Glu457Tyr	missense	1.214362789	1.384924298	NA	NA	TRUE	FALSE
E457N	p.Glu457Asn	missense	NA	NA	NA	NA	NA	NA
E457C	p.Glu457Cys	missense	NA	NA	NA	NA	NA	NA
E457P	p.Glu457Pro	missense	0.800544197	1.415228617	NA	NA	TRUE	FALSE
E457E	p.Glu457=	synonymous	0.751593988	0.168450818	NA	NA	FALSE	FALSE
E457M	p.Glu457Met	missense	-0.493696106	2.065133669	NA	NA	TRUE	FALSE
E457W	p.Glu457Trp	missense	1.224531681	0.321590843	-0.565057614	benign supporting	FALSE	FALSE
E457H	p.Glu457His	missense	1.702805297	0.212628133	NA	NA	FALSE	TRUE
E457Q	p.Glu457Gln	missense	1.694319349	0.443254604	NA	NA	FALSE	TRUE
E457*	p.Glu457*	nonsense	-0.145158606	0.23739855	NA	NA	FALSE	FALSE
K458S	p.Lys458Ser	missense	1.530396333	0.179219339	NA	NA	FALSE	TRUE
K458A	p.Lys458Ala	missense	NA	NA	NA	NA	NA	NA
K458V	p.Lys458Val	missense	-0.178654327	1.409052666	NA	NA	TRUE	FALSE
K458R	p.Lys458Arg	missense	0.796634574	1.879396793	NA	NA	TRUE	FALSE
K458D	p.Lys458Asp	missense	0.551635615	2.515815238	NA	NA	TRUE	FALSE
K458F	p.Lys458Phe	missense	NA	NA	NA	NA	NA	NA
K458T	p.Lys458Thr	missense	0.838815234	2.015348182	NA	NA	TRUE	FALSE
K458I	p.Lys458Ile	missense	NA	NA	NA	NA	NA	NA
K458L	p.Lys458Leu	missense	NA	NA	NA	NA	NA	NA
K458K	p.Lys458=	synonymous	0.45754023	3.344908395	NA	NA	TRUE	FALSE
K458G	p.Lys458Gly	missense	2.009219513	0.33723373	NA	NA	FALSE	TRUE
K458Y	p.Lys458Tyr	missense	-2.708948939	1.12142458	0	indeterminate	FALSE	FALSE
K458N	p.Lys458Asn	missense	1.04987388	1.018403915	NA	NA	TRUE	FALSE
K458C	p.Lys458Cys	missense	NA	NA	NA	NA	NA	NA
K458P	p.Lys458Pro	missense	NA	NA	NA	NA	NA	NA
K458E	p.Lys458Glu	missense	NA	NA	NA	NA	NA	NA
K458M	p.Lys458Met	missense	NA	NA	NA	NA	NA	NA
K458W	p.Lys458Trp	missense	NA	NA	NA	NA	NA	NA
K458H	p.Lys458His	missense	NA	NA	NA	NA	NA	NA
K458Q	p.Lys458Gln	missense	0.875300597	1.080330772	NA	NA	TRUE	FALSE
K458*	p.Lys458*	nonsense	NA	NA	NA	NA	NA	NA
A459S	p.Ala459Ser	missense	1.246149446	0.07373188	-0.562334805	benign supporting	FALSE	FALSE
A459A	p.Ala459=	synonymous	1.269076966	0.779839912	NA	NA	TRUE	FALSE
A459V	p.Ala459Val	missense	0.655384734	0.405685581	NA	NA	TRUE	FALSE
A459R	p.Ala459Arg	missense	1.341234884	0.580887431	-0.522804254	benign supporting	FALSE	FALSE
A459D	p.Ala459Asp	missense	NA	NA	NA	NA	NA	NA
A459F	p.Ala459Phe	missense	-1.91699706	1.730611231	3.225940127	pathogenic very strong	FALSE	FALSE
A459T	p.Ala459Thr	missense	0.397088197	0.287252503	NA	NA	TRUE	FALSE
A459I	p.Ala459Ile	missense	-2.949760087	1.700580141	0	indeterminate	FALSE	FALSE
A459L	p.Ala459Leu	missense	NA	NA	NA	NA	NA	NA
A459K	p.Ala459Lys	missense	NA	NA	NA	NA	NA	NA
A459G	p.Ala459Gly	missense	1.10305046	1.307711883	NA	NA	TRUE	FALSE
A459Y	p.Ala459Tyr	missense	NA	NA	NA	NA	NA	NA
A459N	p.Ala459Asn	missense	NA	NA	NA	NA	NA	NA
A459C	p.Ala459Cys	missense	NA	NA	NA	NA	NA	NA
A459P	p.Ala459Pro	missense	NA	NA	NA	NA	NA	NA
A459E	p.Ala459Glu	missense	NA	NA	NA	NA	NA	NA
A459M	p.Ala459Met	missense	NA	NA	NA	NA	NA	NA
A459W	p.Ala459Trp	missense	NA	NA	NA	NA	NA	NA
A459H	p.Ala459His	missense	NA	NA	NA	NA	NA	NA
A459Q	p.Ala459Gln	missense	NA	NA	NA	NA	NA	NA
A459*	p.Ala459*	nonsense	NA	NA	NA	NA	NA	NA
L460S	p.Leu460Ser	missense	1.375533375	1.177901917	NA	NA	TRUE	FALSE
L460A	p.Leu460Ala	missense	1.657719894	0.86470762	NA	NA	FALSE	TRUE
L460V	p.Leu460Val	missense	0.905728538	0.384577203	-0.432670155	benign supporting	FALSE	FALSE
L460R	p.Leu460Arg	missense	0.857019825	0.1514663	-0.374242072	benign supporting	FALSE	FALSE
L460D	p.Leu460Asp	missense	NA	NA	NA	NA	NA	NA
L460F	p.Leu460Phe	missense	1.682487564	1.637912258	NA	NA	TRUE	TRUE
L460T	p.Leu460Thr	missense	NA	NA	NA	NA	NA	NA
L460I	p.Leu460Ile	missense	NA	NA	NA	NA	NA	NA
L460L	p.Leu460=	synonymous	1.295632509	0.256093984	NA	NA	FALSE	FALSE
L460K	p.Leu460Lys	missense	0.565108637	0.178184263	NA	NA	TRUE	FALSE
L460G	p.Leu460Gly	missense	1.01317819	1.361338273	NA	NA	TRUE	FALSE
L460Y	p.Leu460Tyr	missense	NA	NA	NA	NA	NA	NA
L460N	p.Leu460Asn	missense	NA	NA	NA	NA	NA	NA
L460C	p.Leu460Cys	missense	2.02108056	0.245790643	NA	NA	FALSE	TRUE
L460P	p.Leu460Pro	missense	0.703221706	0.413452812	NA	NA	TRUE	FALSE
L460E	p.Leu460Glu	missense	0.728319374	0.536035175	NA	NA	TRUE	FALSE
L460M	p.Leu460Met	missense	1.082906762	0.079123969	-0.554089069	benign supporting	FALSE	FALSE
L460W	p.Leu460Trp	missense	0.633846493	2.422871363	NA	NA	TRUE	FALSE
L460H	p.Leu460His	missense	NA	NA	NA	NA	NA	NA
L460Q	p.Leu460Gln	missense	0.182825061	2.038709526	NA	NA	TRUE	FALSE
L460*	p.Leu460*	nonsense	0.764495172	0.237022077	NA	NA	FALSE	FALSE
D461S	p.Asp461Ser	missense	-0.170162718	1.496540906	NA	NA	TRUE	FALSE
D461A	p.Asp461Ala	missense	0.753391402	2.469942654	NA	NA	TRUE	FALSE
D461V	p.Asp461Val	missense	1.913341657	3.002995465	NA	NA	TRUE	TRUE
D461R	p.Asp461Arg	missense	0.378384749	0.530353729	NA	NA	TRUE	FALSE
D461D	p.Asp461=	synonymous	0.91438228	0.173178344	NA	NA	FALSE	FALSE
D461F	p.Asp461Phe	missense	NA	NA	NA	NA	NA	NA
D461T	p.Asp461Thr	missense	NA	NA	NA	NA	NA	NA
D461I	p.Asp461Ile	missense	NA	NA	NA	NA	NA	NA
D461L	p.Asp461Leu	missense	1.493201035	0.933137376	NA	NA	FALSE	TRUE
D461K	p.Asp461Lys	missense	NA	NA	NA	NA	NA	NA
D461G	p.Asp461Gly	missense	1.824106445	1.508391026	NA	NA	TRUE	TRUE
D461Y	p.Asp461Tyr	missense	0.600586733	0.194977868	NA	NA	TRUE	FALSE
D461N	p.Asp461Asn	missense	1.391201179	0.297298323	-0.489338744	benign supporting	FALSE	FALSE
D461C	p.Asp461Cys	missense	-0.347558098	2.032651909	NA	NA	TRUE	FALSE
D461P	p.Asp461Pro	missense	NA	NA	NA	NA	NA	NA
D461E	p.Asp461Glu	missense	0.725133893	2.892073958	NA	NA	TRUE	FALSE
D461M	p.Asp461Met	missense	NA	NA	NA	NA	NA	NA
D461W	p.Asp461Trp	missense	NA	NA	NA	NA	NA	NA
D461H	p.Asp461His	missense	NA	NA	NA	NA	NA	NA
D461Q	p.Asp461Gln	missense	NA	NA	NA	NA	NA	NA
D461*	p.Asp461*	nonsense	NA	NA	NA	NA	NA	NA
L462S	p.Leu462Ser	missense	0.066746303	1.965043155	NA	NA	TRUE	FALSE
L462A	p.Leu462Ala	missense	-0.653701091	0.80653313	4.772823547	pathogenic very strong	FALSE	FALSE
L462V	p.Leu462Val	missense	0.802958081	0.849950854	NA	NA	TRUE	FALSE
L462R	p.Leu462Arg	missense	0.06543568	0.320346087	0.544329781	pathogenic supporting	FALSE	FALSE
L462D	p.Leu462Asp	missense	NA	NA	NA	NA	NA	NA
L462F	p.Leu462Phe	missense	0.844878608	0.152000005	-0.358706049	benign supporting	FALSE	FALSE
L462T	p.Leu462Thr	missense	NA	NA	NA	NA	NA	NA
L462I	p.Leu462Ile	missense	0.608021871	0.14153376	NA	NA	TRUE	FALSE
L462L	p.Leu462=	synonymous	0.224945749	1.200651071	NA	NA	TRUE	FALSE
L462K	p.Leu462Lys	missense	NA	NA	NA	NA	NA	NA
L462G	p.Leu462Gly	missense	NA	NA	NA	NA	NA	NA
L462Y	p.Leu462Tyr	missense	NA	NA	NA	NA	NA	NA
L462N	p.Leu462Asn	missense	NA	NA	NA	NA	NA	NA
L462C	p.Leu462Cys	missense	1.310960579	0.19995894	-0.53839791	benign supporting	FALSE	FALSE
L462P	p.Leu462Pro	missense	-0.288845767	2.338431754	NA	NA	TRUE	FALSE
L462E	p.Leu462Glu	missense	NA	NA	NA	NA	NA	NA
L462M	p.Leu462Met	missense	1.151001679	0.431651798	-0.564914355	benign supporting	FALSE	FALSE
L462W	p.Leu462Trp	missense	-1.515299961	2.248619048	NA	NA	TRUE	FALSE
L462H	p.Leu462His	missense	NA	NA	NA	NA	NA	NA
L462Q	p.Leu462Gln	missense	-0.516138537	0.319932773	4.838832725	pathogenic very strong	FALSE	FALSE
L462*	p.Leu462*	nonsense	0.188705634	2.699584429	NA	NA	TRUE	FALSE
V463S	p.Val463Ser	missense	0.156056896	1.867525228	NA	NA	TRUE	FALSE
V463A	p.Val463Ala	missense	0.42620166	1.063852728	NA	NA	TRUE	FALSE
V463V	p.Val463=	synonymous	0.512589675	0.821227785	NA	NA	TRUE	FALSE
V463R	p.Val463Arg	missense	NA	NA	NA	NA	NA	NA
V463D	p.Val463Asp	missense	0.077259447	2.348735021	NA	NA	TRUE	FALSE
V463F	p.Val463Phe	missense	0.650621014	1.671813189	NA	NA	TRUE	FALSE
V463T	p.Val463Thr	missense	NA	NA	NA	NA	NA	NA
V463I	p.Val463Ile	missense	0.656105604	0.298544435	NA	NA	TRUE	FALSE
V463L	p.Val463Leu	missense	2.74112477	2.10123256	NA	NA	FALSE	TRUE
V463K	p.Val463Lys	missense	NA	NA	NA	NA	NA	NA
V463G	p.Val463Gly	missense	1.552483681	1.143369098	NA	NA	TRUE	TRUE
V463Y	p.Val463Tyr	missense	NA	NA	NA	NA	NA	NA
V463N	p.Val463Asn	missense	NA	NA	NA	NA	NA	NA
V463C	p.Val463Cys	missense	1.523526417	0.164095911	NA	NA	FALSE	TRUE
V463P	p.Val463Pro	missense	NA	NA	NA	NA	NA	NA
V463E	p.Val463Glu	missense	-0.429954564	2.145203946	NA	NA	TRUE	FALSE
V463M	p.Val463Met	missense	NA	NA	NA	NA	NA	NA
V463W	p.Val463Trp	missense	0.965172002	0.726613079	NA	NA	TRUE	FALSE
V463H	p.Val463His	missense	NA	NA	NA	NA	NA	NA
V463Q	p.Val463Gln	missense	-1.106037141	1.716209208	NA	NA	TRUE	FALSE
V463*	p.Val463*	nonsense	NA	NA	NA	NA	NA	NA
K464S	p.Lys464Ser	missense	-2.397138775	1.341615299	0	indeterminate	FALSE	FALSE
K464A	p.Lys464Ala	missense	-0.195809478	1.048162644	NA	NA	TRUE	FALSE
K464V	p.Lys464Val	missense	NA	NA	NA	NA	NA	NA
K464R	p.Lys464Arg	missense	1.038808253	1.934761706	NA	NA	TRUE	FALSE
K464D	p.Lys464Asp	missense	-0.635753844	2.326651826	NA	NA	TRUE	FALSE
K464F	p.Lys464Phe	missense	1.86525305	0.934424523	NA	NA	FALSE	TRUE
K464T	p.Lys464Thr	missense	NA	NA	NA	NA	NA	NA
K464I	p.Lys464Ile	missense	-0.301077076	1.291956972	NA	NA	TRUE	FALSE
K464L	p.Lys464Leu	missense	1.264818645	0.275103575	-0.558443728	benign supporting	FALSE	FALSE
K464K	p.Lys464=	synonymous	1.41086477	0.180075214	NA	NA	FALSE	FALSE
K464G	p.Lys464Gly	missense	1.107131546	0.26981608	-0.559527417	benign supporting	FALSE	FALSE
K464Y	p.Lys464Tyr	missense	-0.236285717	1.483122992	NA	NA	TRUE	FALSE
K464N	p.Lys464Asn	missense	0.883099027	1.284176974	NA	NA	TRUE	FALSE
K464C	p.Lys464Cys	missense	1.15106436	0.262978989	-0.564922794	benign supporting	FALSE	FALSE
K464P	p.Lys464Pro	missense	NA	NA	NA	NA	NA	NA
K464E	p.Lys464Glu	missense	1.279482896	0.427686833	-0.553108443	benign supporting	FALSE	FALSE
K464M	p.Lys464Met	missense	1.397545132	1.154290336	NA	NA	TRUE	FALSE
K464W	p.Lys464Trp	missense	1.578524818	2.419285908	NA	NA	TRUE	TRUE
K464H	p.Lys464His	missense	1.50929075	0.823525047	NA	NA	FALSE	TRUE
K464Q	p.Lys464Gln	missense	-0.614149113	2.404534392	NA	NA	TRUE	FALSE
K464*	p.Lys464*	nonsense	0.224333963	0.292553822	NA	NA	TRUE	FALSE
K465S	p.Lys465Ser	missense	1.042794541	1.907446584	NA	NA	TRUE	FALSE
K465A	p.Lys465Ala	missense	NA	NA	NA	NA	NA	NA
K465V	p.Lys465Val	missense	0.007431355	1.191890479	NA	NA	TRUE	FALSE
K465R	p.Lys465Arg	missense	1.571991604	0.168332557	NA	NA	FALSE	TRUE
K465D	p.Lys465Asp	missense	NA	NA	NA	NA	NA	NA
K465F	p.Lys465Phe	missense	-0.766910826	2.148492162	NA	NA	TRUE	FALSE
K465T	p.Lys465Thr	missense	0.364228895	2.288281368	NA	NA	TRUE	FALSE
K465I	p.Lys465Ile	missense	-3.220507508	1.075647354	0	indeterminate	FALSE	FALSE
K465L	p.Lys465Leu	missense	0.934360148	1.110892522	NA	NA	TRUE	FALSE
K465K	p.Lys465=	synonymous	1.664996635	0.093126185	NA	NA	FALSE	TRUE
K465G	p.Lys465Gly	missense	1.436520595	0.105981876	-0.447581247	benign supporting	FALSE	FALSE
K465Y	p.Lys465Tyr	missense	1.683310531	1.026244728	NA	NA	FALSE	TRUE
K465N	p.Lys465Asn	missense	0.431324721	0.23452326	NA	NA	TRUE	FALSE
K465C	p.Lys465Cys	missense	0.768194622	1.042309969	NA	NA	TRUE	FALSE
K465P	p.Lys465Pro	missense	-1.650580058	2.075332812	3.849180474	pathogenic very strong	FALSE	FALSE
K465E	p.Lys465Glu	missense	1.391948184	0.134724065	-0.488772319	benign supporting	FALSE	FALSE
K465M	p.Lys465Met	missense	1.193980488	0.19399226	-0.568831906	benign supporting	FALSE	FALSE
K465W	p.Lys465Trp	missense	NA	NA	NA	NA	NA	NA
K465H	p.Lys465His	missense	1.554900215	0.234310877	NA	NA	FALSE	TRUE
K465Q	p.Lys465Gln	missense	0.141118027	2.307440438	NA	NA	TRUE	FALSE
K465*	p.Lys465*	nonsense	NA	NA	NA	NA	NA	NA
L466S	p.Leu466Ser	missense	-1.754996926	1.911902674	3.712770572	pathogenic very strong	FALSE	FALSE
L466A	p.Leu466Ala	missense	2.4797579	2.799338214	NA	NA	TRUE	TRUE
L466V	p.Leu466Val	missense	NA	NA	NA	NA	NA	NA
L466R	p.Leu466Arg	missense	NA	NA	NA	NA	NA	NA
L466D	p.Leu466Asp	missense	NA	NA	NA	NA	NA	NA
L466F	p.Leu466Phe	missense	1.692573505	2.184812988	NA	NA	TRUE	TRUE
L466T	p.Leu466Thr	missense	NA	NA	NA	NA	NA	NA
L466I	p.Leu466Ile	missense	NA	NA	NA	NA	NA	NA
L466L	p.Leu466=	synonymous	1.09537117	0.3187901	NA	NA	FALSE	FALSE
L466K	p.Leu466Lys	missense	NA	NA	NA	NA	NA	NA
L466G	p.Leu466Gly	missense	NA	NA	NA	NA	NA	NA
L466Y	p.Leu466Tyr	missense	NA	NA	NA	NA	NA	NA
L466N	p.Leu466Asn	missense	NA	NA	NA	NA	NA	NA
L466C	p.Leu466Cys	missense	-2.131775311	1.653595541	0	indeterminate	FALSE	FALSE
L466P	p.Leu466Pro	missense	1.035201412	2.303349281	NA	NA	TRUE	FALSE
L466E	p.Leu466Glu	missense	NA	NA	NA	NA	NA	NA
L466M	p.Leu466Met	missense	1.33824023	1.019554896	NA	NA	TRUE	FALSE
L466W	p.Leu466Trp	missense	0.780793144	0.186225962	-0.267642795	indeterminate	FALSE	FALSE
L466H	p.Leu466His	missense	NA	NA	NA	NA	NA	NA
L466Q	p.Leu466Gln	missense	NA	NA	NA	NA	NA	NA
L466*	p.Leu466*	nonsense	0.789528269	2.395177273	NA	NA	TRUE	FALSE
L467S	p.Leu467Ser	missense	0.168857261	0.305292541	0.577810389	pathogenic supporting	FALSE	FALSE
L467A	p.Leu467Ala	missense	NA	NA	NA	NA	NA	NA
L467V	p.Leu467Val	missense	0.83418878	1.797537693	NA	NA	TRUE	FALSE
L467R	p.Leu467Arg	missense	0.103062059	1.170818833	NA	NA	TRUE	FALSE
L467D	p.Leu467Asp	missense	NA	NA	NA	NA	NA	NA
L467F	p.Leu467Phe	missense	-0.522361096	1.955016306	NA	NA	TRUE	FALSE
L467T	p.Leu467Thr	missense	NA	NA	NA	NA	NA	NA
L467I	p.Leu467Ile	missense	1.314604059	2.405947173	NA	NA	TRUE	FALSE
L467L	p.Leu467=	synonymous	0.571167251	0.889772311	NA	NA	TRUE	FALSE
L467K	p.Leu467Lys	missense	-0.935954649	1.957282362	NA	NA	TRUE	FALSE
L467G	p.Leu467Gly	missense	NA	NA	NA	NA	NA	NA
L467Y	p.Leu467Tyr	missense	NA	NA	NA	NA	NA	NA
L467N	p.Leu467Asn	missense	1.250053243	0.219343866	-0.56164374	benign supporting	FALSE	FALSE
L467C	p.Leu467Cys	missense	NA	NA	NA	NA	NA	NA
L467P	p.Leu467Pro	missense	NA	NA	NA	NA	NA	NA
L467E	p.Leu467Glu	missense	-1.400762207	2.135605041	NA	NA	TRUE	FALSE
L467M	p.Leu467Met	missense	0.681688391	2.901569018	NA	NA	TRUE	FALSE
L467W	p.Leu467Trp	missense	0.314983405	0.435045999	NA	NA	TRUE	FALSE
L467H	p.Leu467His	missense	NA	NA	NA	NA	NA	NA
L467Q	p.Leu467Gln	missense	NA	NA	NA	NA	NA	NA
L467*	p.Leu467*	nonsense	NA	NA	NA	NA	NA	NA
V468S	p.Val468Ser	missense	NA	NA	NA	NA	NA	NA
V468A	p.Val468Ala	missense	1.267103538	0.262654611	-0.557862756	benign supporting	FALSE	FALSE
V468V	p.Val468=	synonymous	0.728910662	0.506319771	NA	NA	TRUE	FALSE
V468R	p.Val468Arg	missense	NA	NA	NA	NA	NA	NA
V468D	p.Val468Asp	missense	NA	NA	NA	NA	NA	NA
V468F	p.Val468Phe	missense	0.712655636	0.54478847	NA	NA	TRUE	FALSE
V468T	p.Val468Thr	missense	1.8520319	0.192991158	NA	NA	FALSE	TRUE
V468I	p.Val468Ile	missense	0.781815844	0.119979163	-0.269104305	indeterminate	FALSE	FALSE
V468L	p.Val468Leu	missense	0.996967798	1.018378055	NA	NA	TRUE	FALSE
V468K	p.Val468Lys	missense	NA	NA	NA	NA	NA	NA
V468G	p.Val468Gly	missense	NA	NA	NA	NA	NA	NA
V468Y	p.Val468Tyr	missense	NA	NA	NA	NA	NA	NA
V468N	p.Val468Asn	missense	NA	NA	NA	NA	NA	NA
V468C	p.Val468Cys	missense	1.201504888	0.224878386	-0.568124536	benign supporting	FALSE	FALSE
V468P	p.Val468Pro	missense	NA	NA	NA	NA	NA	NA
V468E	p.Val468Glu	missense	NA	NA	NA	NA	NA	NA
V468M	p.Val468Met	missense	NA	NA	NA	NA	NA	NA
V468W	p.Val468Trp	missense	NA	NA	NA	NA	NA	NA
V468H	p.Val468His	missense	NA	NA	NA	NA	NA	NA
V468Q	p.Val468Gln	missense	NA	NA	NA	NA	NA	NA
V468*	p.Val468*	nonsense	NA	NA	NA	NA	NA	NA
V469S	p.Val469Ser	missense	NA	NA	NA	NA	NA	NA
V469A	p.Val469Ala	missense	1.252606805	1.868128433	NA	NA	TRUE	FALSE
V469V	p.Val469=	synonymous	1.155713979	0.478324893	NA	NA	FALSE	FALSE
V469R	p.Val469Arg	missense	NA	NA	NA	NA	NA	NA
V469D	p.Val469Asp	missense	-1.237096648	1.952077508	NA	NA	TRUE	FALSE
V469F	p.Val469Phe	missense	NA	NA	NA	NA	NA	NA
V469T	p.Val469Thr	missense	NA	NA	NA	NA	NA	NA
V469I	p.Val469Ile	missense	NA	NA	NA	NA	NA	NA
V469L	p.Val469Leu	missense	0.358175852	1.457329932	NA	NA	TRUE	FALSE
V469K	p.Val469Lys	missense	NA	NA	NA	NA	NA	NA
V469G	p.Val469Gly	missense	0.806004339	0.772266385	NA	NA	TRUE	FALSE
V469Y	p.Val469Tyr	missense	NA	NA	NA	NA	NA	NA
V469N	p.Val469Asn	missense	NA	NA	NA	NA	NA	NA
V469C	p.Val469Cys	missense	NA	NA	NA	NA	NA	NA
V469P	p.Val469Pro	missense	NA	NA	NA	NA	NA	NA
V469E	p.Val469Glu	missense	0.465487533	2.221458083	NA	NA	TRUE	FALSE
V469M	p.Val469Met	missense	0.660433678	0.157914188	-0.080293245	indeterminate	FALSE	FALSE
V469W	p.Val469Trp	missense	NA	NA	NA	NA	NA	NA
V469H	p.Val469His	missense	NA	NA	NA	NA	NA	NA
V469Q	p.Val469Gln	missense	NA	NA	NA	NA	NA	NA
V469*	p.Val469*	nonsense	NA	NA	NA	NA	NA	NA
D470S	p.Asp470Ser	missense	NA	NA	NA	NA	NA	NA
D470A	p.Asp470Ala	missense	NA	NA	NA	NA	NA	NA
D470V	p.Asp470Val	missense	NA	NA	NA	NA	NA	NA
D470R	p.Asp470Arg	missense	1.141342919	0.24619429	-0.563666509	benign supporting	FALSE	FALSE
D470D	p.Asp470=	synonymous	1.524409066	0.258182721	NA	NA	FALSE	TRUE
D470F	p.Asp470Phe	missense	-1.671086825	1.83918508	3.826912434	pathogenic very strong	FALSE	FALSE
D470T	p.Asp470Thr	missense	NA	NA	NA	NA	NA	NA
D470I	p.Asp470Ile	missense	0.411433357	0.327862755	NA	NA	TRUE	FALSE
D470L	p.Asp470Leu	missense	-1.540255089	1.895884383	3.944035959	pathogenic very strong	FALSE	FALSE
D470K	p.Asp470Lys	missense	NA	NA	NA	NA	NA	NA
D470G	p.Asp470Gly	missense	-0.138248079	0.469507756	0.59718456	pathogenic supporting	FALSE	FALSE
D470Y	p.Asp470Tyr	missense	0.849818922	0.230295505	-0.365138187	benign supporting	FALSE	FALSE
D470N	p.Asp470Asn	missense	1.060434511	0.124441862	-0.543805497	benign supporting	FALSE	FALSE
D470C	p.Asp470Cys	missense	NA	NA	NA	NA	NA	NA
D470P	p.Asp470Pro	missense	NA	NA	NA	NA	NA	NA
D470E	p.Asp470Glu	missense	0.255797803	2.512201553	NA	NA	TRUE	FALSE
D470M	p.Asp470Met	missense	NA	NA	NA	NA	NA	NA
D470W	p.Asp470Trp	missense	NA	NA	NA	NA	NA	NA
D470H	p.Asp470His	missense	NA	NA	NA	NA	NA	NA
D470Q	p.Asp470Gln	missense	NA	NA	NA	NA	NA	NA
D470*	p.Asp470*	nonsense	NA	NA	NA	NA	NA	NA
P471S	p.Pro471Ser	missense	-1.255771244	0.611769562	4.17481778	pathogenic very strong	FALSE	FALSE
P471A	p.Pro471Ala	missense	-0.554749655	0.57400623	4.823417744	pathogenic very strong	FALSE	FALSE
P471V	p.Pro471Val	missense	0.593657464	2.245591842	NA	NA	TRUE	FALSE
P471R	p.Pro471Arg	missense	NA	NA	NA	NA	NA	NA
P471D	p.Pro471Asp	missense	NA	NA	NA	NA	NA	NA
P471F	p.Pro471Phe	missense	NA	NA	NA	NA	NA	NA
P471T	p.Pro471Thr	missense	-0.752035696	0.752996921	4.701936038	pathogenic very strong	FALSE	FALSE
P471I	p.Pro471Ile	missense	NA	NA	NA	NA	NA	NA
P471L	p.Pro471Leu	missense	0.121113037	1.101189387	NA	NA	TRUE	FALSE
P471K	p.Pro471Lys	missense	NA	NA	NA	NA	NA	NA
P471G	p.Pro471Gly	missense	1.300153494	1.704091519	NA	NA	TRUE	FALSE
P471Y	p.Pro471Tyr	missense	NA	NA	NA	NA	NA	NA
P471N	p.Pro471Asn	missense	0.950334747	0.323762541	-0.471871894	benign supporting	FALSE	FALSE
P471C	p.Pro471Cys	missense	0.859272918	0.374382493	NA	NA	TRUE	FALSE
P471P	p.Pro471=	synonymous	0.758456755	1.869948941	NA	NA	TRUE	FALSE
P471E	p.Pro471Glu	missense	NA	NA	NA	NA	NA	NA
P471M	p.Pro471Met	missense	NA	NA	NA	NA	NA	NA
P471W	p.Pro471Trp	missense	NA	NA	NA	NA	NA	NA
P471H	p.Pro471His	missense	NA	NA	NA	NA	NA	NA
P471Q	p.Pro471Gln	missense	0.431956091	0.307897497	NA	NA	TRUE	FALSE
P471*	p.Pro471*	nonsense	NA	NA	NA	NA	NA	NA
K472S	p.Lys472Ser	missense	2.339676666	0.312529092	NA	NA	FALSE	TRUE
K472A	p.Lys472Ala	missense	NA	NA	NA	NA	NA	NA
K472V	p.Lys472Val	missense	NA	NA	NA	NA	NA	NA
K472R	p.Lys472Arg	missense	1.137864215	0.805118605	NA	NA	TRUE	FALSE
K472D	p.Lys472Asp	missense	NA	NA	NA	NA	NA	NA
K472F	p.Lys472Phe	missense	1.718925578	0.206736688	NA	NA	FALSE	TRUE
K472T	p.Lys472Thr	missense	1.453200195	0.875196744	NA	NA	FALSE	FALSE
K472I	p.Lys472Ile	missense	NA	NA	NA	NA	NA	NA
K472L	p.Lys472Leu	missense	NA	NA	NA	NA	NA	NA
K472K	p.Lys472=	synonymous	1.069100863	0.143182125	NA	NA	FALSE	FALSE
K472G	p.Lys472Gly	missense	NA	NA	NA	NA	NA	NA
K472Y	p.Lys472Tyr	missense	1.179766159	0.466267412	-0.567653493	benign supporting	FALSE	FALSE
K472N	p.Lys472Asn	missense	1.256719349	0.450592867	-0.560315828	benign supporting	FALSE	FALSE
K472C	p.Lys472Cys	missense	NA	NA	NA	NA	NA	NA
K472P	p.Lys472Pro	missense	NA	NA	NA	NA	NA	NA
K472E	p.Lys472Glu	missense	0.580759901	2.767960766	NA	NA	TRUE	FALSE
K472M	p.Lys472Met	missense	1.413488619	0.156789734	-0.470573014	benign supporting	FALSE	FALSE
K472W	p.Lys472Trp	missense	1.150548792	2.635584355	NA	NA	TRUE	FALSE
K472H	p.Lys472His	missense	NA	NA	NA	NA	NA	NA
K472Q	p.Lys472Gln	missense	1.808169881	0.505433787	NA	NA	FALSE	TRUE
K472*	p.Lys472*	nonsense	0.1816021	2.357745669	NA	NA	TRUE	FALSE
A473S	p.Ala473Ser	missense	1.138395077	0.108615069	-0.563475161	benign supporting	FALSE	FALSE
A473A	p.Ala473=	synonymous	0.735765203	2.05593188	NA	NA	TRUE	FALSE
A473V	p.Ala473Val	missense	0.952769179	0.139668334	-0.473728853	benign supporting	FALSE	FALSE
A473R	p.Ala473Arg	missense	0.143582392	2.282900779	NA	NA	TRUE	FALSE
A473D	p.Ala473Asp	missense	NA	NA	NA	NA	NA	NA
A473F	p.Ala473Phe	missense	NA	NA	NA	NA	NA	NA
A473T	p.Ala473Thr	missense	0.847734964	1.56712067	NA	NA	TRUE	FALSE
A473I	p.Ala473Ile	missense	NA	NA	NA	NA	NA	NA
A473L	p.Ala473Leu	missense	NA	NA	NA	NA	NA	NA
A473K	p.Ala473Lys	missense	NA	NA	NA	NA	NA	NA
A473G	p.Ala473Gly	missense	0.863842568	0.249217258	-0.38258488	benign supporting	FALSE	FALSE
A473Y	p.Ala473Tyr	missense	NA	NA	NA	NA	NA	NA
A473N	p.Ala473Asn	missense	NA	NA	NA	NA	NA	NA
A473C	p.Ala473Cys	missense	NA	NA	NA	NA	NA	NA
A473P	p.Ala473Pro	missense	NA	NA	NA	NA	NA	NA
A473E	p.Ala473Glu	missense	1.158109644	0.182610718	-0.565787079	benign supporting	FALSE	FALSE
A473M	p.Ala473Met	missense	NA	NA	NA	NA	NA	NA
A473W	p.Ala473Trp	missense	NA	NA	NA	NA	NA	NA
A473H	p.Ala473His	missense	NA	NA	NA	NA	NA	NA
A473Q	p.Ala473Gln	missense	NA	NA	NA	NA	NA	NA
A473*	p.Ala473*	nonsense	NA	NA	NA	NA	NA	NA
R474S	p.Arg474Ser	missense	NA	NA	NA	NA	NA	NA
R474A	p.Arg474Ala	missense	NA	NA	NA	NA	NA	NA
R474V	p.Arg474Val	missense	NA	NA	NA	NA	NA	NA
R474R	p.Arg474=	synonymous	1.324959113	0.273839966	NA	NA	FALSE	FALSE
R474D	p.Arg474Asp	missense	NA	NA	NA	NA	NA	NA
R474F	p.Arg474Phe	missense	NA	NA	NA	NA	NA	NA
R474T	p.Arg474Thr	missense	NA	NA	NA	NA	NA	NA
R474I	p.Arg474Ile	missense	NA	NA	NA	NA	NA	NA
R474L	p.Arg474Leu	missense	NA	NA	NA	NA	NA	NA
R474K	p.Arg474Lys	missense	-2.266153437	1.695345289	0	indeterminate	FALSE	FALSE
R474G	p.Arg474Gly	missense	NA	NA	NA	NA	NA	NA
R474Y	p.Arg474Tyr	missense	NA	NA	NA	NA	NA	NA
R474N	p.Arg474Asn	missense	NA	NA	NA	NA	NA	NA
R474C	p.Arg474Cys	missense	-0.124013747	0.187644602	0.586637378	pathogenic supporting	FALSE	FALSE
R474P	p.Arg474Pro	missense	0.120671687	1.291410264	NA	NA	TRUE	FALSE
R474E	p.Arg474Glu	missense	NA	NA	NA	NA	NA	NA
R474M	p.Arg474Met	missense	NA	NA	NA	NA	NA	NA
R474W	p.Arg474Trp	missense	NA	NA	NA	NA	NA	NA
R474H	p.Arg474His	missense	0.286559229	0.247311934	NA	NA	TRUE	FALSE
R474Q	p.Arg474Gln	missense	NA	NA	NA	NA	NA	NA
R474*	p.Arg474*	nonsense	NA	NA	NA	NA	NA	NA
F475S	p.Phe475Ser	missense	NA	NA	NA	NA	NA	NA
F475A	p.Phe475Ala	missense	NA	NA	NA	NA	NA	NA
F475V	p.Phe475Val	missense	3.454838614	0.938168983	NA	NA	FALSE	TRUE
F475R	p.Phe475Arg	missense	NA	NA	NA	NA	NA	NA
F475D	p.Phe475Asp	missense	NA	NA	NA	NA	NA	NA
F475F	p.Phe475=	synonymous	-0.785979303	3.206488773	NA	NA	TRUE	FALSE
F475T	p.Phe475Thr	missense	NA	NA	NA	NA	NA	NA
F475I	p.Phe475Ile	missense	NA	NA	NA	NA	NA	NA
F475L	p.Phe475Leu	missense	1.184240474	0.498386694	-0.568281789	benign supporting	FALSE	FALSE
F475K	p.Phe475Lys	missense	NA	NA	NA	NA	NA	NA
F475G	p.Phe475Gly	missense	NA	NA	NA	NA	NA	NA
F475Y	p.Phe475Tyr	missense	1.359568472	1.842176205	NA	NA	TRUE	FALSE
F475N	p.Phe475Asn	missense	NA	NA	NA	NA	NA	NA
F475C	p.Phe475Cys	missense	NA	NA	NA	NA	NA	NA
F475P	p.Phe475Pro	missense	NA	NA	NA	NA	NA	NA
F475E	p.Phe475Glu	missense	NA	NA	NA	NA	NA	NA
F475M	p.Phe475Met	missense	2.070310537	0.178751858	NA	NA	FALSE	TRUE
F475W	p.Phe475Trp	missense	1.256359836	0.466916078	-0.56039228	benign supporting	FALSE	FALSE
F475H	p.Phe475His	missense	NA	NA	NA	NA	NA	NA
F475Q	p.Phe475Gln	missense	0.514169267	2.152409145	NA	NA	TRUE	FALSE
F475*	p.Phe475*	nonsense	0.089866332	2.168825545	NA	NA	TRUE	FALSE
T476S	p.Thr476Ser	missense	1.266848804	2.49895461	NA	NA	TRUE	FALSE
T476A	p.Thr476Ala	missense	1.322250366	0.33900187	-0.532806582	benign supporting	FALSE	FALSE
T476V	p.Thr476Val	missense	NA	NA	NA	NA	NA	NA
T476R	p.Thr476Arg	missense	-1.011335209	1.259222345	4.463350878	pathogenic very strong	FALSE	FALSE
T476D	p.Thr476Asp	missense	NA	NA	NA	NA	NA	NA
T476F	p.Thr476Phe	missense	0.479269644	2.236891339	NA	NA	TRUE	FALSE
T476T	p.Thr476=	synonymous	1.141369986	0.114597475	NA	NA	FALSE	FALSE
T476I	p.Thr476Ile	missense	NA	NA	NA	NA	NA	NA
T476L	p.Thr476Leu	missense	NA	NA	NA	NA	NA	NA
T476K	p.Thr476Lys	missense	0.81317033	0.575566686	NA	NA	TRUE	FALSE
T476G	p.Thr476Gly	missense	NA	NA	NA	NA	NA	NA
T476Y	p.Thr476Tyr	missense	NA	NA	NA	NA	NA	NA
T476N	p.Thr476Asn	missense	NA	NA	NA	NA	NA	NA
T476C	p.Thr476Cys	missense	NA	NA	NA	NA	NA	NA
T476P	p.Thr476Pro	missense	1.721239544	2.368273065	NA	NA	TRUE	TRUE
T476E	p.Thr476Glu	missense	NA	NA	NA	NA	NA	NA
T476M	p.Thr476Met	missense	NA	NA	NA	NA	NA	NA
T476W	p.Thr476Trp	missense	NA	NA	NA	NA	NA	NA
T476H	p.Thr476His	missense	NA	NA	NA	NA	NA	NA
T476Q	p.Thr476Gln	missense	NA	NA	NA	NA	NA	NA
T476*	p.Thr476*	nonsense	NA	NA	NA	NA	NA	NA
T477S	p.Thr477Ser	missense	1.376880869	0.23552273	-0.499440029	benign supporting	FALSE	FALSE
T477A	p.Thr477Ala	missense	1.23817232	0.226372611	-0.563553634	benign supporting	FALSE	FALSE
T477V	p.Thr477Val	missense	1.058998936	0.155140646	-0.543097438	benign supporting	FALSE	FALSE
T477R	p.Thr477Arg	missense	-0.490062389	0.538689674	1.705446316	pathogenic strong	FALSE	FALSE
T477D	p.Thr477Asp	missense	0.539435492	0.16722784	NA	NA	TRUE	FALSE
T477F	p.Thr477Phe	missense	1.340756638	0.450290732	-0.523081233	benign supporting	FALSE	FALSE
T477T	p.Thr477=	synonymous	0.954110085	0.182592018	NA	NA	FALSE	FALSE
T477I	p.Thr477Ile	missense	0.680323031	0.312733641	NA	NA	TRUE	FALSE
T477L	p.Thr477Leu	missense	0.987628038	0.184237419	-0.499574053	benign supporting	FALSE	FALSE
T477K	p.Thr477Lys	missense	-0.134336229	1.960174312	NA	NA	TRUE	FALSE
T477G	p.Thr477Gly	missense	0.507557634	0.790966553	NA	NA	TRUE	FALSE
T477Y	p.Thr477Tyr	missense	1.238095383	0.113290604	-0.563564147	benign supporting	FALSE	FALSE
T477N	p.Thr477Asn	missense	0.80197641	0.316633485	NA	NA	TRUE	FALSE
T477C	p.Thr477Cys	missense	NA	NA	NA	NA	NA	NA
T477P	p.Thr477Pro	missense	0.878593725	0.664724987	NA	NA	TRUE	FALSE
T477E	p.Thr477Glu	missense	-0.902965412	1.716863121	NA	NA	TRUE	FALSE
T477M	p.Thr477Met	missense	NA	NA	NA	NA	NA	NA
T477W	p.Thr477Trp	missense	1.539364914	0.121287498	NA	NA	FALSE	TRUE
T477H	p.Thr477His	missense	0.854317367	0.12066474	-0.370862267	benign supporting	FALSE	FALSE
T477Q	p.Thr477Gln	missense	NA	NA	NA	NA	NA	NA
T477*	p.Thr477*	nonsense	-0.514348793	0.300622414	NA	NA	FALSE	FALSE
E478S	p.Glu478Ser	missense	0.885471266	0.491703824	NA	NA	TRUE	FALSE
E478A	p.Glu478Ala	missense	0.775520426	0.696481808	NA	NA	TRUE	FALSE
E478V	p.Glu478Val	missense	1.066869097	0.118872883	-0.546903145	benign supporting	FALSE	FALSE
E478R	p.Glu478Arg	missense	0.807216884	0.803321607	NA	NA	TRUE	FALSE
E478D	p.Glu478Asp	missense	0.9970858	0.110708671	-0.506340973	benign supporting	FALSE	FALSE
E478F	p.Glu478Phe	missense	0.774782882	0.100674315	-0.258909019	indeterminate	FALSE	FALSE
E478T	p.Glu478Thr	missense	1.24198759	0.147949972	-0.563002699	benign supporting	FALSE	FALSE
E478I	p.Glu478Ile	missense	1.292682293	0.437976887	-0.54756013	benign supporting	FALSE	FALSE
E478L	p.Glu478Leu	missense	1.028591951	0.263501345	-0.526607876	benign supporting	FALSE	FALSE
E478K	p.Glu478Lys	missense	0.608384073	0.937688691	NA	NA	TRUE	FALSE
E478G	p.Glu478Gly	missense	1.075004603	0.230543687	-0.550643139	benign supporting	FALSE	FALSE
E478Y	p.Glu478Tyr	missense	1.257476316	0.097333505	-0.560153032	benign supporting	FALSE	FALSE
E478N	p.Glu478Asn	missense	1.237522959	0.171437285	-0.563641632	benign supporting	FALSE	FALSE
E478C	p.Glu478Cys	missense	1.08817712	0.08307166	-0.555475115	benign supporting	FALSE	FALSE
E478P	p.Glu478Pro	missense	1.143976193	0.684063122	NA	NA	TRUE	FALSE
E478E	p.Glu478=	synonymous	0.8687631	0.11555374	NA	NA	FALSE	FALSE
E478M	p.Glu478Met	missense	0.94346655	0.132407394	-0.466504896	benign supporting	FALSE	FALSE
E478W	p.Glu478Trp	missense	0.828852909	0.107841577	-0.335782145	benign supporting	FALSE	FALSE
E478H	p.Glu478His	missense	0.658592587	0.13808647	-0.077388479	indeterminate	FALSE	FALSE
E478Q	p.Glu478Gln	missense	0.473809559	1.040721598	NA	NA	TRUE	FALSE
E478*	p.Glu478*	nonsense	-0.263330184	1.27335281	NA	NA	TRUE	FALSE
E479S	p.Glu479Ser	missense	-0.776751039	0.702777979	4.679798506	pathogenic very strong	FALSE	FALSE
E479A	p.Glu479Ala	missense	NA	NA	NA	NA	NA	NA
E479V	p.Glu479Val	missense	0.147431889	1.890274295	NA	NA	TRUE	FALSE
E479R	p.Glu479Arg	missense	0.052406781	0.95544362	NA	NA	TRUE	FALSE
E479D	p.Glu479Asp	missense	0.83841802	0.496313374	NA	NA	TRUE	FALSE
E479F	p.Glu479Phe	missense	0.775023374	1.358485759	NA	NA	TRUE	FALSE
E479T	p.Glu479Thr	missense	NA	NA	NA	NA	NA	NA
E479I	p.Glu479Ile	missense	NA	NA	NA	NA	NA	NA
E479L	p.Glu479Leu	missense	1.835779052	2.327294416	NA	NA	TRUE	TRUE
E479K	p.Glu479Lys	missense	1.539136604	1.269421471	NA	NA	TRUE	TRUE
E479G	p.Glu479Gly	missense	-0.473678223	1.39602598	NA	NA	TRUE	FALSE
E479Y	p.Glu479Tyr	missense	-2.008168469	1.100228891	0	indeterminate	FALSE	FALSE
E479N	p.Glu479Asn	missense	NA	NA	NA	NA	NA	NA
E479C	p.Glu479Cys	missense	2.168047579	2.287607923	NA	NA	TRUE	TRUE
E479P	p.Glu479Pro	missense	0.270487435	2.293082963	NA	NA	TRUE	FALSE
E479E	p.Glu479=	synonymous	1.090818152	1.371292751	NA	NA	TRUE	FALSE
E479M	p.Glu479Met	missense	0.768455571	0.9476059	NA	NA	TRUE	FALSE
E479W	p.Glu479Trp	missense	0.862721405	0.121561319	-0.381232226	benign supporting	FALSE	FALSE
E479H	p.Glu479His	missense	NA	NA	NA	NA	NA	NA
E479Q	p.Glu479Gln	missense	NA	NA	NA	NA	NA	NA
E479*	p.Glu479*	nonsense	-0.867324439	1.517791455	NA	NA	TRUE	FALSE
A480S	p.Ala480Ser	missense	0.65363156	0.63364666	NA	NA	TRUE	FALSE
A480A	p.Ala480=	synonymous	1.130042753	0.565994724	NA	NA	FALSE	FALSE
A480V	p.Ala480Val	missense	0.219624309	0.8883337	NA	NA	TRUE	FALSE
A480R	p.Ala480Arg	missense	0.587796346	1.459152093	NA	NA	TRUE	FALSE
A480D	p.Ala480Asp	missense	0.398717217	1.242115207	NA	NA	TRUE	FALSE
A480F	p.Ala480Phe	missense	0.031337992	2.41340128	NA	NA	TRUE	FALSE
A480T	p.Ala480Thr	missense	1.285763011	0.974295168	NA	NA	TRUE	FALSE
A480I	p.Ala480Ile	missense	NA	NA	NA	NA	NA	NA
A480L	p.Ala480Leu	missense	-1.436699695	2.047124366	NA	NA	TRUE	FALSE
A480K	p.Ala480Lys	missense	0.129431781	0.24368945	0.560302577	pathogenic supporting	FALSE	FALSE
A480G	p.Ala480Gly	missense	1.173603318	0.396733381	-0.567089316	benign supporting	FALSE	FALSE
A480Y	p.Ala480Tyr	missense	NA	NA	NA	NA	NA	NA
A480N	p.Ala480Asn	missense	-0.277920315	2.132885625	NA	NA	TRUE	FALSE
A480C	p.Ala480Cys	missense	NA	NA	NA	NA	NA	NA
A480P	p.Ala480Pro	missense	-0.39451088	2.043561745	NA	NA	TRUE	FALSE
A480E	p.Ala480Glu	missense	NA	NA	NA	NA	NA	NA
A480M	p.Ala480Met	missense	2.220935495	1.787135935	NA	NA	TRUE	TRUE
A480W	p.Ala480Trp	missense	0.189692877	0.239544266	0.58737074	pathogenic supporting	FALSE	FALSE
A480H	p.Ala480His	missense	-1.408995512	2.006917958	NA	NA	TRUE	FALSE
A480Q	p.Ala480Gln	missense	0.940267029	2.644330487	NA	NA	TRUE	FALSE
A480*	p.Ala480*	nonsense	-1.220637789	1.937378861	NA	NA	TRUE	FALSE
L481S	p.Leu481Ser	missense	0.244391161	1.091004666	NA	NA	TRUE	FALSE
L481A	p.Leu481Ala	missense	1.063092208	0.29366856	-0.545099966	benign supporting	FALSE	FALSE
L481V	p.Leu481Val	missense	0.503731586	0.730427175	NA	NA	TRUE	FALSE
L481R	p.Leu481Arg	missense	NA	NA	NA	NA	NA	NA
L481D	p.Leu481Asp	missense	0.059654862	2.436388494	NA	NA	TRUE	FALSE
L481F	p.Leu481Phe	missense	0.765716819	0.245973332	-0.245244175	indeterminate	FALSE	FALSE
L481T	p.Leu481Thr	missense	0.58131815	0.257918096	NA	NA	TRUE	FALSE
L481I	p.Leu481Ile	missense	0.844830364	2.506138811	NA	NA	TRUE	FALSE
L481L	p.Leu481=	synonymous	0.92618109	0.976714511	NA	NA	TRUE	FALSE
L481K	p.Leu481Lys	missense	1.061065645	0.232976628	-0.544114822	benign supporting	FALSE	FALSE
L481G	p.Leu481Gly	missense	1.337588238	1.414999769	NA	NA	TRUE	FALSE
L481Y	p.Leu481Tyr	missense	0.162759912	1.992651266	NA	NA	TRUE	FALSE
L481N	p.Leu481Asn	missense	NA	NA	NA	NA	NA	NA
L481C	p.Leu481Cys	missense	1.540061489	0.141000988	NA	NA	FALSE	TRUE
L481P	p.Leu481Pro	missense	NA	NA	NA	NA	NA	NA
L481E	p.Leu481Glu	missense	1.368209098	0.226621827	-0.504898805	benign supporting	FALSE	FALSE
L481M	p.Leu481Met	missense	-0.283808604	2.090455811	NA	NA	TRUE	FALSE
L481W	p.Leu481Trp	missense	0.4491216	0.594944073	NA	NA	TRUE	FALSE
L481H	p.Leu481His	missense	NA	NA	NA	NA	NA	NA
L481Q	p.Leu481Gln	missense	0.563557889	2.178170417	NA	NA	TRUE	FALSE
L481*	p.Leu481*	nonsense	0.384278496	1.316690689	NA	NA	TRUE	FALSE
R482S	p.Arg482Ser	missense	0.455683238	2.527605436	NA	NA	TRUE	FALSE
R482A	p.Arg482Ala	missense	NA	NA	NA	NA	NA	NA
R482V	p.Arg482Val	missense	NA	NA	NA	NA	NA	NA
R482R	p.Arg482=	synonymous	NA	NA	NA	NA	NA	NA
R482D	p.Arg482Asp	missense	NA	NA	NA	NA	NA	NA
R482F	p.Arg482Phe	missense	NA	NA	NA	NA	NA	NA
R482T	p.Arg482Thr	missense	NA	NA	NA	NA	NA	NA
R482I	p.Arg482Ile	missense	1.114377208	0.160215928	-0.560749152	benign supporting	FALSE	FALSE
R482L	p.Arg482Leu	missense	NA	NA	NA	NA	NA	NA
R482K	p.Arg482Lys	missense	0.754625262	0.723343104	NA	NA	TRUE	FALSE
R482G	p.Arg482Gly	missense	1.227461574	2.52500467	NA	NA	TRUE	FALSE
R482Y	p.Arg482Tyr	missense	NA	NA	NA	NA	NA	NA
R482N	p.Arg482Asn	missense	NA	NA	NA	NA	NA	NA
R482C	p.Arg482Cys	missense	NA	NA	NA	NA	NA	NA
R482P	p.Arg482Pro	missense	NA	NA	NA	NA	NA	NA
R482E	p.Arg482Glu	missense	0.90254315	2.251475098	NA	NA	TRUE	FALSE
R482M	p.Arg482Met	missense	2.000691192	1.62492501	NA	NA	TRUE	TRUE
R482W	p.Arg482Trp	missense	NA	NA	NA	NA	NA	NA
R482H	p.Arg482His	missense	NA	NA	NA	NA	NA	NA
R482Q	p.Arg482Gln	missense	NA	NA	NA	NA	NA	NA
R482*	p.Arg482*	nonsense	2.091955915	2.470289711	NA	NA	TRUE	TRUE
H483S	p.His483Ser	missense	0.886869104	0.22941324	-0.410998846	benign supporting	FALSE	FALSE
H483A	p.His483Ala	missense	NA	NA	NA	NA	NA	NA
H483V	p.His483Val	missense	1.006494402	0.247830076	-0.512751203	benign supporting	FALSE	FALSE
H483R	p.His483Arg	missense	NA	NA	NA	NA	NA	NA
H483D	p.His483Asp	missense	NA	NA	NA	NA	NA	NA
H483F	p.His483Phe	missense	NA	NA	NA	NA	NA	NA
H483T	p.His483Thr	missense	NA	NA	NA	NA	NA	NA
H483I	p.His483Ile	missense	-1.005643605	2.070036898	NA	NA	TRUE	FALSE
H483L	p.His483Leu	missense	NA	NA	NA	NA	NA	NA
H483K	p.His483Lys	missense	NA	NA	NA	NA	NA	NA
H483G	p.His483Gly	missense	NA	NA	NA	NA	NA	NA
H483Y	p.His483Tyr	missense	0.589977998	0.246256161	NA	NA	TRUE	FALSE
H483N	p.His483Asn	missense	-0.120585245	0.541602546	0.584260232	pathogenic supporting	FALSE	FALSE
H483C	p.His483Cys	missense	NA	NA	NA	NA	NA	NA
H483P	p.His483Pro	missense	-0.298993057	1.239594872	NA	NA	TRUE	FALSE
H483E	p.His483Glu	missense	NA	NA	NA	NA	NA	NA
H483M	p.His483Met	missense	NA	NA	NA	NA	NA	NA
H483W	p.His483Trp	missense	NA	NA	NA	NA	NA	NA
H483H	p.His483=	synonymous	0.915210325	0.209491612	NA	NA	FALSE	FALSE
H483Q	p.His483Gln	missense	-0.118211319	2.877378891	NA	NA	TRUE	FALSE
H483*	p.His483*	nonsense	NA	NA	NA	NA	NA	NA
P484S	p.Pro484Ser	missense	1.130491909	0.104364869	-0.562805832	benign supporting	FALSE	FALSE
P484A	p.Pro484Ala	missense	NA	NA	NA	NA	NA	NA
P484V	p.Pro484Val	missense	NA	NA	NA	NA	NA	NA
P484R	p.Pro484Arg	missense	1.661562457	1.036089279	NA	NA	FALSE	TRUE
P484D	p.Pro484Asp	missense	NA	NA	NA	NA	NA	NA
P484F	p.Pro484Phe	missense	NA	NA	NA	NA	NA	NA
P484T	p.Pro484Thr	missense	0.316872048	0.525786998	NA	NA	TRUE	FALSE
P484I	p.Pro484Ile	missense	NA	NA	NA	NA	NA	NA
P484L	p.Pro484Leu	missense	1.091001192	0.54309248	-0.556156932	benign supporting	FALSE	FALSE
P484K	p.Pro484Lys	missense	0.346452208	2.182356734	NA	NA	TRUE	FALSE
P484G	p.Pro484Gly	missense	NA	NA	NA	NA	NA	NA
P484Y	p.Pro484Tyr	missense	NA	NA	NA	NA	NA	NA
P484N	p.Pro484Asn	missense	NA	NA	NA	NA	NA	NA
P484C	p.Pro484Cys	missense	1.506447742	0.341350622	NA	NA	FALSE	TRUE
P484P	p.Pro484=	synonymous	0.773666283	0.35512591	NA	NA	TRUE	FALSE
P484E	p.Pro484Glu	missense	NA	NA	NA	NA	NA	NA
P484M	p.Pro484Met	missense	NA	NA	NA	NA	NA	NA
P484W	p.Pro484Trp	missense	NA	NA	NA	NA	NA	NA
P484H	p.Pro484His	missense	NA	NA	NA	NA	NA	NA
P484Q	p.Pro484Gln	missense	0.891037945	0.167384441	-0.415945615	benign supporting	FALSE	FALSE
P484*	p.Pro484*	nonsense	NA	NA	NA	NA	NA	NA
W485S	p.Trp485Ser	missense	NA	NA	NA	NA	NA	NA
W485A	p.Trp485Ala	missense	NA	NA	NA	NA	NA	NA
W485V	p.Trp485Val	missense	NA	NA	NA	NA	NA	NA
W485R	p.Trp485Arg	missense	0.186239588	1.56760616	NA	NA	TRUE	FALSE
W485D	p.Trp485Asp	missense	NA	NA	NA	NA	NA	NA
W485F	p.Trp485Phe	missense	1.018005456	1.786646444	NA	NA	TRUE	FALSE
W485T	p.Trp485Thr	missense	NA	NA	NA	NA	NA	NA
W485I	p.Trp485Ile	missense	NA	NA	NA	NA	NA	NA
W485L	p.Trp485Leu	missense	0.265581814	0.149547144	0.542615484	pathogenic supporting	FALSE	FALSE
W485K	p.Trp485Lys	missense	NA	NA	NA	NA	NA	NA
W485G	p.Trp485Gly	missense	0.62075026	2.048367865	NA	NA	TRUE	FALSE
W485Y	p.Trp485Tyr	missense	NA	NA	NA	NA	NA	NA
W485N	p.Trp485Asn	missense	NA	NA	NA	NA	NA	NA
W485C	p.Trp485Cys	missense	-0.063323518	0.279325738	0.559098207	pathogenic supporting	FALSE	FALSE
W485P	p.Trp485Pro	missense	0.169921635	2.249371167	NA	NA	TRUE	FALSE
W485E	p.Trp485Glu	missense	NA	NA	NA	NA	NA	NA
W485M	p.Trp485Met	missense	1.007293518	1.291196421	NA	NA	TRUE	FALSE
W485W	p.Trp485=	synonymous	NA	NA	NA	NA	NA	NA
W485H	p.Trp485His	missense	NA	NA	NA	NA	NA	NA
W485Q	p.Trp485Gln	missense	NA	NA	NA	NA	NA	NA
W485*	p.Trp485*	nonsense	0.125631989	0.405167739	NA	NA	TRUE	FALSE
L486S	p.Leu486Ser	missense	NA	NA	NA	NA	NA	NA
L486A	p.Leu486Ala	missense	NA	NA	NA	NA	NA	NA
L486V	p.Leu486Val	missense	1.197294085	0.254313473	-0.568547448	benign supporting	FALSE	FALSE
L486R	p.Leu486Arg	missense	-1.309757055	0.756238102	4.123907922	pathogenic very strong	FALSE	FALSE
L486D	p.Leu486Asp	missense	-1.266997427	1.868910699	NA	NA	TRUE	FALSE
L486F	p.Leu486Phe	missense	1.206840928	0.12525673	-0.567488337	benign supporting	FALSE	FALSE
L486T	p.Leu486Thr	missense	NA	NA	NA	NA	NA	NA
L486I	p.Leu486Ile	missense	1.014290373	0.07480215	-0.517827935	benign supporting	FALSE	FALSE
L486L	p.Leu486=	synonymous	1.550504307	0.939242541	NA	NA	FALSE	TRUE
L486K	p.Leu486Lys	missense	-0.309718112	2.306178628	NA	NA	TRUE	FALSE
L486G	p.Leu486Gly	missense	NA	NA	NA	NA	NA	NA
L486Y	p.Leu486Tyr	missense	NA	NA	NA	NA	NA	NA
L486N	p.Leu486Asn	missense	NA	NA	NA	NA	NA	NA
L486C	p.Leu486Cys	missense	NA	NA	NA	NA	NA	NA
L486P	p.Leu486Pro	missense	1.16904901	2.460493798	NA	NA	TRUE	FALSE
L486E	p.Leu486Glu	missense	NA	NA	NA	NA	NA	NA
L486M	p.Leu486Met	missense	NA	NA	NA	NA	NA	NA
L486W	p.Leu486Trp	missense	-0.382589934	0.259828689	1.053957546	pathogenic moderate	FALSE	FALSE
L486H	p.Leu486His	missense	0.902567169	2.793489284	NA	NA	TRUE	FALSE
L486Q	p.Leu486Gln	missense	NA	NA	NA	NA	NA	NA
L486*	p.Leu486*	nonsense	NA	NA	NA	NA	NA	NA
Q487S	p.Gln487Ser	missense	NA	NA	NA	NA	NA	NA
Q487A	p.Gln487Ala	missense	NA	NA	NA	NA	NA	NA
Q487V	p.Gln487Val	missense	NA	NA	NA	NA	NA	NA
Q487R	p.Gln487Arg	missense	0.966968475	0.251898407	-0.484103375	benign supporting	FALSE	FALSE
Q487D	p.Gln487Asp	missense	2.094323416	0.244689197	NA	NA	FALSE	TRUE
Q487F	p.Gln487Phe	missense	NA	NA	NA	NA	NA	NA
Q487T	p.Gln487Thr	missense	NA	NA	NA	NA	NA	NA
Q487I	p.Gln487Ile	missense	NA	NA	NA	NA	NA	NA
Q487L	p.Gln487Leu	missense	2.039709345	0.859775363	NA	NA	FALSE	TRUE
Q487K	p.Gln487Lys	missense	0.960201862	0.080592246	-0.479255241	benign supporting	FALSE	FALSE
Q487G	p.Gln487Gly	missense	0.623526491	1.442801534	NA	NA	TRUE	FALSE
Q487Y	p.Gln487Tyr	missense	NA	NA	NA	NA	NA	NA
Q487N	p.Gln487Asn	missense	NA	NA	NA	NA	NA	NA
Q487C	p.Gln487Cys	missense	NA	NA	NA	NA	NA	NA
Q487P	p.Gln487Pro	missense	NA	NA	NA	NA	NA	NA
Q487E	p.Gln487Glu	missense	1.053214696	0.262889458	-0.540181295	benign supporting	FALSE	FALSE
Q487M	p.Gln487Met	missense	NA	NA	NA	NA	NA	NA
Q487W	p.Gln487Trp	missense	NA	NA	NA	NA	NA	NA
Q487H	p.Gln487His	missense	1.295723398	1.043109224	NA	NA	TRUE	FALSE
Q487Q	p.Gln487=	synonymous	0.904709794	0.18003681	NA	NA	FALSE	FALSE
Q487*	p.Gln487*	nonsense	-0.2464917	0.241554625	NA	NA	FALSE	FALSE
D488S	p.Asp488Ser	missense	1.268833815	0.237295736	-0.557407	benign supporting	FALSE	FALSE
D488A	p.Asp488Ala	missense	1.601784793	1.986488945	NA	NA	TRUE	TRUE
D488V	p.Asp488Val	missense	NA	NA	NA	NA	NA	NA
D488R	p.Asp488Arg	missense	0.245806764	0.970334212	NA	NA	TRUE	FALSE
D488D	p.Asp488=	synonymous	1.438427583	0.96923729	NA	NA	TRUE	FALSE
D488F	p.Asp488Phe	missense	0.92644474	0.865031277	NA	NA	TRUE	FALSE
D488T	p.Asp488Thr	missense	-0.900661718	1.812091104	NA	NA	TRUE	FALSE
D488I	p.Asp488Ile	missense	NA	NA	NA	NA	NA	NA
D488L	p.Asp488Leu	missense	NA	NA	NA	NA	NA	NA
D488K	p.Asp488Lys	missense	1.214218465	0.530392878	-0.566420193	benign supporting	FALSE	FALSE
D488G	p.Asp488Gly	missense	0.55430052	1.151467436	NA	NA	TRUE	FALSE
D488Y	p.Asp488Tyr	missense	0.519706904	0.163658828	NA	NA	TRUE	FALSE
D488N	p.Asp488Asn	missense	NA	NA	NA	NA	NA	NA
D488C	p.Asp488Cys	missense	1.156262899	0.580772613	-0.565576754	benign supporting	FALSE	FALSE
D488P	p.Asp488Pro	missense	NA	NA	NA	NA	NA	NA
D488E	p.Asp488Glu	missense	1.473807348	2.902534226	NA	NA	TRUE	TRUE
D488M	p.Asp488Met	missense	0.36736096	0.188325184	NA	NA	TRUE	FALSE
D488W	p.Asp488Trp	missense	-0.321931261	0.187777202	0.933400572	pathogenic moderate	FALSE	FALSE
D488H	p.Asp488His	missense	1.035215698	0.131198773	-0.53044745	benign supporting	FALSE	FALSE
D488Q	p.Asp488Gln	missense	NA	NA	NA	NA	NA	NA
D488*	p.Asp488*	nonsense	NA	NA	NA	NA	NA	NA
E489S	p.Glu489Ser	missense	1.005915923	1.042142395	NA	NA	TRUE	FALSE
E489A	p.Glu489Ala	missense	0.687133279	2.151634305	NA	NA	TRUE	FALSE
E489V	p.Glu489Val	missense	1.650164147	0.13751007	NA	NA	FALSE	TRUE
E489R	p.Glu489Arg	missense	0.456349732	1.718107368	NA	NA	TRUE	FALSE
E489D	p.Glu489Asp	missense	1.027598583	0.83382983	NA	NA	TRUE	FALSE
E489F	p.Glu489Phe	missense	1.477574457	0.163155093	NA	NA	FALSE	TRUE
E489T	p.Glu489Thr	missense	NA	NA	NA	NA	NA	NA
E489I	p.Glu489Ile	missense	1.286887443	0.812356998	NA	NA	TRUE	FALSE
E489L	p.Glu489Leu	missense	NA	NA	NA	NA	NA	NA
E489K	p.Glu489Lys	missense	1.596307346	0.162227896	NA	NA	FALSE	TRUE
E489G	p.Glu489Gly	missense	1.089820534	0.611283037	NA	NA	TRUE	FALSE
E489Y	p.Glu489Tyr	missense	NA	NA	NA	NA	NA	NA
E489N	p.Glu489Asn	missense	NA	NA	NA	NA	NA	NA
E489C	p.Glu489Cys	missense	NA	NA	NA	NA	NA	NA
E489P	p.Glu489Pro	missense	NA	NA	NA	NA	NA	NA
E489E	p.Glu489=	synonymous	0.85974216	0.158014898	NA	NA	FALSE	FALSE
E489M	p.Glu489Met	missense	NA	NA	NA	NA	NA	NA
E489W	p.Glu489Trp	missense	1.231478334	0.171826432	-0.564381382	benign supporting	FALSE	FALSE
E489H	p.Glu489His	missense	NA	NA	NA	NA	NA	NA
E489Q	p.Glu489Gln	missense	1.304675225	0.298182065	-0.541751879	benign supporting	FALSE	FALSE
E489*	p.Glu489*	nonsense	-0.388035601	0.224045748	NA	NA	FALSE	FALSE
D490S	p.Asp490Ser	missense	0.477179597	0.333299235	NA	NA	TRUE	FALSE
D490A	p.Asp490Ala	missense	0.87347575	1.554992488	NA	NA	TRUE	FALSE
D490V	p.Asp490Val	missense	0.982593847	1.565635652	NA	NA	TRUE	FALSE
D490R	p.Asp490Arg	missense	0.836556788	0.161784001	-0.34733606	benign supporting	FALSE	FALSE
D490D	p.Asp490=	synonymous	0.828289419	0.106379255	NA	NA	FALSE	FALSE
D490F	p.Asp490Phe	missense	NA	NA	NA	NA	NA	NA
D490T	p.Asp490Thr	missense	NA	NA	NA	NA	NA	NA
D490I	p.Asp490Ile	missense	NA	NA	NA	NA	NA	NA
D490L	p.Asp490Leu	missense	-0.806146632	0.649181484	4.653016473	pathogenic very strong	FALSE	FALSE
D490K	p.Asp490Lys	missense	-0.092722828	1.591138031	NA	NA	TRUE	FALSE
D490G	p.Asp490Gly	missense	1.056573227	1.180363013	NA	NA	TRUE	FALSE
D490Y	p.Asp490Tyr	missense	1.291356892	0.128635718	-0.54815622	benign supporting	FALSE	FALSE
D490N	p.Asp490Asn	missense	1.183400989	0.776697856	NA	NA	TRUE	FALSE
D490C	p.Asp490Cys	missense	NA	NA	NA	NA	NA	NA
D490P	p.Asp490Pro	missense	NA	NA	NA	NA	NA	NA
D490E	p.Asp490Glu	missense	1.137641882	1.297423445	NA	NA	TRUE	FALSE
D490M	p.Asp490Met	missense	NA	NA	NA	NA	NA	NA
D490W	p.Asp490Trp	missense	NA	NA	NA	NA	NA	NA
D490H	p.Asp490His	missense	1.165117375	0.832049997	NA	NA	TRUE	FALSE
D490Q	p.Asp490Gln	missense	NA	NA	NA	NA	NA	NA
D490*	p.Asp490*	nonsense	0.849506313	1.936484857	NA	NA	TRUE	FALSE
M491S	p.Met491Ser	missense	NA	NA	NA	NA	NA	NA
M491A	p.Met491Ala	missense	NA	NA	NA	NA	NA	NA
M491V	p.Met491Val	missense	1.141870529	0.360020932	-0.563697383	benign supporting	FALSE	FALSE
M491R	p.Met491Arg	missense	NA	NA	NA	NA	NA	NA
M491D	p.Met491Asp	missense	NA	NA	NA	NA	NA	NA
M491F	p.Met491Phe	missense	NA	NA	NA	NA	NA	NA
M491T	p.Met491Thr	missense	NA	NA	NA	NA	NA	NA
M491I	p.Met491Ile	missense	0.981321477	0.110773453	-0.494875399	benign supporting	FALSE	FALSE
M491L	p.Met491Leu	missense	-0.16298353	2.065518667	NA	NA	TRUE	FALSE
M491K	p.Met491Lys	missense	NA	NA	NA	NA	NA	NA
M491G	p.Met491Gly	missense	NA	NA	NA	NA	NA	NA
M491Y	p.Met491Tyr	missense	-2.958655091	1.296282294	0	indeterminate	FALSE	FALSE
M491N	p.Met491Asn	missense	1.066806939	2.519404558	NA	NA	TRUE	FALSE
M491C	p.Met491Cys	missense	NA	NA	NA	NA	NA	NA
M491P	p.Met491Pro	missense	NA	NA	NA	NA	NA	NA
M491E	p.Met491Glu	missense	0.948960567	0.168651947	-0.470813289	benign supporting	FALSE	FALSE
M491M	p.Met491=	synonymous	NA	NA	NA	NA	NA	NA
M491W	p.Met491Trp	missense	NA	NA	NA	NA	NA	NA
M491H	p.Met491His	missense	NA	NA	NA	NA	NA	NA
M491Q	p.Met491Gln	missense	NA	NA	NA	NA	NA	NA
M491*	p.Met491*	nonsense	NA	NA	NA	NA	NA	NA
K492S	p.Lys492Ser	missense	0.420594209	0.8646671	NA	NA	TRUE	FALSE
K492A	p.Lys492Ala	missense	NA	NA	NA	NA	NA	NA
K492V	p.Lys492Val	missense	NA	NA	NA	NA	NA	NA
K492R	p.Lys492Arg	missense	1.462687444	0.846596926	NA	NA	FALSE	TRUE
K492D	p.Lys492Asp	missense	NA	NA	NA	NA	NA	NA
K492F	p.Lys492Phe	missense	NA	NA	NA	NA	NA	NA
K492T	p.Lys492Thr	missense	NA	NA	NA	NA	NA	NA
K492I	p.Lys492Ile	missense	NA	NA	NA	NA	NA	NA
K492L	p.Lys492Leu	missense	NA	NA	NA	NA	NA	NA
K492K	p.Lys492=	synonymous	1.79705323	0.254189829	NA	NA	FALSE	TRUE
K492G	p.Lys492Gly	missense	NA	NA	NA	NA	NA	NA
K492Y	p.Lys492Tyr	missense	NA	NA	NA	NA	NA	NA
K492N	p.Lys492Asn	missense	1.105340885	0.081550119	-0.559197429	benign supporting	FALSE	FALSE
K492C	p.Lys492Cys	missense	NA	NA	NA	NA	NA	NA
K492P	p.Lys492Pro	missense	NA	NA	NA	NA	NA	NA
K492E	p.Lys492Glu	missense	0.769903069	0.344426137	NA	NA	TRUE	FALSE
K492M	p.Lys492Met	missense	1.243224861	3.16607216	NA	NA	TRUE	FALSE
K492W	p.Lys492Trp	missense	NA	NA	NA	NA	NA	NA
K492H	p.Lys492His	missense	NA	NA	NA	NA	NA	NA
K492Q	p.Lys492Gln	missense	NA	NA	NA	NA	NA	NA
K492*	p.Lys492*	nonsense	NA	NA	NA	NA	NA	NA
R493S	p.Arg493Ser	missense	0.874915325	1.250740059	NA	NA	TRUE	FALSE
R493A	p.Arg493Ala	missense	1.255722644	0.101877744	-0.560526415	benign supporting	FALSE	FALSE
R493V	p.Arg493Val	missense	-1.047358648	0.975035656	4.429480577	pathogenic very strong	FALSE	FALSE
R493R	p.Arg493=	synonymous	1.235116412	0.730609099	NA	NA	FALSE	FALSE
R493D	p.Arg493Asp	missense	1.354880113	0.640395985	-0.51431574	benign supporting	FALSE	FALSE
R493F	p.Arg493Phe	missense	1.281555788	0.315129427	-0.552293219	benign supporting	FALSE	FALSE
R493T	p.Arg493Thr	missense	1.205735242	0.202809951	-0.567629466	benign supporting	FALSE	FALSE
R493I	p.Arg493Ile	missense	0.055797837	0.764396294	NA	NA	TRUE	FALSE
R493L	p.Arg493Leu	missense	1.401917207	0.195908556	-0.480811871	benign supporting	FALSE	FALSE
R493K	p.Arg493Lys	missense	NA	NA	NA	NA	NA	NA
R493G	p.Arg493Gly	missense	0.770013473	0.668021096	NA	NA	TRUE	FALSE
R493Y	p.Arg493Tyr	missense	0.754737046	0.453124353	NA	NA	TRUE	FALSE
R493N	p.Arg493Asn	missense	1.813524601	0.109446363	NA	NA	FALSE	TRUE
R493C	p.Arg493Cys	missense	NA	NA	NA	NA	NA	NA
R493P	p.Arg493Pro	missense	-1.848868491	0.994601609	3.50828148	pathogenic very strong	FALSE	FALSE
R493E	p.Arg493Glu	missense	-0.65981001	2.226781886	NA	NA	TRUE	FALSE
R493M	p.Arg493Met	missense	0.725123836	0.268671802	NA	NA	TRUE	FALSE
R493W	p.Arg493Trp	missense	1.28455239	0.208103136	-0.551078295	benign supporting	FALSE	FALSE
R493H	p.Arg493His	missense	NA	NA	NA	NA	NA	NA
R493Q	p.Arg493Gln	missense	NA	NA	NA	NA	NA	NA
R493*	p.Arg493*	nonsense	0.617984375	0.328152838	NA	NA	TRUE	FALSE
K494S	p.Lys494Ser	missense	1.893424387	0.258786663	NA	NA	FALSE	TRUE
K494A	p.Lys494Ala	missense	NA	NA	NA	NA	NA	NA
K494V	p.Lys494Val	missense	0.941381246	1.670346288	NA	NA	TRUE	FALSE
K494R	p.Lys494Arg	missense	NA	NA	NA	NA	NA	NA
K494D	p.Lys494Asp	missense	0.194858027	2.016079907	NA	NA	TRUE	FALSE
K494F	p.Lys494Phe	missense	0.410902837	2.444133343	NA	NA	TRUE	FALSE
K494T	p.Lys494Thr	missense	1.622739615	0.195368525	NA	NA	FALSE	TRUE
K494I	p.Lys494Ile	missense	1.485042578	0.248169284	NA	NA	FALSE	TRUE
K494L	p.Lys494Leu	missense	0.84343407	0.129498969	-0.356795633	benign supporting	FALSE	FALSE
K494K	p.Lys494=	synonymous	0.957562062	0.177265893	NA	NA	FALSE	FALSE
K494G	p.Lys494Gly	missense	NA	NA	NA	NA	NA	NA
K494Y	p.Lys494Tyr	missense	NA	NA	NA	NA	NA	NA
K494N	p.Lys494Asn	missense	0.816782373	1.322197522	NA	NA	TRUE	FALSE
K494C	p.Lys494Cys	missense	NA	NA	NA	NA	NA	NA
K494P	p.Lys494Pro	missense	0.950593706	0.328658914	-0.472070542	benign supporting	FALSE	FALSE
K494E	p.Lys494Glu	missense	0.186347637	1.962056049	NA	NA	TRUE	FALSE
K494M	p.Lys494Met	missense	0.32428668	2.047507327	NA	NA	TRUE	FALSE
K494W	p.Lys494Trp	missense	0.330777987	2.454318777	NA	NA	TRUE	FALSE
K494H	p.Lys494His	missense	-0.991923629	1.182477028	4.479811917	pathogenic very strong	FALSE	FALSE
K494Q	p.Lys494Gln	missense	2.009433338	0.648337789	NA	NA	FALSE	TRUE
K494*	p.Lys494*	nonsense	NA	NA	NA	NA	NA	NA
F495S	p.Phe495Ser	missense	1.088051186	1.412412833	NA	NA	TRUE	FALSE
F495A	p.Phe495Ala	missense	NA	NA	NA	NA	NA	NA
F495V	p.Phe495Val	missense	0.817365891	0.232691078	-0.319585665	benign supporting	FALSE	FALSE
F495R	p.Phe495Arg	missense	-0.249717695	1.104783044	NA	NA	TRUE	FALSE
F495D	p.Phe495Asp	missense	NA	NA	NA	NA	NA	NA
F495F	p.Phe495=	synonymous	2.418933202	0.771533732	NA	NA	FALSE	TRUE
F495T	p.Phe495Thr	missense	NA	NA	NA	NA	NA	NA
F495I	p.Phe495Ile	missense	1.062181051	2.657656457	NA	NA	TRUE	FALSE
F495L	p.Phe495Leu	missense	0.108121199	0.577011367	NA	NA	TRUE	FALSE
F495K	p.Phe495Lys	missense	NA	NA	NA	NA	NA	NA
F495G	p.Phe495Gly	missense	-0.395981243	2.343223833	NA	NA	TRUE	FALSE
F495Y	p.Phe495Tyr	missense	NA	NA	NA	NA	NA	NA
F495N	p.Phe495Asn	missense	NA	NA	NA	NA	NA	NA
F495C	p.Phe495Cys	missense	NA	NA	NA	NA	NA	NA
F495P	p.Phe495Pro	missense	-0.584435448	2.085933576	NA	NA	TRUE	FALSE
F495E	p.Phe495Glu	missense	NA	NA	NA	NA	NA	NA
F495M	p.Phe495Met	missense	NA	NA	NA	NA	NA	NA
F495W	p.Phe495Trp	missense	NA	NA	NA	NA	NA	NA
F495H	p.Phe495His	missense	NA	NA	NA	NA	NA	NA
F495Q	p.Phe495Gln	missense	NA	NA	NA	NA	NA	NA
F495*	p.Phe495*	nonsense	NA	NA	NA	NA	NA	NA
Q496S	p.Gln496Ser	missense	0.117263187	0.416135131	NA	NA	TRUE	FALSE
Q496A	p.Gln496Ala	missense	0.325169172	0.407030533	NA	NA	TRUE	FALSE
Q496V	p.Gln496Val	missense	-0.41337884	0.247084004	1.146649403	pathogenic moderate	FALSE	FALSE
Q496R	p.Gln496Arg	missense	1.581878973	0.205474163	NA	NA	FALSE	TRUE
Q496D	p.Gln496Asp	missense	NA	NA	NA	NA	NA	NA
Q496F	p.Gln496Phe	missense	NA	NA	NA	NA	NA	NA
Q496T	p.Gln496Thr	missense	0.416602669	0.175952593	NA	NA	TRUE	FALSE
Q496I	p.Gln496Ile	missense	NA	NA	NA	NA	NA	NA
Q496L	p.Gln496Leu	missense	1.223359946	0.210247649	-0.565153673	benign supporting	FALSE	FALSE
Q496K	p.Gln496Lys	missense	NA	NA	NA	NA	NA	NA
Q496G	p.Gln496Gly	missense	-1.260261491	2.101258757	NA	NA	TRUE	FALSE
Q496Y	p.Gln496Tyr	missense	NA	NA	NA	NA	NA	NA
Q496N	p.Gln496Asn	missense	NA	NA	NA	NA	NA	NA
Q496C	p.Gln496Cys	missense	NA	NA	NA	NA	NA	NA
Q496P	p.Gln496Pro	missense	0.947045994	2.267717065	NA	NA	TRUE	FALSE
Q496E	p.Gln496Glu	missense	-2.83552744	1.056848095	0	indeterminate	FALSE	FALSE
Q496M	p.Gln496Met	missense	1.796523505	0.198324114	NA	NA	FALSE	TRUE
Q496W	p.Gln496Trp	missense	NA	NA	NA	NA	NA	NA
Q496H	p.Gln496His	missense	1.806038006	0.417701058	NA	NA	FALSE	TRUE
Q496Q	p.Gln496=	synonymous	1.247207702	0.186408268	NA	NA	FALSE	FALSE
Q496*	p.Gln496*	nonsense	0.47161887	0.389455994	NA	NA	TRUE	FALSE
D497S	p.Asp497Ser	missense	0.91388129	0.223538371	-0.441078989	benign supporting	FALSE	FALSE
D497A	p.Asp497Ala	missense	NA	NA	NA	NA	NA	NA
D497V	p.Asp497Val	missense	0.374852781	2.577801485	NA	NA	TRUE	FALSE
D497R	p.Asp497Arg	missense	NA	NA	NA	NA	NA	NA
D497D	p.Asp497=	synonymous	NA	NA	NA	NA	NA	NA
D497F	p.Asp497Phe	missense	NA	NA	NA	NA	NA	NA
D497T	p.Asp497Thr	missense	NA	NA	NA	NA	NA	NA
D497I	p.Asp497Ile	missense	NA	NA	NA	NA	NA	NA
D497L	p.Asp497Leu	missense	-0.925858689	2.117468069	NA	NA	TRUE	FALSE
D497K	p.Asp497Lys	missense	NA	NA	NA	NA	NA	NA
D497G	p.Asp497Gly	missense	2.23802881	0.403638634	NA	NA	FALSE	TRUE
D497Y	p.Asp497Tyr	missense	1.167786643	0.7942944	NA	NA	TRUE	FALSE
D497N	p.Asp497Asn	missense	0.649514426	0.192863196	NA	NA	TRUE	FALSE
D497C	p.Asp497Cys	missense	NA	NA	NA	NA	NA	NA
D497P	p.Asp497Pro	missense	NA	NA	NA	NA	NA	NA
D497E	p.Asp497Glu	missense	0.529170805	0.155112444	NA	NA	TRUE	FALSE
D497M	p.Asp497Met	missense	NA	NA	NA	NA	NA	NA
D497W	p.Asp497Trp	missense	1.218468172	0.270278484	-0.565703339	benign supporting	FALSE	FALSE
D497H	p.Asp497His	missense	NA	NA	NA	NA	NA	NA
D497Q	p.Asp497Gln	missense	NA	NA	NA	NA	NA	NA
D497*	p.Asp497*	nonsense	NA	NA	NA	NA	NA	NA
L498S	p.Leu498Ser	missense	0.163225095	1.137266444	NA	NA	TRUE	FALSE
L498A	p.Leu498Ala	missense	-0.517912399	2.221393627	NA	NA	TRUE	FALSE
L498V	p.Leu498Val	missense	-1.803021964	1.182711767	3.622890771	pathogenic very strong	FALSE	FALSE
L498R	p.Leu498Arg	missense	1.056500412	1.181561939	NA	NA	TRUE	FALSE
L498D	p.Leu498Asp	missense	NA	NA	NA	NA	NA	NA
L498F	p.Leu498Phe	missense	0.81160751	0.108044605	-0.311734708	indeterminate	FALSE	FALSE
L498T	p.Leu498Thr	missense	NA	NA	NA	NA	NA	NA
L498I	p.Leu498Ile	missense	1.02306167	0.227668438	-0.523293127	benign supporting	FALSE	FALSE
L498L	p.Leu498=	synonymous	1.613313283	2.311398739	NA	NA	TRUE	TRUE
L498K	p.Leu498Lys	missense	0.788335718	0.283345731	-0.27825974	indeterminate	FALSE	FALSE
L498G	p.Leu498Gly	missense	1.004060591	0.221129476	-0.5111231	benign supporting	FALSE	FALSE
L498Y	p.Leu498Tyr	missense	0.311219031	2.268540216	NA	NA	TRUE	FALSE
L498N	p.Leu498Asn	missense	1.31710795	0.669764146	-0.535182452	benign supporting	FALSE	FALSE
L498C	p.Leu498Cys	missense	NA	NA	NA	NA	NA	NA
L498P	p.Leu498Pro	missense	0.592326019	0.489570961	NA	NA	TRUE	FALSE
L498E	p.Leu498Glu	missense	-2.611565584	0.980540576	0	indeterminate	FALSE	FALSE
L498M	p.Leu498Met	missense	NA	NA	NA	NA	NA	NA
L498W	p.Leu498Trp	missense	NA	NA	NA	NA	NA	NA
L498H	p.Leu498His	missense	1.394883104	0.133593493	-0.486507087	benign supporting	FALSE	FALSE
L498Q	p.Leu498Gln	missense	NA	NA	NA	NA	NA	NA
L498*	p.Leu498*	nonsense	0.246646671	0.623626983	NA	NA	TRUE	FALSE
L499S	p.Leu499Ser	missense	NA	NA	NA	NA	NA	NA
L499A	p.Leu499Ala	missense	NA	NA	NA	NA	NA	NA
L499V	p.Leu499Val	missense	1.164635819	0.990441768	NA	NA	TRUE	FALSE
L499R	p.Leu499Arg	missense	NA	NA	NA	NA	NA	NA
L499D	p.Leu499Asp	missense	NA	NA	NA	NA	NA	NA
L499F	p.Leu499Phe	missense	NA	NA	NA	NA	NA	NA
L499T	p.Leu499Thr	missense	-1.38034404	2.019217496	NA	NA	TRUE	FALSE
L499I	p.Leu499Ile	missense	0.613790342	1.960879174	NA	NA	TRUE	FALSE
L499L	p.Leu499=	synonymous	1.246307472	0.191990159	NA	NA	FALSE	FALSE
L499K	p.Leu499Lys	missense	NA	NA	NA	NA	NA	NA
L499G	p.Leu499Gly	missense	NA	NA	NA	NA	NA	NA
L499Y	p.Leu499Tyr	missense	NA	NA	NA	NA	NA	NA
L499N	p.Leu499Asn	missense	0.537510032	2.010324046	NA	NA	TRUE	FALSE
L499C	p.Leu499Cys	missense	NA	NA	NA	NA	NA	NA
L499P	p.Leu499Pro	missense	0.519823181	1.163836346	NA	NA	TRUE	FALSE
L499E	p.Leu499Glu	missense	NA	NA	NA	NA	NA	NA
L499M	p.Leu499Met	missense	0.743494143	0.329424075	NA	NA	TRUE	FALSE
L499W	p.Leu499Trp	missense	NA	NA	NA	NA	NA	NA
L499H	p.Leu499His	missense	NA	NA	NA	NA	NA	NA
L499Q	p.Leu499Gln	missense	NA	NA	NA	NA	NA	NA
L499*	p.Leu499*	nonsense	1.698157852	0.418395697	NA	NA	FALSE	TRUE
S500S	p.Ser500=	synonymous	1.031409488	1.299701835	NA	NA	TRUE	FALSE
S500A	p.Ser500Ala	missense	1.476253805	0.653393288	NA	NA	FALSE	TRUE
S500V	p.Ser500Val	missense	1.469552045	1.533301748	NA	NA	TRUE	TRUE
S500R	p.Ser500Arg	missense	1.110226123	0.161005548	-0.560071527	benign supporting	FALSE	FALSE
S500D	p.Ser500Asp	missense	0.969579289	0.175363012	-0.485928446	benign supporting	FALSE	FALSE
S500F	p.Ser500Phe	missense	1.309786106	0.095257951	-0.539041392	benign supporting	FALSE	FALSE
S500T	p.Ser500Thr	missense	NA	NA	NA	NA	NA	NA
S500I	p.Ser500Ile	missense	0.83046662	0.267223575	-0.33806094	benign supporting	FALSE	FALSE
S500L	p.Ser500Leu	missense	0.934103643	0.247038028	-0.458874653	benign supporting	FALSE	FALSE
S500K	p.Ser500Lys	missense	NA	NA	NA	NA	NA	NA
S500G	p.Ser500Gly	missense	1.23374387	1.209352425	NA	NA	TRUE	FALSE
S500Y	p.Ser500Tyr	missense	1.233967719	0.08326742	-0.564093993	benign supporting	FALSE	FALSE
S500N	p.Ser500Asn	missense	NA	NA	NA	NA	NA	NA
S500C	p.Ser500Cys	missense	2.147935421	0.355244422	NA	NA	FALSE	TRUE
S500P	p.Ser500Pro	missense	-0.003502479	0.778221282	NA	NA	TRUE	FALSE
S500E	p.Ser500Glu	missense	1.134342291	0.381036403	-0.563160212	benign supporting	FALSE	FALSE
S500M	p.Ser500Met	missense	NA	NA	NA	NA	NA	NA
S500W	p.Ser500Trp	missense	NA	NA	NA	NA	NA	NA
S500H	p.Ser500His	missense	NA	NA	NA	NA	NA	NA
S500Q	p.Ser500Gln	missense	NA	NA	NA	NA	NA	NA
S500*	p.Ser500*	nonsense	NA	NA	NA	NA	NA	NA
E501S	p.Glu501Ser	missense	-0.406379403	1.97978446	NA	NA	TRUE	FALSE
E501A	p.Glu501Ala	missense	NA	NA	NA	NA	NA	NA
E501V	p.Glu501Val	missense	1.373457065	0.338306977	-0.501651954	benign supporting	FALSE	FALSE
E501R	p.Glu501Arg	missense	-1.722264099	1.462732329	3.762453672	pathogenic very strong	FALSE	FALSE
E501D	p.Glu501Asp	missense	1.325785412	0.11765969	-0.531093507	benign supporting	FALSE	FALSE
E501F	p.Glu501Phe	missense	1.137983362	0.1592846	-0.5634459	benign supporting	FALSE	FALSE
E501T	p.Glu501Thr	missense	1.525150098	0.151008076	NA	NA	FALSE	TRUE
E501I	p.Glu501Ile	missense	NA	NA	NA	NA	NA	NA
E501L	p.Glu501Leu	missense	NA	NA	NA	NA	NA	NA
E501K	p.Glu501Lys	missense	0.968910662	0.192192763	-0.485463432	benign supporting	FALSE	FALSE
E501G	p.Glu501Gly	missense	1.302209061	0.217035381	-0.543008526	benign supporting	FALSE	FALSE
E501Y	p.Glu501Tyr	missense	NA	NA	NA	NA	NA	NA
E501N	p.Glu501Asn	missense	NA	NA	NA	NA	NA	NA
E501C	p.Glu501Cys	missense	NA	NA	NA	NA	NA	NA
E501P	p.Glu501Pro	missense	0.61442781	0.265844641	NA	NA	TRUE	FALSE
E501E	p.Glu501=	synonymous	1.087323122	0.154456137	NA	NA	FALSE	FALSE
E501M	p.Glu501Met	missense	NA	NA	NA	NA	NA	NA
E501W	p.Glu501Trp	missense	NA	NA	NA	NA	NA	NA
E501H	p.Glu501His	missense	0.968712206	1.358011405	NA	NA	TRUE	FALSE
E501Q	p.Glu501Gln	missense	0.688550565	1.096783756	NA	NA	TRUE	FALSE
E501*	p.Glu501*	nonsense	0.995164311	0.069764539	NA	NA	FALSE	FALSE
E502S	p.Glu502Ser	missense	0.890155073	0.276999039	-0.414905681	benign supporting	FALSE	FALSE
E502A	p.Glu502Ala	missense	0.626423626	1.315097583	NA	NA	TRUE	FALSE
E502V	p.Glu502Val	missense	-0.207872527	0.52471467	0.668452392	pathogenic moderate	FALSE	FALSE
E502R	p.Glu502Arg	missense	0.783654024	0.913039493	NA	NA	TRUE	FALSE
E502D	p.Glu502Asp	missense	NA	NA	NA	NA	NA	NA
E502F	p.Glu502Phe	missense	0.813805272	0.609288598	NA	NA	TRUE	FALSE
E502T	p.Glu502Thr	missense	NA	NA	NA	NA	NA	NA
E502I	p.Glu502Ile	missense	1.451767812	0.107382889	-0.43238871	benign supporting	FALSE	FALSE
E502L	p.Glu502Leu	missense	NA	NA	NA	NA	NA	NA
E502K	p.Glu502Lys	missense	0.152127444	0.58561778	NA	NA	TRUE	FALSE
E502G	p.Glu502Gly	missense	1.508136547	1.247604474	NA	NA	TRUE	TRUE
E502Y	p.Glu502Tyr	missense	0.297686084	0.693925406	NA	NA	TRUE	FALSE
E502N	p.Glu502Asn	missense	NA	NA	NA	NA	NA	NA
E502C	p.Glu502Cys	missense	NA	NA	NA	NA	NA	NA
E502P	p.Glu502Pro	missense	0.506455682	0.828364187	NA	NA	TRUE	FALSE
E502E	p.Glu502=	synonymous	1.139139653	1.824451044	NA	NA	TRUE	FALSE
E502M	p.Glu502Met	missense	0.513143767	0.908341983	NA	NA	TRUE	FALSE
E502W	p.Glu502Trp	missense	0.68007268	0.415007482	NA	NA	TRUE	FALSE
E502H	p.Glu502His	missense	0.411618825	0.135958466	NA	NA	TRUE	FALSE
E502Q	p.Glu502Gln	missense	1.636843876	1.644649592	NA	NA	TRUE	TRUE
E502*	p.Glu502*	nonsense	0.46536152	0.344048595	NA	NA	TRUE	FALSE
N503S	p.Asn503Ser	missense	1.885340122	0.280569028	NA	NA	FALSE	TRUE
N503A	p.Asn503Ala	missense	-2.498059055	0.971940257	0	indeterminate	FALSE	FALSE
N503V	p.Asn503Val	missense	1.191025651	0.149953443	-0.569050069	benign supporting	FALSE	FALSE
N503R	p.Asn503Arg	missense	NA	NA	NA	NA	NA	NA
N503D	p.Asn503Asp	missense	1.063163075	0.638939695	NA	NA	TRUE	FALSE
N503F	p.Asn503Phe	missense	1.368970435	0.254235449	-0.504438344	benign supporting	FALSE	FALSE
N503T	p.Asn503Thr	missense	1.460704634	0.151316338	NA	NA	FALSE	TRUE
N503I	p.Asn503Ile	missense	1.386469883	0.302140348	-0.492833012	benign supporting	FALSE	FALSE
N503L	p.Asn503Leu	missense	NA	NA	NA	NA	NA	NA
N503K	p.Asn503Lys	missense	0.39209106	0.559806622	NA	NA	TRUE	FALSE
N503G	p.Asn503Gly	missense	1.210624985	0.209560433	-0.566968125	benign supporting	FALSE	FALSE
N503Y	p.Asn503Tyr	missense	0.859961336	1.362357411	NA	NA	TRUE	FALSE
N503N	p.Asn503=	synonymous	1.266638366	0.341358361	NA	NA	FALSE	FALSE
N503C	p.Asn503Cys	missense	1.208432572	0.225921547	-0.567276569	benign supporting	FALSE	FALSE
N503P	p.Asn503Pro	missense	NA	NA	NA	NA	NA	NA
N503E	p.Asn503Glu	missense	0.837802592	2.075449108	NA	NA	TRUE	FALSE
N503M	p.Asn503Met	missense	NA	NA	NA	NA	NA	NA
N503W	p.Asn503Trp	missense	0.835805037	0.13259801	-0.3462047	benign supporting	FALSE	FALSE
N503H	p.Asn503His	missense	NA	NA	NA	NA	NA	NA
N503Q	p.Asn503Gln	missense	NA	NA	NA	NA	NA	NA
N503*	p.Asn503*	nonsense	NA	NA	NA	NA	NA	NA
E504S	p.Glu504Ser	missense	NA	NA	NA	NA	NA	NA
E504A	p.Glu504Ala	missense	NA	NA	NA	NA	NA	NA
E504V	p.Glu504Val	missense	-0.450076454	2.025368597	NA	NA	TRUE	FALSE
E504R	p.Glu504Arg	missense	NA	NA	NA	NA	NA	NA
E504D	p.Glu504Asp	missense	NA	NA	NA	NA	NA	NA
E504F	p.Glu504Phe	missense	NA	NA	NA	NA	NA	NA
E504T	p.Glu504Thr	missense	NA	NA	NA	NA	NA	NA
E504I	p.Glu504Ile	missense	NA	NA	NA	NA	NA	NA
E504L	p.Glu504Leu	missense	0.342528329	2.374888459	NA	NA	TRUE	FALSE
E504K	p.Glu504Lys	missense	1.053287388	0.169550057	-0.540218575	benign supporting	FALSE	FALSE
E504G	p.Glu504Gly	missense	-1.2425024	1.941771442	NA	NA	TRUE	FALSE
E504Y	p.Glu504Tyr	missense	NA	NA	NA	NA	NA	NA
E504N	p.Glu504Asn	missense	0.89748493	0.304408626	-0.423417478	benign supporting	FALSE	FALSE
E504C	p.Glu504Cys	missense	NA	NA	NA	NA	NA	NA
E504P	p.Glu504Pro	missense	NA	NA	NA	NA	NA	NA
E504E	p.Glu504=	synonymous	1.683666169	0.303594543	NA	NA	FALSE	TRUE
E504M	p.Glu504Met	missense	NA	NA	NA	NA	NA	NA
E504W	p.Glu504Trp	missense	NA	NA	NA	NA	NA	NA
E504H	p.Glu504His	missense	NA	NA	NA	NA	NA	NA
E504Q	p.Glu504Gln	missense	1.450877764	0.765209177	-0.433202413	benign supporting	FALSE	FALSE
E504*	p.Glu504*	nonsense	0.733578641	0.199059261	NA	NA	FALSE	FALSE
S505S	p.Ser505=	synonymous	0.715893145	0.161419884	NA	NA	FALSE	FALSE
S505A	p.Ser505Ala	missense	NA	NA	NA	NA	NA	NA
S505V	p.Ser505Val	missense	NA	NA	NA	NA	NA	NA
S505R	p.Ser505Arg	missense	0.75997689	1.230091163	NA	NA	TRUE	FALSE
S505D	p.Ser505Asp	missense	0.715619939	0.301840682	NA	NA	TRUE	FALSE
S505F	p.Ser505Phe	missense	1.177954096	0.228813419	-0.567381036	benign supporting	FALSE	FALSE
S505T	p.Ser505Thr	missense	0.740892541	0.232770725	-0.208805985	indeterminate	FALSE	FALSE
S505I	p.Ser505Ile	missense	NA	NA	NA	NA	NA	NA
S505L	p.Ser505Leu	missense	-0.488694017	1.256862111	NA	NA	TRUE	FALSE
S505K	p.Ser505Lys	missense	NA	NA	NA	NA	NA	NA
S505G	p.Ser505Gly	missense	-1.07378031	2.10749729	NA	NA	TRUE	FALSE
S505Y	p.Ser505Tyr	missense	1.103851502	0.116268955	-0.558914525	benign supporting	FALSE	FALSE
S505N	p.Ser505Asn	missense	1.915008784	0.130681738	NA	NA	FALSE	TRUE
S505C	p.Ser505Cys	missense	1.518982296	0.522822542	NA	NA	FALSE	TRUE
S505P	p.Ser505Pro	missense	NA	NA	NA	NA	NA	NA
S505E	p.Ser505Glu	missense	1.138937851	0.223812082	-0.563512789	benign supporting	FALSE	FALSE
S505M	p.Ser505Met	missense	1.52368926	0.114654151	NA	NA	FALSE	TRUE
S505W	p.Ser505Trp	missense	0.5267768	2.357116072	NA	NA	TRUE	FALSE
S505H	p.Ser505His	missense	NA	NA	NA	NA	NA	NA
S505Q	p.Ser505Gln	missense	0.769650244	0.278718652	NA	NA	TRUE	FALSE
S505*	p.Ser505*	nonsense	NA	NA	NA	NA	NA	NA
T506S	p.Thr506Ser	missense	1.460734279	2.177039288	NA	NA	TRUE	TRUE
T506A	p.Thr506Ala	missense	1.45102883	0.39600361	-0.433064803	benign supporting	FALSE	FALSE
T506V	p.Thr506Val	missense	NA	NA	NA	NA	NA	NA
T506R	p.Thr506Arg	missense	0.860563856	0.536865158	NA	NA	TRUE	FALSE
T506D	p.Thr506Asp	missense	1.293217391	0.13969991	-0.547316945	benign supporting	FALSE	FALSE
T506F	p.Thr506Phe	missense	-0.288329587	0.239352187	0.821488161	pathogenic moderate	FALSE	FALSE
T506T	p.Thr506=	synonymous	1.159494973	0.746517238	NA	NA	TRUE	FALSE
T506I	p.Thr506Ile	missense	NA	NA	NA	NA	NA	NA
T506L	p.Thr506Leu	missense	0.657887014	0.325309849	NA	NA	TRUE	FALSE
T506K	p.Thr506Lys	missense	0.416374262	0.519338477	NA	NA	TRUE	FALSE
T506G	p.Thr506Gly	missense	1.379275777	0.20391832	-0.497847637	benign supporting	FALSE	FALSE
T506Y	p.Thr506Tyr	missense	NA	NA	NA	NA	NA	NA
T506N	p.Thr506Asn	missense	-0.068296671	2.180109671	NA	NA	TRUE	FALSE
T506C	p.Thr506Cys	missense	0.484115556	0.187618166	NA	NA	TRUE	FALSE
T506P	p.Thr506Pro	missense	1.862514868	0.400349221	NA	NA	FALSE	TRUE
T506E	p.Thr506Glu	missense	NA	NA	NA	NA	NA	NA
T506M	p.Thr506Met	missense	NA	NA	NA	NA	NA	NA
T506W	p.Thr506Trp	missense	-2.118643236	1.061826766	0	indeterminate	FALSE	FALSE
T506H	p.Thr506His	missense	0.144847699	2.520715883	NA	NA	TRUE	FALSE
T506Q	p.Thr506Gln	missense	1.122223478	0.280738578	-0.561865309	benign supporting	FALSE	FALSE
T506*	p.Thr506*	nonsense	NA	NA	NA	NA	NA	NA
A507S	p.Ala507Ser	missense	-0.060972448	0.285448895	0.558356717	pathogenic supporting	FALSE	FALSE
A507A	p.Ala507=	synonymous	1.531321316	0.858946934	NA	NA	FALSE	TRUE
A507V	p.Ala507Val	missense	0.987968213	0.096440071	-0.499823204	benign supporting	FALSE	FALSE
A507R	p.Ala507Arg	missense	1.026185513	0.184731884	-0.525177803	benign supporting	FALSE	FALSE
A507D	p.Ala507Asp	missense	NA	NA	NA	NA	NA	NA
A507F	p.Ala507Phe	missense	0.926014336	0.841244817	NA	NA	TRUE	FALSE
A507T	p.Ala507Thr	missense	1.402332065	0.088900924	-0.480463899	benign supporting	FALSE	FALSE
A507I	p.Ala507Ile	missense	NA	NA	NA	NA	NA	NA
A507L	p.Ala507Leu	missense	NA	NA	NA	NA	NA	NA
A507K	p.Ala507Lys	missense	1.262842256	0.721779311	-0.558927303	benign supporting	FALSE	FALSE
A507G	p.Ala507Gly	missense	0.286642287	1.315888943	NA	NA	TRUE	FALSE
A507Y	p.Ala507Tyr	missense	2.004274177	1.242533789	NA	NA	FALSE	TRUE
A507N	p.Ala507Asn	missense	NA	NA	NA	NA	NA	NA
A507C	p.Ala507Cys	missense	1.418066184	0.550574855	-0.466202386	benign supporting	FALSE	FALSE
A507P	p.Ala507Pro	missense	2.289333918	1.114849793	NA	NA	FALSE	TRUE
A507E	p.Ala507Glu	missense	-3.353956687	1.180128647	0	indeterminate	FALSE	FALSE
A507M	p.Ala507Met	missense	0.326538032	0.459141949	NA	NA	TRUE	FALSE
A507W	p.Ala507Trp	missense	1.927243133	0.308931701	NA	NA	FALSE	TRUE
A507H	p.Ala507His	missense	0.297087068	1.0779316	NA	NA	TRUE	FALSE
A507Q	p.Ala507Gln	missense	NA	NA	NA	NA	NA	NA
A507*	p.Ala507*	nonsense	0.219053753	0.252800652	NA	NA	FALSE	FALSE
L508S	p.Leu508Ser	missense	0.727993344	1.610403016	NA	NA	TRUE	FALSE
L508A	p.Leu508Ala	missense	1.154932502	2.164084061	NA	NA	TRUE	FALSE
L508V	p.Leu508Val	missense	0.034063637	2.303680982	NA	NA	TRUE	FALSE
L508R	p.Leu508Arg	missense	0.913240623	0.180921867	-0.440484164	benign supporting	FALSE	FALSE
L508D	p.Leu508Asp	missense	NA	NA	NA	NA	NA	NA
L508F	p.Leu508Phe	missense	-0.690597412	0.313703751	4.749055821	pathogenic very strong	FALSE	FALSE
L508T	p.Leu508Thr	missense	NA	NA	NA	NA	NA	NA
L508I	p.Leu508Ile	missense	0.927392873	0.075863639	-0.453174267	benign supporting	FALSE	FALSE
L508L	p.Leu508=	synonymous	0.817009771	1.556694284	NA	NA	TRUE	FALSE
L508K	p.Leu508Lys	missense	NA	NA	NA	NA	NA	NA
L508G	p.Leu508Gly	missense	-1.34365471	1.464898534	4.086026	pathogenic very strong	FALSE	FALSE
L508Y	p.Leu508Tyr	missense	1.421742781	0.126429598	-0.462552203	benign supporting	FALSE	FALSE
L508N	p.Leu508Asn	missense	NA	NA	NA	NA	NA	NA
L508C	p.Leu508Cys	missense	NA	NA	NA	NA	NA	NA
L508P	p.Leu508Pro	missense	1.802097465	0.279986137	NA	NA	FALSE	TRUE
L508E	p.Leu508Glu	missense	NA	NA	NA	NA	NA	NA
L508M	p.Leu508Met	missense	NA	NA	NA	NA	NA	NA
L508W	p.Leu508Trp	missense	NA	NA	NA	NA	NA	NA
L508H	p.Leu508His	missense	NA	NA	NA	NA	NA	NA
L508Q	p.Leu508Gln	missense	NA	NA	NA	NA	NA	NA
L508*	p.Leu508*	nonsense	NA	NA	NA	NA	NA	NA
P509S	p.Pro509Ser	missense	0.96554131	0.822757597	NA	NA	TRUE	FALSE
P509A	p.Pro509Ala	missense	0.089592822	1.415534457	NA	NA	TRUE	FALSE
P509V	p.Pro509Val	missense	0.160450378	1.789465428	NA	NA	TRUE	FALSE
P509R	p.Pro509Arg	missense	0.215350988	1.144048927	NA	NA	TRUE	FALSE
P509D	p.Pro509Asp	missense	NA	NA	NA	NA	NA	NA
P509F	p.Pro509Phe	missense	-0.251753676	2.219315768	NA	NA	TRUE	FALSE
P509T	p.Pro509Thr	missense	-0.734565165	2.51009526	NA	NA	TRUE	FALSE
P509I	p.Pro509Ile	missense	NA	NA	NA	NA	NA	NA
P509L	p.Pro509Leu	missense	1.22859878	1.2194042	NA	NA	TRUE	FALSE
P509K	p.Pro509Lys	missense	NA	NA	NA	NA	NA	NA
P509G	p.Pro509Gly	missense	NA	NA	NA	NA	NA	NA
P509Y	p.Pro509Tyr	missense	1.762442839	0.341356376	NA	NA	FALSE	TRUE
P509N	p.Pro509Asn	missense	NA	NA	NA	NA	NA	NA
P509C	p.Pro509Cys	missense	NA	NA	NA	NA	NA	NA
P509P	p.Pro509=	synonymous	0.759822993	0.391283169	NA	NA	TRUE	FALSE
P509E	p.Pro509Glu	missense	-0.30498041	0.259643004	0.871701626	pathogenic moderate	FALSE	FALSE
P509M	p.Pro509Met	missense	0.417200262	2.244997114	NA	NA	TRUE	FALSE
P509W	p.Pro509Trp	missense	NA	NA	NA	NA	NA	NA
P509H	p.Pro509His	missense	0.595638662	2.242013976	NA	NA	TRUE	FALSE
P509Q	p.Pro509Gln	missense	-0.337270157	1.591420664	NA	NA	TRUE	FALSE
P509*	p.Pro509*	nonsense	0.949396899	0.233196236	NA	NA	FALSE	FALSE
Q510S	p.Gln510Ser	missense	0.712942169	0.182737552	-0.16564301	indeterminate	FALSE	FALSE
Q510A	p.Gln510Ala	missense	-0.476814014	0.694489535	1.527243262	pathogenic strong	FALSE	FALSE
Q510V	p.Gln510Val	missense	0.402001532	0.996644426	NA	NA	TRUE	FALSE
Q510R	p.Gln510Arg	missense	1.10138195	0.248361994	-0.55842859	benign supporting	FALSE	FALSE
Q510D	p.Gln510Asp	missense	NA	NA	NA	NA	NA	NA
Q510F	p.Gln510Phe	missense	NA	NA	NA	NA	NA	NA
Q510T	p.Gln510Thr	missense	0.890727825	1.277941549	NA	NA	TRUE	FALSE
Q510I	p.Gln510Ile	missense	-2.678832168	1.080270418	0	indeterminate	FALSE	FALSE
Q510L	p.Gln510Leu	missense	0.814630303	0.154393555	-0.31588045	indeterminate	FALSE	FALSE
Q510K	p.Gln510Lys	missense	0.999102916	0.118514542	-0.507741864	benign supporting	FALSE	FALSE
Q510G	p.Gln510Gly	missense	-0.169002754	1.091795683	NA	NA	TRUE	FALSE
Q510Y	p.Gln510Tyr	missense	1.343943569	0.161512157	-0.52120993	benign supporting	FALSE	FALSE
Q510N	p.Gln510Asn	missense	NA	NA	NA	NA	NA	NA
Q510C	p.Gln510Cys	missense	NA	NA	NA	NA	NA	NA
Q510P	p.Gln510Pro	missense	1.634541426	0.120989921	NA	NA	FALSE	TRUE
Q510E	p.Gln510Glu	missense	0.92205934	0.157690875	-0.448500642	benign supporting	FALSE	FALSE
Q510M	p.Gln510Met	missense	NA	NA	NA	NA	NA	NA
Q510W	p.Gln510Trp	missense	NA	NA	NA	NA	NA	NA
Q510H	p.Gln510His	missense	0.819943835	0.104662401	-0.323037739	benign supporting	FALSE	FALSE
Q510Q	p.Gln510=	synonymous	0.402767121	0.329454489	NA	NA	TRUE	FALSE
Q510*	p.Gln510*	nonsense	0.755004666	0.103507945	NA	NA	FALSE	FALSE
V511S	p.Val511Ser	missense	0.654535739	0.287062152	NA	NA	TRUE	FALSE
V511A	p.Val511Ala	missense	0.871596205	0.51830658	NA	NA	TRUE	FALSE
V511V	p.Val511=	synonymous	0.904265587	2.707071169	NA	NA	TRUE	FALSE
V511R	p.Val511Arg	missense	2.101106991	0.881972036	NA	NA	FALSE	TRUE
V511D	p.Val511Asp	missense	1.390996723	1.717855295	NA	NA	TRUE	FALSE
V511F	p.Val511Phe	missense	1.200340038	0.157966081	-0.568248458	benign supporting	FALSE	FALSE
V511T	p.Val511Thr	missense	NA	NA	NA	NA	NA	NA
V511I	p.Val511Ile	missense	1.376891843	0.51315709	-0.499432818	benign supporting	FALSE	FALSE
V511L	p.Val511Leu	missense	0.508676538	0.9720027	NA	NA	TRUE	FALSE
V511K	p.Val511Lys	missense	NA	NA	NA	NA	NA	NA
V511G	p.Val511Gly	missense	0.61360839	0.165572795	NA	NA	TRUE	FALSE
V511Y	p.Val511Tyr	missense	NA	NA	NA	NA	NA	NA
V511N	p.Val511Asn	missense	1.338534727	0.132126101	-0.524350505	benign supporting	FALSE	FALSE
V511C	p.Val511Cys	missense	1.586568052	0.869093302	NA	NA	FALSE	TRUE
V511P	p.Val511Pro	missense	1.484598422	2.197961986	NA	NA	TRUE	TRUE
V511E	p.Val511Glu	missense	-2.356056633	0.914731206	0	indeterminate	FALSE	FALSE
V511M	p.Val511Met	missense	0.178196154	0.292609372	0.583385757	pathogenic supporting	FALSE	FALSE
V511W	p.Val511Trp	missense	NA	NA	NA	NA	NA	NA
V511H	p.Val511His	missense	NA	NA	NA	NA	NA	NA
V511Q	p.Val511Gln	missense	-0.014618215	2.534833658	NA	NA	TRUE	FALSE
V511*	p.Val511*	nonsense	0.142652162	0.261295832	NA	NA	FALSE	FALSE
L512S	p.Leu512Ser	missense	NA	NA	NA	NA	NA	NA
L512A	p.Leu512Ala	missense	0.971607579	0.61281638	NA	NA	TRUE	FALSE
L512V	p.Leu512Val	missense	1.643591451	0.935977437	NA	NA	FALSE	TRUE
L512R	p.Leu512Arg	missense	NA	NA	NA	NA	NA	NA
L512D	p.Leu512Asp	missense	-0.301502525	2.218798317	NA	NA	TRUE	FALSE
L512F	p.Leu512Phe	missense	0.234493914	0.294452328	NA	NA	TRUE	FALSE
L512T	p.Leu512Thr	missense	1.158780481	0.312087401	-0.56586061	benign supporting	FALSE	FALSE
L512I	p.Leu512Ile	missense	1.059780481	0.082752905	-0.543483685	benign supporting	FALSE	FALSE
L512L	p.Leu512=	synonymous	1.033900873	0.319818511	NA	NA	FALSE	FALSE
L512K	p.Leu512Lys	missense	1.46154751	0.189914306	NA	NA	FALSE	TRUE
L512G	p.Leu512Gly	missense	0.131225573	1.03366644	NA	NA	TRUE	FALSE
L512Y	p.Leu512Tyr	missense	NA	NA	NA	NA	NA	NA
L512N	p.Leu512Asn	missense	0.832794731	0.232975163	-0.341636376	benign supporting	FALSE	FALSE
L512C	p.Leu512Cys	missense	NA	NA	NA	NA	NA	NA
L512P	p.Leu512Pro	missense	1.676861938	0.271522558	NA	NA	FALSE	TRUE
L512E	p.Leu512Glu	missense	NA	NA	NA	NA	NA	NA
L512M	p.Leu512Met	missense	1.472373252	2.472481982	NA	NA	TRUE	TRUE
L512W	p.Leu512Trp	missense	NA	NA	NA	NA	NA	NA
L512H	p.Leu512His	missense	-0.624403968	0.315011407	4.789651123	pathogenic very strong	FALSE	FALSE
L512Q	p.Leu512Gln	missense	1.2757988	1.418907478	NA	NA	TRUE	FALSE
L512*	p.Leu512*	nonsense	NA	NA	NA	NA	NA	NA
A513S	p.Ala513Ser	missense	0.470382755	0.842367477	NA	NA	TRUE	FALSE
A513A	p.Ala513=	synonymous	0.961746908	0.423761839	NA	NA	FALSE	FALSE
A513V	p.Ala513Val	missense	0.632938339	0.917603901	NA	NA	TRUE	FALSE
A513R	p.Ala513Arg	missense	NA	NA	NA	NA	NA	NA
A513D	p.Ala513Asp	missense	0.754939957	0.148625479	-0.229970376	indeterminate	FALSE	FALSE
A513F	p.Ala513Phe	missense	0.754438491	2.329562469	NA	NA	TRUE	FALSE
A513T	p.Ala513Thr	missense	NA	NA	NA	NA	NA	NA
A513I	p.Ala513Ile	missense	NA	NA	NA	NA	NA	NA
A513L	p.Ala513Leu	missense	1.928278959	1.896658141	NA	NA	TRUE	TRUE
A513K	p.Ala513Lys	missense	NA	NA	NA	NA	NA	NA
A513G	p.Ala513Gly	missense	1.095867031	0.795155739	NA	NA	TRUE	FALSE
A513Y	p.Ala513Tyr	missense	0.407560749	1.796351394	NA	NA	TRUE	FALSE
A513N	p.Ala513Asn	missense	1.688250652	0.390426753	NA	NA	FALSE	TRUE
A513C	p.Ala513Cys	missense	-0.145900662	0.435349341	0.603332795	pathogenic supporting	FALSE	FALSE
A513P	p.Ala513Pro	missense	NA	NA	NA	NA	NA	NA
A513E	p.Ala513Glu	missense	NA	NA	NA	NA	NA	NA
A513M	p.Ala513Met	missense	NA	NA	NA	NA	NA	NA
A513W	p.Ala513Trp	missense	NA	NA	NA	NA	NA	NA
A513H	p.Ala513His	missense	-0.332443185	0.953526542	NA	NA	TRUE	FALSE
A513Q	p.Ala513Gln	missense	NA	NA	NA	NA	NA	NA
A513*	p.Ala513*	nonsense	NA	NA	NA	NA	NA	NA
Q514S	p.Gln514Ser	missense	-0.29487294	0.967910115	NA	NA	TRUE	FALSE
Q514A	p.Gln514Ala	missense	1.10666385	0.272102506	-0.559442298	benign supporting	FALSE	FALSE
Q514V	p.Gln514Val	missense	1.22012575	0.248774348	-0.565403235	benign supporting	FALSE	FALSE
Q514R	p.Gln514Arg	missense	0.866991702	0.279275603	-0.386346677	benign supporting	FALSE	FALSE
Q514D	p.Gln514Asp	missense	NA	NA	NA	NA	NA	NA
Q514F	p.Gln514Phe	missense	NA	NA	NA	NA	NA	NA
Q514T	p.Gln514Thr	missense	0.401556992	0.208997918	NA	NA	TRUE	FALSE
Q514I	p.Gln514Ile	missense	0.224798664	0.527442804	NA	NA	TRUE	FALSE
Q514L	p.Gln514Leu	missense	0.948277755	0.242016852	-0.470284473	benign supporting	FALSE	FALSE
Q514K	p.Gln514Lys	missense	1.060793635	0.151439416	-0.543981654	benign supporting	FALSE	FALSE
Q514G	p.Gln514Gly	missense	NA	NA	NA	NA	NA	NA
Q514Y	p.Gln514Tyr	missense	0.797584282	0.990774009	NA	NA	TRUE	FALSE
Q514N	p.Gln514Asn	missense	0.818677016	0.516636286	NA	NA	TRUE	FALSE
Q514C	p.Gln514Cys	missense	0.215352797	0.325322458	NA	NA	TRUE	FALSE
Q514P	p.Gln514Pro	missense	1.267585596	0.64005045	-0.557737157	benign supporting	FALSE	FALSE
Q514E	p.Gln514Glu	missense	NA	NA	NA	NA	NA	NA
Q514M	p.Gln514Met	missense	0.829996216	0.259276199	-0.337397506	benign supporting	FALSE	FALSE
Q514W	p.Gln514Trp	missense	0.700534897	0.15189702	-0.147359624	indeterminate	FALSE	FALSE
Q514H	p.Gln514His	missense	-0.034108726	2.576661339	NA	NA	TRUE	FALSE
Q514Q	p.Gln514=	synonymous	0.891236958	0.116013864	NA	NA	FALSE	FALSE
Q514*	p.Gln514*	nonsense	0.831607171	0.141001888	NA	NA	FALSE	FALSE
P515S	p.Pro515Ser	missense	0.979472855	0.249233502	-0.493469111	benign supporting	FALSE	FALSE
P515A	p.Pro515Ala	missense	0.699169269	0.163749883	-0.145272578	indeterminate	FALSE	FALSE
P515V	p.Pro515Val	missense	0.250159483	0.8421963	NA	NA	TRUE	FALSE
P515R	p.Pro515Arg	missense	-1.075488349	0.652854834	4.399549786	pathogenic very strong	FALSE	FALSE
P515D	p.Pro515Asp	missense	1.306455018	2.265699587	NA	NA	TRUE	FALSE
P515F	p.Pro515Phe	missense	-1.606811964	1.053121193	3.891300648	pathogenic very strong	FALSE	FALSE
P515T	p.Pro515Thr	missense	0.967384086	1.127914683	NA	NA	TRUE	FALSE
P515I	p.Pro515Ile	missense	-2.650665385	1.281279955	0	indeterminate	FALSE	FALSE
P515L	p.Pro515Leu	missense	1.390039819	0.209483737	-0.490211303	benign supporting	FALSE	FALSE
P515K	p.Pro515Lys	missense	NA	NA	NA	NA	NA	NA
P515G	p.Pro515Gly	missense	NA	NA	NA	NA	NA	NA
P515Y	p.Pro515Tyr	missense	-2.258844603	1.159807402	0	indeterminate	FALSE	FALSE
P515N	p.Pro515Asn	missense	2.031480019	0.348781567	NA	NA	FALSE	TRUE
P515C	p.Pro515Cys	missense	0.849260542	0.180813577	-0.364418944	benign supporting	FALSE	FALSE
P515P	p.Pro515=	synonymous	1.369447305	0.200734183	NA	NA	FALSE	FALSE
P515E	p.Pro515Glu	missense	NA	NA	NA	NA	NA	NA
P515M	p.Pro515Met	missense	NA	NA	NA	NA	NA	NA
P515W	p.Pro515Trp	missense	-0.380801107	0.575497457	1.049416681	pathogenic moderate	FALSE	FALSE
P515H	p.Pro515His	missense	0.863793833	0.151029923	-0.38252623	benign supporting	FALSE	FALSE
P515Q	p.Pro515Gln	missense	NA	NA	NA	NA	NA	NA
P515*	p.Pro515*	nonsense	NA	NA	NA	NA	NA	NA
S516S	p.Ser516=	synonymous	1.016384363	1.629380749	NA	NA	TRUE	FALSE
S516A	p.Ser516Ala	missense	2.493076607	0.559727173	NA	NA	FALSE	TRUE
S516V	p.Ser516Val	missense	NA	NA	NA	NA	NA	NA
S516R	p.Ser516Arg	missense	NA	NA	NA	NA	NA	NA
S516D	p.Ser516Asp	missense	NA	NA	NA	NA	NA	NA
S516F	p.Ser516Phe	missense	0.856368701	0.085634446	-0.373431729	benign supporting	FALSE	FALSE
S516T	p.Ser516Thr	missense	1.109680577	3.107985676	NA	NA	TRUE	FALSE
S516I	p.Ser516Ile	missense	NA	NA	NA	NA	NA	NA
S516L	p.Ser516Leu	missense	NA	NA	NA	NA	NA	NA
S516K	p.Ser516Lys	missense	NA	NA	NA	NA	NA	NA
S516G	p.Ser516Gly	missense	NA	NA	NA	NA	NA	NA
S516Y	p.Ser516Tyr	missense	1.120799752	0.135902516	-0.561678862	benign supporting	FALSE	FALSE
S516N	p.Ser516Asn	missense	0.258645844	0.482233981	NA	NA	TRUE	FALSE
S516C	p.Ser516Cys	missense	0.162408839	2.549369241	NA	NA	TRUE	FALSE
S516P	p.Ser516Pro	missense	0.359261123	0.65980152	NA	NA	TRUE	FALSE
S516E	p.Ser516Glu	missense	NA	NA	NA	NA	NA	NA
S516M	p.Ser516Met	missense	NA	NA	NA	NA	NA	NA
S516W	p.Ser516Trp	missense	NA	NA	NA	NA	NA	NA
S516H	p.Ser516His	missense	NA	NA	NA	NA	NA	NA
S516Q	p.Ser516Gln	missense	3.228481413	0.212063514	NA	NA	FALSE	TRUE
S516*	p.Ser516*	nonsense	0.963207514	0.156576116	NA	NA	FALSE	FALSE
T517S	p.Thr517Ser	missense	0.853162116	1.31033231	NA	NA	TRUE	FALSE
T517A	p.Thr517Ala	missense	NA	NA	NA	NA	NA	NA
T517V	p.Thr517Val	missense	1.405998216	0.190770572	-0.477328425	benign supporting	FALSE	FALSE
T517R	p.Thr517Arg	missense	1.487033861	0.140326342	NA	NA	FALSE	TRUE
T517D	p.Thr517Asp	missense	0.878176599	0.086215137	-0.40037915	benign supporting	FALSE	FALSE
T517F	p.Thr517Phe	missense	NA	NA	NA	NA	NA	NA
T517T	p.Thr517=	synonymous	0.763167957	1.647715635	NA	NA	TRUE	FALSE
T517I	p.Thr517Ile	missense	NA	NA	NA	NA	NA	NA
T517L	p.Thr517Leu	missense	0.728231163	0.172712357	-0.188512376	indeterminate	FALSE	FALSE
T517K	p.Thr517Lys	missense	0.551655497	0.583213573	NA	NA	TRUE	FALSE
T517G	p.Thr517Gly	missense	NA	NA	NA	NA	NA	NA
T517Y	p.Thr517Tyr	missense	0.728710815	0.249258336	NA	NA	TRUE	FALSE
T517N	p.Thr517Asn	missense	1.334717789	0.105242276	-0.526464453	benign supporting	FALSE	FALSE
T517C	p.Thr517Cys	missense	0.783408642	0.145035071	-0.271366616	indeterminate	FALSE	FALSE
T517P	p.Thr517Pro	missense	-1.387441362	0.769513016	4.029055913	pathogenic very strong	FALSE	FALSE
T517E	p.Thr517Glu	missense	1.262512983	0.146867902	-0.559006174	benign supporting	FALSE	FALSE
T517M	p.Thr517Met	missense	NA	NA	NA	NA	NA	NA
T517W	p.Thr517Trp	missense	1.620663923	0.242177987	NA	NA	FALSE	TRUE
T517H	p.Thr517His	missense	NA	NA	NA	NA	NA	NA
T517Q	p.Thr517Gln	missense	NA	NA	NA	NA	NA	NA
T517*	p.Thr517*	nonsense	1.612913615	2.391332351	NA	NA	TRUE	TRUE
S518S	p.Ser518=	synonymous	1.214281416	1.035530853	NA	NA	TRUE	FALSE
S518A	p.Ser518Ala	missense	0.975883857	0.509732398	NA	NA	TRUE	FALSE
S518V	p.Ser518Val	missense	0.886771324	0.136148567	-0.410881706	benign supporting	FALSE	FALSE
S518R	p.Ser518Arg	missense	1.608833523	0.400815902	NA	NA	FALSE	TRUE
S518D	p.Ser518Asp	missense	0.647182181	0.386737901	NA	NA	TRUE	FALSE
S518F	p.Ser518Phe	missense	NA	NA	NA	NA	NA	NA
S518T	p.Ser518Thr	missense	NA	NA	NA	NA	NA	NA
S518I	p.Ser518Ile	missense	1.181760171	0.127596981	-0.567941336	benign supporting	FALSE	FALSE
S518L	p.Ser518Leu	missense	NA	NA	NA	NA	NA	NA
S518K	p.Ser518Lys	missense	NA	NA	NA	NA	NA	NA
S518G	p.Ser518Gly	missense	1.136963696	0.177055506	-0.563370762	benign supporting	FALSE	FALSE
S518Y	p.Ser518Tyr	missense	-1.679442251	1.138829121	3.817307928	pathogenic very strong	FALSE	FALSE
S518N	p.Ser518Asn	missense	1.427479642	0.110947648	-0.456596252	benign supporting	FALSE	FALSE
S518C	p.Ser518Cys	missense	0.45584474	0.730082722	NA	NA	TRUE	FALSE
S518P	p.Ser518Pro	missense	0.360370008	0.567501662	NA	NA	TRUE	FALSE
S518E	p.Ser518Glu	missense	NA	NA	NA	NA	NA	NA
S518M	p.Ser518Met	missense	-1.43333881	1.584423158	4.007770869	pathogenic very strong	FALSE	FALSE
S518W	p.Ser518Trp	missense	NA	NA	NA	NA	NA	NA
S518H	p.Ser518His	missense	NA	NA	NA	NA	NA	NA
S518Q	p.Ser518Gln	missense	NA	NA	NA	NA	NA	NA
S518*	p.Ser518*	nonsense	1.241363563	0.188507416	NA	NA	FALSE	FALSE
R519S	p.Arg519Ser	missense	1.507709274	0.238719794	NA	NA	FALSE	TRUE
R519A	p.Arg519Ala	missense	0.335180756	1.600145338	NA	NA	TRUE	FALSE
R519V	p.Arg519Val	missense	0.964538	0.292519449	-0.482381725	benign supporting	FALSE	FALSE
R519R	p.Arg519=	synonymous	1.138150903	0.119714099	NA	NA	FALSE	FALSE
R519D	p.Arg519Asp	missense	0.698199333	0.147207589	-0.143780861	indeterminate	FALSE	FALSE
R519F	p.Arg519Phe	missense	NA	NA	NA	NA	NA	NA
R519T	p.Arg519Thr	missense	-0.303158661	0.844658486	NA	NA	TRUE	FALSE
R519I	p.Arg519Ile	missense	-1.006624091	2.017889928	NA	NA	TRUE	FALSE
R519L	p.Arg519Leu	missense	0.400044864	0.451734615	NA	NA	TRUE	FALSE
R519K	p.Arg519Lys	missense	NA	NA	NA	NA	NA	NA
R519G	p.Arg519Gly	missense	0.506243283	2.100964356	NA	NA	TRUE	FALSE
R519Y	p.Arg519Tyr	missense	1.37443492	0.535983415	-0.501027878	benign supporting	FALSE	FALSE
R519N	p.Arg519Asn	missense	1.042098218	0.171313703	-0.53428891	benign supporting	FALSE	FALSE
R519C	p.Arg519Cys	missense	1.350201106	0.10240208	-0.517356861	benign supporting	FALSE	FALSE
R519P	p.Arg519Pro	missense	1.284137971	0.201935474	-0.551248902	benign supporting	FALSE	FALSE
R519E	p.Arg519Glu	missense	NA	NA	NA	NA	NA	NA
R519M	p.Arg519Met	missense	1.083217574	1.246203519	NA	NA	TRUE	FALSE
R519W	p.Arg519Trp	missense	0.993998481	0.183316747	-0.504168252	benign supporting	FALSE	FALSE
R519H	p.Arg519His	missense	1.176089403	0.319266365	-0.567219974	benign supporting	FALSE	FALSE
R519Q	p.Arg519Gln	missense	0.701176804	0.153117152	-0.148335332	indeterminate	FALSE	FALSE
R519*	p.Arg519*	nonsense	1.251648704	0.109693658	NA	NA	FALSE	FALSE
K520S	p.Lys520Ser	missense	0.737083902	0.456179476	NA	NA	TRUE	FALSE
K520A	p.Lys520Ala	missense	0.521963066	0.578010334	NA	NA	TRUE	FALSE
K520V	p.Lys520Val	missense	1.560938689	0.142429123	NA	NA	FALSE	TRUE
K520R	p.Lys520Arg	missense	1.205357132	0.391805127	-0.567676606	benign supporting	FALSE	FALSE
K520D	p.Lys520Asp	missense	NA	NA	NA	NA	NA	NA
K520F	p.Lys520Phe	missense	1.059405367	0.159225707	-0.54329853	benign supporting	FALSE	FALSE
K520T	p.Lys520Thr	missense	-1.194091281	0.668985124	4.245528488	pathogenic very strong	FALSE	FALSE
K520I	p.Lys520Ile	missense	-0.742676437	0.915125616	4.709803568	pathogenic very strong	FALSE	FALSE
K520L	p.Lys520Leu	missense	0.683152944	1.115991364	NA	NA	TRUE	FALSE
K520K	p.Lys520=	synonymous	0.610814463	0.794172549	NA	NA	TRUE	FALSE
K520G	p.Lys520Gly	missense	1.631317083	0.20518565	NA	NA	FALSE	TRUE
K520Y	p.Lys520Tyr	missense	NA	NA	NA	NA	NA	NA
K520N	p.Lys520Asn	missense	0.929167732	0.071474394	-0.45470117	benign supporting	FALSE	FALSE
K520C	p.Lys520Cys	missense	NA	NA	NA	NA	NA	NA
K520P	p.Lys520Pro	missense	1.098062341	0.258908172	-0.557742336	benign supporting	FALSE	FALSE
K520E	p.Lys520Glu	missense	1.041588159	0.61708376	NA	NA	TRUE	FALSE
K520M	p.Lys520Met	missense	0.694822928	0.391762053	NA	NA	TRUE	FALSE
K520W	p.Lys520Trp	missense	NA	NA	NA	NA	NA	NA
K520H	p.Lys520His	missense	0.955017047	0.193849506	-0.475422793	benign supporting	FALSE	FALSE
K520Q	p.Lys520Gln	missense	0.852365088	0.255611617	-0.368393315	benign supporting	FALSE	FALSE
K520*	p.Lys520*	nonsense	0.936787719	0.588927016	NA	NA	TRUE	FALSE
R521S	p.Arg521Ser	missense	NA	NA	NA	NA	NA	NA
R521A	p.Arg521Ala	missense	NA	NA	NA	NA	NA	NA
R521V	p.Arg521Val	missense	0.940796103	2.38617735	NA	NA	TRUE	FALSE
R521R	p.Arg521=	synonymous	1.236198393	0.162922251	NA	NA	FALSE	FALSE
R521D	p.Arg521Asp	missense	NA	NA	NA	NA	NA	NA
R521F	p.Arg521Phe	missense	NA	NA	NA	NA	NA	NA
R521T	p.Arg521Thr	missense	NA	NA	NA	NA	NA	NA
R521I	p.Arg521Ile	missense	NA	NA	NA	NA	NA	NA
R521L	p.Arg521Leu	missense	NA	NA	NA	NA	NA	NA
R521K	p.Arg521Lys	missense	NA	NA	NA	NA	NA	NA
R521G	p.Arg521Gly	missense	0.692169176	2.312456675	NA	NA	TRUE	FALSE
R521Y	p.Arg521Tyr	missense	NA	NA	NA	NA	NA	NA
R521N	p.Arg521Asn	missense	NA	NA	NA	NA	NA	NA
R521C	p.Arg521Cys	missense	-1.029393994	1.324927572	4.446946131	pathogenic very strong	FALSE	FALSE
R521P	p.Arg521Pro	missense	NA	NA	NA	NA	NA	NA
R521E	p.Arg521Glu	missense	NA	NA	NA	NA	NA	NA
R521M	p.Arg521Met	missense	NA	NA	NA	NA	NA	NA
R521W	p.Arg521Trp	missense	0.882452173	0.105590396	-0.405655294	benign supporting	FALSE	FALSE
R521H	p.Arg521His	missense	NA	NA	NA	NA	NA	NA
R521Q	p.Arg521Gln	missense	1.471482297	0.108686472	NA	NA	FALSE	TRUE
R521*	p.Arg521*	nonsense	NA	NA	NA	NA	NA	NA
P522S	p.Pro522Ser	missense	0.71592862	1.74949771	NA	NA	TRUE	FALSE
P522A	p.Pro522Ala	missense	1.847848694	0.323323337	NA	NA	FALSE	TRUE
P522V	p.Pro522Val	missense	0.349944129	0.457968338	NA	NA	TRUE	FALSE
P522R	p.Pro522Arg	missense	-0.663784258	2.847715132	NA	NA	TRUE	FALSE
P522D	p.Pro522Asp	missense	NA	NA	NA	NA	NA	NA
P522F	p.Pro522Phe	missense	NA	NA	NA	NA	NA	NA
P522T	p.Pro522Thr	missense	0.835644136	0.412879908	NA	NA	TRUE	FALSE
P522I	p.Pro522Ile	missense	1.474211749	0.267796218	NA	NA	FALSE	TRUE
P522L	p.Pro522Leu	missense	1.280937468	0.134844625	-0.552538534	benign supporting	FALSE	FALSE
P522K	p.Pro522Lys	missense	NA	NA	NA	NA	NA	NA
P522G	p.Pro522Gly	missense	-0.179612627	0.382638176	0.634979364	pathogenic supporting	FALSE	FALSE
P522Y	p.Pro522Tyr	missense	-0.757353793	2.197760167	NA	NA	TRUE	FALSE
P522N	p.Pro522Asn	missense	NA	NA	NA	NA	NA	NA
P522C	p.Pro522Cys	missense	NA	NA	NA	NA	NA	NA
P522P	p.Pro522=	synonymous	1.029354065	0.233025441	NA	NA	FALSE	FALSE
P522E	p.Pro522Glu	missense	NA	NA	NA	NA	NA	NA
P522M	p.Pro522Met	missense	1.595569716	1.593558561	NA	NA	TRUE	TRUE
P522W	p.Pro522Trp	missense	NA	NA	NA	NA	NA	NA
P522H	p.Pro522His	missense	1.470628127	0.187918614	NA	NA	FALSE	TRUE
P522Q	p.Pro522Gln	missense	1.30494101	0.937550705	NA	NA	TRUE	FALSE
P522*	p.Pro522*	nonsense	NA	NA	NA	NA	NA	NA
R523S	p.Arg523Ser	missense	1.144429498	0.185224483	-0.563956701	benign supporting	FALSE	FALSE
R523A	p.Arg523Ala	missense	NA	NA	NA	NA	NA	NA
R523V	p.Arg523Val	missense	1.160743541	1.679269592	NA	NA	TRUE	FALSE
R523R	p.Arg523=	synonymous	1.535746728	1.441488442	NA	NA	TRUE	TRUE
R523D	p.Arg523Asp	missense	0.659433172	0.232472428	NA	NA	TRUE	FALSE
R523F	p.Arg523Phe	missense	NA	NA	NA	NA	NA	NA
R523T	p.Arg523Thr	missense	NA	NA	NA	NA	NA	NA
R523I	p.Arg523Ile	missense	NA	NA	NA	NA	NA	NA
R523L	p.Arg523Leu	missense	1.196912724	0.155519439	-0.568582343	benign supporting	FALSE	FALSE
R523K	p.Arg523Lys	missense	NA	NA	NA	NA	NA	NA
R523G	p.Arg523Gly	missense	1.037703916	0.360204631	-0.531853523	benign supporting	FALSE	FALSE
R523Y	p.Arg523Tyr	missense	NA	NA	NA	NA	NA	NA
R523N	p.Arg523Asn	missense	NA	NA	NA	NA	NA	NA
R523C	p.Arg523Cys	missense	0.948780495	0.121899501	-0.470674011	benign supporting	FALSE	FALSE
R523P	p.Arg523Pro	missense	NA	NA	NA	NA	NA	NA
R523E	p.Arg523Glu	missense	NA	NA	NA	NA	NA	NA
R523M	p.Arg523Met	missense	NA	NA	NA	NA	NA	NA
R523W	p.Arg523Trp	missense	NA	NA	NA	NA	NA	NA
R523H	p.Arg523His	missense	0.95162604	0.145410389	-0.472859799	benign supporting	FALSE	FALSE
R523Q	p.Arg523Gln	missense	NA	NA	NA	NA	NA	NA
R523*	p.Arg523*	nonsense	NA	NA	NA	NA	NA	NA
E524S	p.Glu524Ser	missense	NA	NA	NA	NA	NA	NA
E524A	p.Glu524Ala	missense	0.249152832	0.943602184	NA	NA	TRUE	FALSE
E524V	p.Glu524Val	missense	0.73968923	1.287532175	NA	NA	TRUE	FALSE
E524R	p.Glu524Arg	missense	-1.220703718	2.22755881	NA	NA	TRUE	FALSE
E524D	p.Glu524Asp	missense	0.932230105	1.336280044	NA	NA	TRUE	FALSE
E524F	p.Glu524Phe	missense	NA	NA	NA	NA	NA	NA
E524T	p.Glu524Thr	missense	NA	NA	NA	NA	NA	NA
E524I	p.Glu524Ile	missense	-1.105177811	2.21996137	NA	NA	TRUE	FALSE
E524L	p.Glu524Leu	missense	NA	NA	NA	NA	NA	NA
E524K	p.Glu524Lys	missense	1.064876192	0.625702786	NA	NA	TRUE	FALSE
E524G	p.Glu524Gly	missense	0.89125103	0.496985272	NA	NA	TRUE	FALSE
E524Y	p.Glu524Tyr	missense	NA	NA	NA	NA	NA	NA
E524N	p.Glu524Asn	missense	NA	NA	NA	NA	NA	NA
E524C	p.Glu524Cys	missense	NA	NA	NA	NA	NA	NA
E524P	p.Glu524Pro	missense	1.133384964	1.237791676	NA	NA	TRUE	FALSE
E524E	p.Glu524=	synonymous	0.853721853	0.266993151	NA	NA	FALSE	FALSE
E524M	p.Glu524Met	missense	1.219017264	2.347322849	NA	NA	TRUE	FALSE
E524W	p.Glu524Trp	missense	NA	NA	NA	NA	NA	NA
E524H	p.Glu524His	missense	NA	NA	NA	NA	NA	NA
E524Q	p.Glu524Gln	missense	1.155443543	1.505366846	NA	NA	TRUE	FALSE
E524*	p.Glu524*	nonsense	1.423093757	0.118489215	NA	NA	FALSE	FALSE
G525S	p.Gly525Ser	missense	0.193219697	1.832156291	NA	NA	TRUE	FALSE
G525A	p.Gly525Ala	missense	0.845440965	1.576125366	NA	NA	TRUE	FALSE
G525V	p.Gly525Val	missense	0.347253978	0.958431615	NA	NA	TRUE	FALSE
G525R	p.Gly525Arg	missense	1.198195275	0.140519861	-0.568462748	benign supporting	FALSE	FALSE
G525D	p.Gly525Asp	missense	NA	NA	NA	NA	NA	NA
G525F	p.Gly525Phe	missense	NA	NA	NA	NA	NA	NA
G525T	p.Gly525Thr	missense	0.324677159	0.285139747	NA	NA	TRUE	FALSE
G525I	p.Gly525Ile	missense	NA	NA	NA	NA	NA	NA
G525L	p.Gly525Leu	missense	0.985838124	0.183897027	-0.498255891	benign supporting	FALSE	FALSE
G525K	p.Gly525Lys	missense	NA	NA	NA	NA	NA	NA
G525G	p.Gly525=	synonymous	1.254099531	0.135546959	NA	NA	FALSE	FALSE
G525Y	p.Gly525Tyr	missense	-2.789091695	1.093672243	0	indeterminate	FALSE	FALSE
G525N	p.Gly525Asn	missense	0.644553216	2.365518559	NA	NA	TRUE	FALSE
G525C	p.Gly525Cys	missense	NA	NA	NA	NA	NA	NA
G525P	p.Gly525Pro	missense	0.206396036	0.956270964	NA	NA	TRUE	FALSE
G525E	p.Gly525Glu	missense	1.267366704	0.1983907	-0.55779432	benign supporting	FALSE	FALSE
G525M	p.Gly525Met	missense	NA	NA	NA	NA	NA	NA
G525W	p.Gly525Trp	missense	1.390985079	0.105990471	-0.489501845	benign supporting	FALSE	FALSE
G525H	p.Gly525His	missense	NA	NA	NA	NA	NA	NA
G525Q	p.Gly525Gln	missense	1.633646123	0.190357025	NA	NA	FALSE	TRUE
G525*	p.Gly525*	nonsense	-0.05634271	0.631366885	NA	NA	TRUE	FALSE
E526S	p.Glu526Ser	missense	NA	NA	NA	NA	NA	NA
E526A	p.Glu526Ala	missense	1.116862722	0.541820562	-0.561126109	benign supporting	FALSE	FALSE
E526V	p.Glu526Val	missense	0.951065981	0.365170308	-0.472432137	benign supporting	FALSE	FALSE
E526R	p.Glu526Arg	missense	NA	NA	NA	NA	NA	NA
E526D	p.Glu526Asp	missense	1.993077729	1.678433466	NA	NA	TRUE	TRUE
E526F	p.Glu526Phe	missense	NA	NA	NA	NA	NA	NA
E526T	p.Glu526Thr	missense	1.966431108	2.406945597	NA	NA	TRUE	TRUE
E526I	p.Glu526Ile	missense	1.509172865	0.766881919	NA	NA	FALSE	TRUE
E526L	p.Glu526Leu	missense	1.060311483	1.580647443	NA	NA	TRUE	FALSE
E526K	p.Glu526Lys	missense	0.906940883	0.570810913	NA	NA	TRUE	FALSE
E526G	p.Glu526Gly	missense	0.09014707	1.038978321	NA	NA	TRUE	FALSE
E526Y	p.Glu526Tyr	missense	0.649638978	0.394597423	NA	NA	TRUE	FALSE
E526N	p.Glu526Asn	missense	NA	NA	NA	NA	NA	NA
E526C	p.Glu526Cys	missense	0.797748122	1.018907478	NA	NA	TRUE	FALSE
E526P	p.Glu526Pro	missense	NA	NA	NA	NA	NA	NA
E526E	p.Glu526=	synonymous	0.726033384	0.441280152	NA	NA	TRUE	FALSE
E526M	p.Glu526Met	missense	NA	NA	NA	NA	NA	NA
E526W	p.Glu526Trp	missense	0.118364351	0.765613894	NA	NA	TRUE	FALSE
E526H	p.Glu526His	missense	1.374163309	0.161265177	-0.501201833	benign supporting	FALSE	FALSE
E526Q	p.Glu526Gln	missense	NA	NA	NA	NA	NA	NA
E526*	p.Glu526*	nonsense	0.526289305	0.99677788	NA	NA	TRUE	FALSE
A527S	p.Ala527Ser	missense	1.061790201	0.164073694	-0.544468457	benign supporting	FALSE	FALSE
A527A	p.Ala527=	synonymous	0.847578737	0.130398275	NA	NA	FALSE	FALSE
A527V	p.Ala527Val	missense	0.836648688	0.128616378	-0.347474109	benign supporting	FALSE	FALSE
A527R	p.Ala527Arg	missense	1.247695922	1.576742474	NA	NA	TRUE	FALSE
A527D	p.Ala527Asp	missense	0.879307103	0.096299343	-0.401784315	benign supporting	FALSE	FALSE
A527F	p.Ala527Phe	missense	1.215293355	0.11310904	-0.566245973	benign supporting	FALSE	FALSE
A527T	p.Ala527Thr	missense	1.290149352	0.147811239	-0.548691583	benign supporting	FALSE	FALSE
A527I	p.Ala527Ile	missense	NA	NA	NA	NA	NA	NA
A527L	p.Ala527Leu	missense	0.419246462	1.262663471	NA	NA	TRUE	FALSE
A527K	p.Ala527Lys	missense	1.054445325	0.62632096	NA	NA	TRUE	FALSE
A527G	p.Ala527Gly	missense	0.688005403	0.581899272	NA	NA	TRUE	FALSE
A527Y	p.Ala527Tyr	missense	0.695182796	0.14660916	-0.139090862	indeterminate	FALSE	FALSE
A527N	p.Ala527Asn	missense	0.719661962	0.124883931	-0.175444597	indeterminate	FALSE	FALSE
A527C	p.Ala527Cys	missense	1.039301002	0.14022159	-0.532745687	benign supporting	FALSE	FALSE
A527P	p.Ala527Pro	missense	1.06290989	0.666980234	NA	NA	TRUE	FALSE
A527E	p.Ala527Glu	missense	0.917143092	1.079712214	NA	NA	TRUE	FALSE
A527M	p.Ala527Met	missense	0.655172823	0.814750479	NA	NA	TRUE	FALSE
A527W	p.Ala527Trp	missense	0.829556561	1.010885525	NA	NA	TRUE	FALSE
A527H	p.Ala527His	missense	-0.776328199	0.514139412	4.680194806	pathogenic very strong	FALSE	FALSE
A527Q	p.Ala527Gln	missense	1.120643906	0.172299517	-0.561658018	benign supporting	FALSE	FALSE
A527*	p.Ala527*	nonsense	1.287837526	0.149210285	NA	NA	FALSE	FALSE
E528S	p.Glu528Ser	missense	NA	NA	NA	NA	NA	NA
E528A	p.Glu528Ala	missense	1.482075216	0.178317258	NA	NA	FALSE	TRUE
E528V	p.Glu528Val	missense	1.232294064	1.405001385	NA	NA	TRUE	FALSE
E528R	p.Glu528Arg	missense	1.756333901	0.194358551	NA	NA	FALSE	TRUE
E528D	p.Glu528Asp	missense	0.89494333	1.362989291	NA	NA	TRUE	FALSE
E528F	p.Glu528Phe	missense	NA	NA	NA	NA	NA	NA
E528T	p.Glu528Thr	missense	1.209163257	0.075845763	-0.567175933	benign supporting	FALSE	FALSE
E528I	p.Glu528Ile	missense	NA	NA	NA	NA	NA	NA
E528L	p.Glu528Leu	missense	0.86220143	0.327375046	-0.380602479	benign supporting	FALSE	FALSE
E528K	p.Glu528Lys	missense	0.863848797	0.102560025	-0.382592375	benign supporting	FALSE	FALSE
E528G	p.Glu528Gly	missense	1.102717087	0.224719263	-0.558693914	benign supporting	FALSE	FALSE
E528Y	p.Glu528Tyr	missense	0.256211416	1.37405991	NA	NA	TRUE	FALSE
E528N	p.Glu528Asn	missense	NA	NA	NA	NA	NA	NA
E528C	p.Glu528Cys	missense	NA	NA	NA	NA	NA	NA
E528P	p.Glu528Pro	missense	NA	NA	NA	NA	NA	NA
E528E	p.Glu528=	synonymous	0.989574837	0.125777495	NA	NA	FALSE	FALSE
E528M	p.Glu528Met	missense	NA	NA	NA	NA	NA	NA
E528W	p.Glu528Trp	missense	NA	NA	NA	NA	NA	NA
E528H	p.Glu528His	missense	NA	NA	NA	NA	NA	NA
E528Q	p.Glu528Gln	missense	1.859922356	1.119996169	NA	NA	FALSE	TRUE
E528*	p.Glu528*	nonsense	0.932939304	0.061772502	NA	NA	FALSE	FALSE
G529S	p.Gly529Ser	missense	0.758330984	0.514766375	NA	NA	TRUE	FALSE
G529A	p.Gly529Ala	missense	NA	NA	NA	NA	NA	NA
G529V	p.Gly529Val	missense	0.446356974	0.95181809	NA	NA	TRUE	FALSE
G529R	p.Gly529Arg	missense	1.732117535	0.996038704	NA	NA	FALSE	TRUE
G529D	p.Gly529Asp	missense	1.300144954	0.160340017	-0.544035154	benign supporting	FALSE	FALSE
G529F	p.Gly529Phe	missense	NA	NA	NA	NA	NA	NA
G529T	p.Gly529Thr	missense	0.71445125	2.302966503	NA	NA	TRUE	FALSE
G529I	p.Gly529Ile	missense	NA	NA	NA	NA	NA	NA
G529L	p.Gly529Leu	missense	NA	NA	NA	NA	NA	NA
G529K	p.Gly529Lys	missense	NA	NA	NA	NA	NA	NA
G529G	p.Gly529=	synonymous	NA	NA	NA	NA	NA	NA
G529Y	p.Gly529Tyr	missense	1.400716278	0.175813295	-0.481811468	benign supporting	FALSE	FALSE
G529N	p.Gly529Asn	missense	1.677865025	0.775402076	NA	NA	FALSE	TRUE
G529C	p.Gly529Cys	missense	0.967639769	0.155415957	-0.484575034	benign supporting	FALSE	FALSE
G529P	p.Gly529Pro	missense	NA	NA	NA	NA	NA	NA
G529E	p.Gly529Glu	missense	NA	NA	NA	NA	NA	NA
G529M	p.Gly529Met	missense	NA	NA	NA	NA	NA	NA
G529W	p.Gly529Trp	missense	NA	NA	NA	NA	NA	NA
G529H	p.Gly529His	missense	NA	NA	NA	NA	NA	NA
G529Q	p.Gly529Gln	missense	NA	NA	NA	NA	NA	NA
G529*	p.Gly529*	nonsense	NA	NA	NA	NA	NA	NA
A530S	p.Ala530Ser	missense	1.518692573	0.265931075	NA	NA	FALSE	TRUE
A530A	p.Ala530=	synonymous	0.996276524	0.22182995	NA	NA	FALSE	FALSE
A530V	p.Ala530Val	missense	1.149180324	0.505942307	-0.564663378	benign supporting	FALSE	FALSE
A530R	p.Ala530Arg	missense	NA	NA	NA	NA	NA	NA
A530D	p.Ala530Asp	missense	1.436994038	0.135043492	-0.447121901	benign supporting	FALSE	FALSE
A530F	p.Ala530Phe	missense	NA	NA	NA	NA	NA	NA
A530T	p.Ala530Thr	missense	-0.011583323	0.514638923	NA	NA	TRUE	FALSE
A530I	p.Ala530Ile	missense	NA	NA	NA	NA	NA	NA
A530L	p.Ala530Leu	missense	NA	NA	NA	NA	NA	NA
A530K	p.Ala530Lys	missense	NA	NA	NA	NA	NA	NA
A530G	p.Ala530Gly	missense	0.358806627	1.07635557	NA	NA	TRUE	FALSE
A530Y	p.Ala530Tyr	missense	NA	NA	NA	NA	NA	NA
A530N	p.Ala530Asn	missense	NA	NA	NA	NA	NA	NA
A530C	p.Ala530Cys	missense	NA	NA	NA	NA	NA	NA
A530P	p.Ala530Pro	missense	0.906036162	0.984782275	NA	NA	TRUE	FALSE
A530E	p.Ala530Glu	missense	1.322789564	0.44899238	-0.532549539	benign supporting	FALSE	FALSE
A530M	p.Ala530Met	missense	NA	NA	NA	NA	NA	NA
A530W	p.Ala530Trp	missense	NA	NA	NA	NA	NA	NA
A530H	p.Ala530His	missense	NA	NA	NA	NA	NA	NA
A530Q	p.Ala530Gln	missense	NA	NA	NA	NA	NA	NA
A530*	p.Ala530*	nonsense	NA	NA	NA	NA	NA	NA
E531S	p.Glu531Ser	missense	1.649579317	0.086077736	NA	NA	FALSE	TRUE
E531A	p.Glu531Ala	missense	1.032105582	0.155699614	-0.528662186	benign supporting	FALSE	FALSE
E531V	p.Glu531Val	missense	0.697379938	0.121798704	-0.142514528	indeterminate	FALSE	FALSE
E531R	p.Glu531Arg	missense	1.122008521	0.11545999	-0.561837618	benign supporting	FALSE	FALSE
E531D	p.Glu531Asp	missense	1.113046288	0.933717273	NA	NA	TRUE	FALSE
E531F	p.Glu531Phe	missense	0.224226318	2.171012033	NA	NA	TRUE	FALSE
E531T	p.Glu531Thr	missense	1.211807887	0.10708669	-0.566793594	benign supporting	FALSE	FALSE
E531I	p.Glu531Ile	missense	0.870334673	1.189298674	NA	NA	TRUE	FALSE
E531L	p.Glu531Leu	missense	1.143017233	0.170804223	-0.563760936	benign supporting	FALSE	FALSE
E531K	p.Glu531Lys	missense	1.093908906	0.125539524	-0.556830459	benign supporting	FALSE	FALSE
E531G	p.Glu531Gly	missense	NA	NA	NA	NA	NA	NA
E531Y	p.Glu531Tyr	missense	1.101713952	0.169627296	-0.55849514	benign supporting	FALSE	FALSE
E531N	p.Glu531Asn	missense	NA	NA	NA	NA	NA	NA
E531C	p.Glu531Cys	missense	1.822993837	0.137433551	NA	NA	FALSE	TRUE
E531P	p.Glu531Pro	missense	0.876685958	0.299570361	-0.398515088	benign supporting	FALSE	FALSE
E531E	p.Glu531=	synonymous	0.792334834	0.153995207	NA	NA	FALSE	FALSE
E531M	p.Glu531Met	missense	NA	NA	NA	NA	NA	NA
E531W	p.Glu531Trp	missense	0.356477223	0.104810181	0.430548013	pathogenic supporting	FALSE	FALSE
E531H	p.Glu531His	missense	NA	NA	NA	NA	NA	NA
E531Q	p.Glu531Gln	missense	1.121574725	0.143663506	-0.561781238	benign supporting	FALSE	FALSE
E531*	p.Glu531*	nonsense	0.737782446	0.08252046	NA	NA	FALSE	FALSE
T532S	p.Thr532Ser	missense	1.475812477	1.453403262	NA	NA	TRUE	TRUE
T532A	p.Thr532Ala	missense	1.20172804	0.676400876	-0.568100188	benign supporting	FALSE	FALSE
T532V	p.Thr532Val	missense	NA	NA	NA	NA	NA	NA
T532R	p.Thr532Arg	missense	NA	NA	NA	NA	NA	NA
T532D	p.Thr532Asp	missense	NA	NA	NA	NA	NA	NA
T532F	p.Thr532Phe	missense	NA	NA	NA	NA	NA	NA
T532T	p.Thr532=	synonymous	NA	NA	NA	NA	NA	NA
T532I	p.Thr532Ile	missense	1.645509697	0.223327991	NA	NA	FALSE	TRUE
T532L	p.Thr532Leu	missense	NA	NA	NA	NA	NA	NA
T532K	p.Thr532Lys	missense	NA	NA	NA	NA	NA	NA
T532G	p.Thr532Gly	missense	NA	NA	NA	NA	NA	NA
T532Y	p.Thr532Tyr	missense	2.091216736	2.361689007	NA	NA	TRUE	TRUE
T532N	p.Thr532Asn	missense	-0.164101309	2.078150264	NA	NA	TRUE	FALSE
T532C	p.Thr532Cys	missense	NA	NA	NA	NA	NA	NA
T532P	p.Thr532Pro	missense	1.78000889	1.754250718	NA	NA	TRUE	TRUE
T532E	p.Thr532Glu	missense	0.809695407	0.331013806	NA	NA	TRUE	FALSE
T532M	p.Thr532Met	missense	NA	NA	NA	NA	NA	NA
T532W	p.Thr532Trp	missense	NA	NA	NA	NA	NA	NA
T532H	p.Thr532His	missense	NA	NA	NA	NA	NA	NA
T532Q	p.Thr532Gln	missense	1.020074654	2.056842585	NA	NA	TRUE	FALSE
T532*	p.Thr532*	nonsense	NA	NA	NA	NA	NA	NA
T533S	p.Thr533Ser	missense	0.550167442	1.405243749	NA	NA	TRUE	FALSE
T533A	p.Thr533Ala	missense	1.151757768	0.54271432	-0.565015278	benign supporting	FALSE	FALSE
T533V	p.Thr533Val	missense	-0.215485805	1.411123346	NA	NA	TRUE	FALSE
T533R	p.Thr533Arg	missense	0.734966686	0.924347359	NA	NA	TRUE	FALSE
T533D	p.Thr533Asp	missense	-0.0731129	0.247356453	0.562403414	pathogenic supporting	FALSE	FALSE
T533F	p.Thr533Phe	missense	NA	NA	NA	NA	NA	NA
T533T	p.Thr533=	synonymous	1.10188046	0.761351072	NA	NA	TRUE	FALSE
T533I	p.Thr533Ile	missense	1.201513828	0.165753372	-0.568123564	benign supporting	FALSE	FALSE
T533L	p.Thr533Leu	missense	1.234702912	0.264947312	-0.564004511	benign supporting	FALSE	FALSE
T533K	p.Thr533Lys	missense	0.195190355	0.50158333	NA	NA	TRUE	FALSE
T533G	p.Thr533Gly	missense	1.762449558	0.388298569	NA	NA	FALSE	TRUE
T533Y	p.Thr533Tyr	missense	-1.57748862	0.400849801	3.916025977	pathogenic very strong	FALSE	FALSE
T533N	p.Thr533Asn	missense	NA	NA	NA	NA	NA	NA
T533C	p.Thr533Cys	missense	0.068097052	0.52884398	NA	NA	TRUE	FALSE
T533P	p.Thr533Pro	missense	-1.061666062	1.519691806	4.414675453	pathogenic very strong	FALSE	FALSE
T533E	p.Thr533Glu	missense	0.500140305	0.426791948	NA	NA	TRUE	FALSE
T533M	p.Thr533Met	missense	0.883470722	0.227107142	-0.406897045	benign supporting	FALSE	FALSE
T533W	p.Thr533Trp	missense	1.799924374	0.227517415	NA	NA	FALSE	TRUE
T533H	p.Thr533His	missense	1.165576868	0.094765211	-0.566518658	benign supporting	FALSE	FALSE
T533Q	p.Thr533Gln	missense	0.552499731	0.152118464	NA	NA	TRUE	FALSE
T533*	p.Thr533*	nonsense	1.194657122	0.206866022	NA	NA	FALSE	FALSE
K534S	p.Lys534Ser	missense	0.892694317	0.136280566	-0.417885668	benign supporting	FALSE	FALSE
K534A	p.Lys534Ala	missense	-0.764401746	0.541225293	4.691115597	pathogenic very strong	FALSE	FALSE
K534V	p.Lys534Val	missense	-0.09884079	0.975419795	NA	NA	TRUE	FALSE
K534R	p.Lys534Arg	missense	1.156980043	0.848782595	NA	NA	TRUE	FALSE
K534D	p.Lys534Asp	missense	0.715359333	1.959884302	NA	NA	TRUE	FALSE
K534F	p.Lys534Phe	missense	NA	NA	NA	NA	NA	NA
K534T	p.Lys534Thr	missense	0.57348801	0.198334762	NA	NA	TRUE	FALSE
K534I	p.Lys534Ile	missense	NA	NA	NA	NA	NA	NA
K534L	p.Lys534Leu	missense	0.952629622	0.517968907	NA	NA	TRUE	FALSE
K534K	p.Lys534=	synonymous	1.114095114	0.155727728	NA	NA	FALSE	FALSE
K534G	p.Lys534Gly	missense	0.925567272	0.107042468	-0.451589031	benign supporting	FALSE	FALSE
K534Y	p.Lys534Tyr	missense	1.316184471	0.115230809	-0.535594808	benign supporting	FALSE	FALSE
K534N	p.Lys534Asn	missense	NA	NA	NA	NA	NA	NA
K534C	p.Lys534Cys	missense	1.290820973	0.128990831	-0.548394725	benign supporting	FALSE	FALSE
K534P	p.Lys534Pro	missense	1.036581279	0.175053785	-0.531221564	benign supporting	FALSE	FALSE
K534E	p.Lys534Glu	missense	1.090041078	0.097091726	-0.555928188	benign supporting	FALSE	FALSE
K534M	p.Lys534Met	missense	1.094059579	0.128976151	-0.556864572	benign supporting	FALSE	FALSE
K534W	p.Lys534Trp	missense	NA	NA	NA	NA	NA	NA
K534H	p.Lys534His	missense	-2.427694137	0.956464127	0	indeterminate	FALSE	FALSE
K534Q	p.Lys534Gln	missense	NA	NA	NA	NA	NA	NA
K534*	p.Lys534*	nonsense	1.281972594	0.173546469	NA	NA	FALSE	FALSE
R535S	p.Arg535Ser	missense	0.700173292	0.883122619	NA	NA	TRUE	FALSE
R535A	p.Arg535Ala	missense	NA	NA	NA	NA	NA	NA
R535V	p.Arg535Val	missense	0.01413129	1.36566519	NA	NA	TRUE	FALSE
R535R	p.Arg535=	synonymous	0.946041865	0.260860069	NA	NA	FALSE	FALSE
R535D	p.Arg535Asp	missense	NA	NA	NA	NA	NA	NA
R535F	p.Arg535Phe	missense	0.862597599	1.357592093	NA	NA	TRUE	FALSE
R535T	p.Arg535Thr	missense	1.277457288	2.254249123	NA	NA	TRUE	FALSE
R535I	p.Arg535Ile	missense	0.966786793	2.235208765	NA	NA	TRUE	FALSE
R535L	p.Arg535Leu	missense	1.145057836	0.537212054	-0.564054466	benign supporting	FALSE	FALSE
R535K	p.Arg535Lys	missense	0.474631809	0.271404183	NA	NA	TRUE	FALSE
R535G	p.Arg535Gly	missense	0.107172286	0.746652956	NA	NA	TRUE	FALSE
R535Y	p.Arg535Tyr	missense	NA	NA	NA	NA	NA	NA
R535N	p.Arg535Asn	missense	NA	NA	NA	NA	NA	NA
R535C	p.Arg535Cys	missense	1.067668964	0.360561614	-0.547279558	benign supporting	FALSE	FALSE
R535P	p.Arg535Pro	missense	-0.248350789	0.648648649	0.731714363	pathogenic moderate	FALSE	FALSE
R535E	p.Arg535Glu	missense	NA	NA	NA	NA	NA	NA
R535M	p.Arg535Met	missense	NA	NA	NA	NA	NA	NA
R535W	p.Arg535Trp	missense	1.227080822	1.808617099	NA	NA	TRUE	FALSE
R535H	p.Arg535His	missense	NA	NA	NA	NA	NA	NA
R535Q	p.Arg535Gln	missense	-2.157954963	1.322587346	0	indeterminate	FALSE	FALSE
R535*	p.Arg535*	nonsense	0.516155934	1.021348138	NA	NA	TRUE	FALSE
P536S	p.Pro536Ser	missense	1.322773135	0.308561621	-0.532557394	benign supporting	FALSE	FALSE
P536A	p.Pro536Ala	missense	1.598024351	0.354610902	NA	NA	FALSE	TRUE
P536V	p.Pro536Val	missense	0.953939979	0.237331777	-0.474613608	benign supporting	FALSE	FALSE
P536R	p.Pro536Arg	missense	0.296221322	0.656018085	NA	NA	TRUE	FALSE
P536D	p.Pro536Asp	missense	0.597655275	0.302954276	NA	NA	TRUE	FALSE
P536F	p.Pro536Phe	missense	2.70471209	0.37669599	NA	NA	FALSE	TRUE
P536T	p.Pro536Thr	missense	0.359213812	2.056210611	NA	NA	TRUE	FALSE
P536I	p.Pro536Ile	missense	NA	NA	NA	NA	NA	NA
P536L	p.Pro536Leu	missense	1.214157711	0.309666937	-0.566429897	benign supporting	FALSE	FALSE
P536K	p.Pro536Lys	missense	0.384631547	1.991167018	NA	NA	TRUE	FALSE
P536G	p.Pro536Gly	missense	-1.919957691	0.624782697	3.20761632	pathogenic very strong	FALSE	FALSE
P536Y	p.Pro536Tyr	missense	0.847239952	0.509962116	NA	NA	TRUE	FALSE
P536N	p.Pro536Asn	missense	NA	NA	NA	NA	NA	NA
P536C	p.Pro536Cys	missense	NA	NA	NA	NA	NA	NA
P536P	p.Pro536=	synonymous	0.988938502	0.59833148	NA	NA	TRUE	FALSE
P536E	p.Pro536Glu	missense	NA	NA	NA	NA	NA	NA
P536M	p.Pro536Met	missense	NA	NA	NA	NA	NA	NA
P536W	p.Pro536Trp	missense	NA	NA	NA	NA	NA	NA
P536H	p.Pro536His	missense	0.594734536	0.187031894	NA	NA	TRUE	FALSE
P536Q	p.Pro536Gln	missense	0.226813004	0.617913568	NA	NA	TRUE	FALSE
P536*	p.Pro536*	nonsense	-2.236988564	1.101900616	NA	NA	FALSE	FALSE
A537S	p.Ala537Ser	missense	0.209421556	0.818766047	NA	NA	TRUE	FALSE
A537A	p.Ala537=	synonymous	1.192734592	0.198736891	NA	NA	FALSE	FALSE
A537V	p.Ala537Val	missense	NA	NA	NA	NA	NA	NA
A537R	p.Ala537Arg	missense	NA	NA	NA	NA	NA	NA
A537D	p.Ala537Asp	missense	0.811157187	0.220274984	-0.311112382	indeterminate	FALSE	FALSE
A537F	p.Ala537Phe	missense	NA	NA	NA	NA	NA	NA
A537T	p.Ala537Thr	missense	0.648243968	0.160911084	NA	NA	TRUE	FALSE
A537I	p.Ala537Ile	missense	NA	NA	NA	NA	NA	NA
A537L	p.Ala537Leu	missense	-1.879499836	0.911931754	3.405581686	pathogenic very strong	FALSE	FALSE
A537K	p.Ala537Lys	missense	NA	NA	NA	NA	NA	NA
A537G	p.Ala537Gly	missense	1.076710773	0.140360164	-0.551402677	benign supporting	FALSE	FALSE
A537Y	p.Ala537Tyr	missense	NA	NA	NA	NA	NA	NA
A537N	p.Ala537Asn	missense	NA	NA	NA	NA	NA	NA
A537C	p.Ala537Cys	missense	NA	NA	NA	NA	NA	NA
A537P	p.Ala537Pro	missense	1.695234191	0.190788907	NA	NA	FALSE	TRUE
A537E	p.Ala537Glu	missense	0.239975371	1.891011816	NA	NA	TRUE	FALSE
A537M	p.Ala537Met	missense	NA	NA	NA	NA	NA	NA
A537W	p.Ala537Trp	missense	NA	NA	NA	NA	NA	NA
A537H	p.Ala537His	missense	NA	NA	NA	NA	NA	NA
A537Q	p.Ala537Gln	missense	NA	NA	NA	NA	NA	NA
A537*	p.Ala537*	nonsense	NA	NA	NA	NA	NA	NA
V538S	p.Val538Ser	missense	1.034800889	0.196203674	-0.530211129	benign supporting	FALSE	FALSE
V538A	p.Val538Ala	missense	0.564319546	1.32722147	NA	NA	TRUE	FALSE
V538V	p.Val538=	synonymous	NA	NA	NA	NA	NA	NA
V538R	p.Val538Arg	missense	1.063796681	0.772331018	NA	NA	TRUE	FALSE
V538D	p.Val538Asp	missense	0.230077521	0.166083255	0.572904769	pathogenic supporting	FALSE	FALSE
V538F	p.Val538Phe	missense	NA	NA	NA	NA	NA	NA
V538T	p.Val538Thr	missense	NA	NA	NA	NA	NA	NA
V538I	p.Val538Ile	missense	1.298548238	0.135010672	-0.544813786	benign supporting	FALSE	FALSE
V538L	p.Val538Leu	missense	1.212684427	1.104100335	NA	NA	TRUE	FALSE
V538K	p.Val538Lys	missense	0.973200836	2.227277902	NA	NA	TRUE	FALSE
V538G	p.Val538Gly	missense	0.944514633	0.200838501	-0.467336279	benign supporting	FALSE	FALSE
V538Y	p.Val538Tyr	missense	NA	NA	NA	NA	NA	NA
V538N	p.Val538Asn	missense	NA	NA	NA	NA	NA	NA
V538C	p.Val538Cys	missense	0.468692334	0.134383827	NA	NA	TRUE	FALSE
V538P	p.Val538Pro	missense	-0.80920919	2.382738599	NA	NA	TRUE	FALSE
V538E	p.Val538Glu	missense	1.782515611	2.318042791	NA	NA	TRUE	TRUE
V538M	p.Val538Met	missense	1.136064115	0.227374168	-0.563301325	benign supporting	FALSE	FALSE
V538W	p.Val538Trp	missense	0.988784391	0.140774034	-0.500419216	benign supporting	FALSE	FALSE
V538H	p.Val538His	missense	0.952636067	0.165105747	-0.473627922	benign supporting	FALSE	FALSE
V538Q	p.Val538Gln	missense	2.12348311	0.27934004	NA	NA	FALSE	TRUE
V538*	p.Val538*	nonsense	1.78119424	0.220707214	NA	NA	FALSE	TRUE
C539S	p.Cys539Ser	missense	1.357806694	0.661463	-0.512341632	benign supporting	FALSE	FALSE
C539A	p.Cys539Ala	missense	0.322550161	0.151700623	0.476655797	pathogenic supporting	FALSE	FALSE
C539V	p.Cys539Val	missense	0.956655183	0.135819872	-0.476644848	benign supporting	FALSE	FALSE
C539R	p.Cys539Arg	missense	0.948977722	0.117327593	-0.470826551	benign supporting	FALSE	FALSE
C539D	p.Cys539Asp	missense	1.089645348	0.169523531	-0.55583299	benign supporting	FALSE	FALSE
C539F	p.Cys539Phe	missense	0.879518488	0.065477893	-0.402046245	benign supporting	FALSE	FALSE
C539T	p.Cys539Thr	missense	1.050610081	0.149372077	-0.538834881	benign supporting	FALSE	FALSE
C539I	p.Cys539Ile	missense	0.936626255	0.090780166	-0.460966886	benign supporting	FALSE	FALSE
C539L	p.Cys539Leu	missense	1.241529215	0.122827768	-0.56307197	benign supporting	FALSE	FALSE
C539K	p.Cys539Lys	missense	0.773518207	0.156803871	-0.257039003	indeterminate	FALSE	FALSE
C539G	p.Cys539Gly	missense	NA	NA	NA	NA	NA	NA
C539Y	p.Cys539Tyr	missense	0.947257203	0.160425608	-0.469490594	benign supporting	FALSE	FALSE
C539N	p.Cys539Asn	missense	0.916895068	0.10662231	-0.443850713	benign supporting	FALSE	FALSE
C539C	p.Cys539=	synonymous	1.166614497	0.143050589	NA	NA	FALSE	FALSE
C539P	p.Cys539Pro	missense	1.216580021	0.128325535	-0.566031126	benign supporting	FALSE	FALSE
C539E	p.Cys539Glu	missense	1.376305482	0.206768645	-0.499817028	benign supporting	FALSE	FALSE
C539M	p.Cys539Met	missense	1.005665288	0.119440314	-0.512198899	benign supporting	FALSE	FALSE
C539W	p.Cys539Trp	missense	NA	NA	NA	NA	NA	NA
C539H	p.Cys539His	missense	1.257639266	0.142242422	-0.560117663	benign supporting	FALSE	FALSE
C539Q	p.Cys539Gln	missense	1.255761411	0.127872498	-0.560518304	benign supporting	FALSE	FALSE
C539*	p.Cys539*	nonsense	1.03079872	0.142446682	NA	NA	FALSE	FALSE
A540S	p.Ala540Ser	missense	0.59753631	0.149747335	NA	NA	TRUE	FALSE
A540A	p.Ala540=	synonymous	1.844664351	0.79817082	NA	NA	FALSE	TRUE
A540V	p.Ala540Val	missense	1.080633669	0.273604801	-0.553116591	benign supporting	FALSE	FALSE
A540R	p.Ala540Arg	missense	NA	NA	NA	NA	NA	NA
A540D	p.Ala540Asp	missense	0.558134844	0.167674344	NA	NA	TRUE	FALSE
A540F	p.Ala540Phe	missense	NA	NA	NA	NA	NA	NA
A540T	p.Ala540Thr	missense	1.317907717	0.170353393	-0.534821847	benign supporting	FALSE	FALSE
A540I	p.Ala540Ile	missense	0.521629912	2.143148781	NA	NA	TRUE	FALSE
A540L	p.Ala540Leu	missense	1.630673387	0.152708338	NA	NA	FALSE	TRUE
A540K	p.Ala540Lys	missense	0.831695674	0.54634194	NA	NA	TRUE	FALSE
A540G	p.Ala540Gly	missense	1.583159721	1.292591871	NA	NA	TRUE	TRUE
A540Y	p.Ala540Tyr	missense	1.900682154	0.239036518	NA	NA	FALSE	TRUE
A540N	p.Ala540Asn	missense	NA	NA	NA	NA	NA	NA
A540C	p.Ala540Cys	missense	NA	NA	NA	NA	NA	NA
A540P	p.Ala540Pro	missense	0.598968457	1.035095618	NA	NA	TRUE	FALSE
A540E	p.Ala540Glu	missense	1.048626865	0.154865316	-0.537795727	benign supporting	FALSE	FALSE
A540M	p.Ala540Met	missense	1.089805447	1.055963469	NA	NA	TRUE	FALSE
A540W	p.Ala540Trp	missense	NA	NA	NA	NA	NA	NA
A540H	p.Ala540His	missense	0.750616325	0.654843589	NA	NA	TRUE	FALSE
A540Q	p.Ala540Gln	missense	0.980597155	0.153962378	-0.494325973	benign supporting	FALSE	FALSE
A540*	p.Ala540*	nonsense	0.351374699	0.186586599	NA	NA	TRUE	FALSE
A541S	p.Ala541Ser	missense	0.72973259	0.320765754	NA	NA	TRUE	FALSE
A541A	p.Ala541=	synonymous	0.949312911	0.1519226	NA	NA	FALSE	FALSE
A541V	p.Ala541Val	missense	0.59131099	0.17413373	NA	NA	TRUE	FALSE
A541R	p.Ala541Arg	missense	0.268855506	0.69308849	NA	NA	TRUE	FALSE
A541D	p.Ala541Asp	missense	0.625442494	0.266312179	NA	NA	TRUE	FALSE
A541F	p.Ala541Phe	missense	NA	NA	NA	NA	NA	NA
A541T	p.Ala541Thr	missense	0.833286104	0.121497033	-0.34238625	benign supporting	FALSE	FALSE
A541I	p.Ala541Ile	missense	1.37665519	0.580794665	-0.499588152	benign supporting	FALSE	FALSE
A541L	p.Ala541Leu	missense	0.928776909	0.155076124	-0.454366148	benign supporting	FALSE	FALSE
A541K	p.Ala541Lys	missense	0.207984096	0.312588646	NA	NA	TRUE	FALSE
A541G	p.Ala541Gly	missense	1.225703915	0.379142631	-0.56495635	benign supporting	FALSE	FALSE
A541Y	p.Ala541Tyr	missense	-0.40252781	1.92825983	NA	NA	TRUE	FALSE
A541N	p.Ala541Asn	missense	NA	NA	NA	NA	NA	NA
A541C	p.Ala541Cys	missense	1.578464066	0.132488137	NA	NA	FALSE	TRUE
A541P	p.Ala541Pro	missense	0.715623433	0.185679277	-0.169441167	indeterminate	FALSE	FALSE
A541E	p.Ala541Glu	missense	0.472765139	0.136024329	NA	NA	TRUE	FALSE
A541M	p.Ala541Met	missense	0.939212948	0.173908816	-0.463084153	benign supporting	FALSE	FALSE
A541W	p.Ala541Trp	missense	1.407347202	0.110986869	-0.476146953	benign supporting	FALSE	FALSE
A541H	p.Ala541His	missense	0.254829006	2.242900347	NA	NA	TRUE	FALSE
A541Q	p.Ala541Gln	missense	1.777856857	0.240922126	NA	NA	FALSE	TRUE
A541*	p.Ala541*	nonsense	-0.680365629	2.09361952	NA	NA	TRUE	FALSE
V542S	p.Val542Ser	missense	1.231294476	0.260723417	-0.564401657	benign supporting	FALSE	FALSE
V542A	p.Val542Ala	missense	1.270364561	0.148777141	-0.55699233	benign supporting	FALSE	FALSE
V542V	p.Val542=	synonymous	2.185057932	1.140885897	NA	NA	FALSE	TRUE
V542R	p.Val542Arg	missense	NA	NA	NA	NA	NA	NA
V542D	p.Val542Asp	missense	NA	NA	NA	NA	NA	NA
V542F	p.Val542Phe	missense	1.192782662	0.335167374	-0.568924358	benign supporting	FALSE	FALSE
V542T	p.Val542Thr	missense	1.272774015	1.516723672	NA	NA	TRUE	FALSE
V542I	p.Val542Ile	missense	0.23000678	1.104805539	NA	NA	TRUE	FALSE
V542L	p.Val542Leu	missense	0.835637093	1.601498133	NA	NA	TRUE	FALSE
V542K	p.Val542Lys	missense	NA	NA	NA	NA	NA	NA
V542G	p.Val542Gly	missense	1.618337009	0.920528467	NA	NA	FALSE	TRUE
V542Y	p.Val542Tyr	missense	0.801651602	0.205492784	-0.297680447	indeterminate	FALSE	FALSE
V542N	p.Val542Asn	missense	NA	NA	NA	NA	NA	NA
V542C	p.Val542Cys	missense	NA	NA	NA	NA	NA	NA
V542P	p.Val542Pro	missense	-0.118885423	2.156735733	NA	NA	TRUE	FALSE
V542E	p.Val542Glu	missense	NA	NA	NA	NA	NA	NA
V542M	p.Val542Met	missense	NA	NA	NA	NA	NA	NA
V542W	p.Val542Trp	missense	NA	NA	NA	NA	NA	NA
V542H	p.Val542His	missense	NA	NA	NA	NA	NA	NA
V542Q	p.Val542Gln	missense	NA	NA	NA	NA	NA	NA
V542*	p.Val542*	nonsense	0.877199835	0.237621475	NA	NA	FALSE	FALSE
L543S	p.Leu543Ser	missense	1.399022219	0.950163051	NA	NA	TRUE	FALSE
L543A	p.Leu543Ala	missense	0.984754707	0.8168583	NA	NA	TRUE	FALSE
L543V	p.Leu543Val	missense	0.607862326	1.291952955	NA	NA	TRUE	FALSE
L543R	p.Leu543Arg	missense	1.453849888	0.097298228	NA	NA	FALSE	FALSE
L543D	p.Leu543Asp	missense	1.60354438	1.699083049	NA	NA	TRUE	TRUE
L543F	p.Leu543Phe	missense	NA	NA	NA	NA	NA	NA
L543T	p.Leu543Thr	missense	1.004204009	0.117578102	-0.511219617	benign supporting	FALSE	FALSE
L543I	p.Leu543Ile	missense	0.393486226	0.227709206	NA	NA	TRUE	FALSE
L543L	p.Leu543=	synonymous	1.219066354	0.1637308	NA	NA	FALSE	FALSE
L543K	p.Leu543Lys	missense	0.31310292	2.217840172	NA	NA	TRUE	FALSE
L543G	p.Leu543Gly	missense	-1.812455844	1.106750358	3.602104687	pathogenic very strong	FALSE	FALSE
L543Y	p.Leu543Tyr	missense	NA	NA	NA	NA	NA	NA
L543N	p.Leu543Asn	missense	1.547516055	0.137332107	NA	NA	FALSE	TRUE
L543C	p.Leu543Cys	missense	-0.589049223	0.67315121	4.807815277	pathogenic very strong	FALSE	FALSE
L543P	p.Leu543Pro	missense	1.208165994	0.506356834	-0.567312748	benign supporting	FALSE	FALSE
L543E	p.Leu543Glu	missense	1.45186108	0.097048203	-0.432303032	benign supporting	FALSE	FALSE
L543M	p.Leu543Met	missense	1.365543852	0.146292394	-0.506845338	benign supporting	FALSE	FALSE
L543W	p.Leu543Trp	missense	NA	NA	NA	NA	NA	NA
L543H	p.Leu543His	missense	1.349013997	1.903137727	NA	NA	TRUE	FALSE
L543Q	p.Leu543Gln	missense	NA	NA	NA	NA	NA	NA
L543*	p.Leu543*	nonsense	1.150732651	0.572644167	NA	NA	FALSE	FALSE